const uint8_t opensanshebrew_bold_webfont8pt8bBitmaps[] PROGMEM = {
  0x00, 0xFF, 0xFF, 0xCF, 0xCF, 0x3C, 0xF3, 0x1B, 0x06, 0xC7, 0xFD, 0xFF,
  0x36, 0x0D, 0x8F, 0xF3, 0xFC, 0x6C, 0x1B, 0x06, 0xC0, 0x10, 0xFB, 0xFE,
  0x8F, 0x0F, 0x0F, 0x0B, 0x97, 0xFD, 0xF0, 0x80, 0x70, 0xC7, 0xCC, 0x36,
  0x61, 0xB6, 0x0D, 0xBE, 0x6F, 0x7B, 0xDE, 0x6F, 0xB3, 0x0D, 0x98, 0x4C,
  0xC6, 0x7E, 0x21, 0xE0, 0x3C, 0x0F, 0xC1, 0x98, 0x33, 0x07, 0xC0, 0x70,
  0x1F, 0x36, 0x6E, 0xC7, 0x98, 0x73, 0xFE, 0x3E, 0xE0, 0xFF, 0x36, 0x6E,
  0xCC, 0xCC, 0xCC, 0xE6, 0x63, 0xC6, 0x63, 0x33, 0x33, 0x33, 0x76, 0x6C,
  0x18, 0x18, 0x4B, 0x7F, 0x1C, 0x36, 0x76, 0x30, 0xCF, 0xFF, 0x30, 0xC0,
  0x6D, 0x60, 0xFF, 0xF0, 0x0C, 0x18, 0x70, 0xC1, 0x87, 0x0C, 0x18, 0x70,
  0xC1, 0x86, 0x00, 0x38, 0xFB, 0xBE, 0x3C, 0x78, 0xF1, 0xE3, 0xC7, 0xDD,
  0xF1, 0xC0, 0x19, 0xFF, 0xB1, 0x8C, 0x63, 0x18, 0xC6, 0x30, 0x7C, 0xFE,
  0xC6, 0x06, 0x06, 0x0C, 0x1C, 0x18, 0x30, 0x60, 0xFF, 0xFF, 0x7D, 0xFD,
  0x18, 0x30, 0x67, 0x0F, 0x03, 0x06, 0x0F, 0xFF, 0xC0, 0x06, 0x0E, 0x0E,
  0x1E, 0x36, 0x36, 0x66, 0xE6, 0xFF, 0xFF, 0x06, 0x06, 0xFD, 0xFB, 0x06,
  0x0F, 0x9F, 0x83, 0x83, 0x06, 0x1F, 0xF7, 0xC0, 0x1C, 0xF9, 0x86, 0x0D,
  0xDF, 0xF1, 0xE3, 0xC7, 0xCD, 0xF1, 0xC0, 0xFF, 0xFF, 0xC0, 0xC0, 0xE0,
  0x60, 0x70, 0x30, 0x38, 0x18, 0x1C, 0x0E, 0x00, 0x7D, 0xFF, 0x1E, 0x3E,
  0xEF, 0x9F, 0x67, 0xC7, 0x8F, 0xFB, 0xE0, 0x38, 0xFB, 0x3E, 0x3C, 0x78,
  0xFF, 0xBB, 0x06, 0x19, 0xF3, 0x80, 0xF0, 0x03, 0xC0, 0x6C, 0x00, 0x03,
  0x6B, 0x00, 0x02, 0x1C, 0xF7, 0x8C, 0x0F, 0x07, 0x83, 0xFF, 0xFC, 0x07,
  0xFF, 0xE0, 0x81, 0xC1, 0xE0, 0xF0, 0x67, 0xBC, 0x60, 0x7D, 0xFF, 0x18,
  0x30, 0xE3, 0x8E, 0x18, 0x30, 0x00, 0xC1, 0x80, 0x0F, 0xC1, 0xFF, 0x1E,
  0x1C, 0xCF, 0x7E, 0xFD, 0xEC, 0x4F, 0x62, 0x7B, 0x33, 0xDF, 0xF7, 0x73,
  0x1C, 0x00, 0x7F, 0x81, 0xF8, 0x00, 0x1E, 0x07, 0x81, 0xE0, 0xFC, 0x33,
  0x0C, 0xC3, 0x31, 0xFE, 0x7F, 0x98, 0x6C, 0x0F, 0x03, 0xFC, 0xFF, 0xC3,
  0xC3, 0xC3, 0xFE, 0xFE, 0xC3, 0xC3, 0xC3, 0xFE, 0xFC, 0x1F, 0x7F, 0x61,
  0xE0, 0xC0, 0xC0, 0xC0, 0xC0, 0xC0, 0x61, 0x7F, 0x3F, 0xFC, 0x7F, 0x30,
  0xD8, 0x7C, 0x1E, 0x0F, 0x07, 0x83, 0xC3, 0xE3, 0xBF, 0x9F, 0x80, 0xFF,
  0xFC, 0x30, 0xC3, 0xFF, 0xF0, 0xC3, 0x0F, 0xFF, 0xFF, 0xFC, 0x30, 0xC3,
  0xFF, 0xF0, 0xC3, 0x0C, 0x30, 0x1F, 0x9F, 0xDC, 0x1C, 0x0C, 0x06, 0x3F,
  0x1F, 0x83, 0xE1, 0xB8, 0xDF, 0xE3, 0xF0, 0xC1, 0xE0, 0xF0, 0x78, 0x3C,
  0x1F, 0xFF, 0xFF, 0x83, 0xC1, 0xE0, 0xF0, 0x78, 0x30, 0xFF, 0xFF, 0xFF,
  0x18, 0xC6, 0x31, 0x8C, 0x63, 0x18, 0xC6, 0x31, 0xFF, 0xC0, 0xC3, 0x63,
  0xB3, 0x9B, 0x8D, 0x87, 0xC3, 0xE1, 0xB8, 0xCE, 0x63, 0x31, 0xD8, 0x60,
  0xC1, 0x83, 0x06, 0x0C, 0x18, 0x30, 0x60, 0xC1, 0x83, 0xFF, 0xF0, 0xF0,
  0x7F, 0x07, 0xF0, 0xFD, 0x8F, 0xD8, 0xBD, 0x9B, 0xCD, 0xBC, 0xD3, 0xCD,
  0x3C, 0x73, 0xC6, 0x3C, 0x63, 0xE0, 0xFC, 0x3F, 0x0F, 0xE3, 0xD8, 0xF7,
  0x3C, 0xEF, 0x1B, 0xC7, 0xF0, 0xFC, 0x3F, 0x07, 0x3F, 0x1F, 0xE6, 0x1B,
  0x03, 0xC0, 0xF0, 0x3C, 0x0F, 0x03, 0xC0, 0xD8, 0x67, 0xF8, 0xFC, 0xFC,
  0xFE, 0xC7, 0xC3, 0xC3, 0xC7, 0xFE, 0xFC, 0xC0, 0xC0, 0xC0, 0xC0, 0x3F,
  0x1F, 0xE6, 0x1B, 0x03, 0xC0, 0xF0, 0x3C, 0x0F, 0x03, 0xC0, 0xD8, 0x67,
  0xF8, 0x7C, 0x03, 0x80, 0x70, 0xFC, 0x3F, 0xCC, 0x33, 0x0C, 0xC7, 0x3F,
  0x8F, 0xC3, 0x38, 0xC6, 0x31, 0xCC, 0x3B, 0x06, 0x3D, 0xFF, 0x16, 0x0E,
  0x0F, 0x0F, 0x07, 0x07, 0x0F, 0xFF, 0xE0, 0xFF, 0xFF, 0x18, 0x18, 0x18,
  0x18, 0x18, 0x18, 0x18, 0x18, 0x18, 0x18, 0xC1, 0xE0, 0xF0, 0x78, 0x3C,
  0x1E, 0x0F, 0x07, 0x83, 0xC1, 0xF1, 0xDF, 0xC7, 0xC0, 0xC0, 0xF0, 0x36,
  0x19, 0x86, 0x61, 0x8C, 0xC3, 0x30, 0xCC, 0x1E, 0x07, 0x81, 0xE0, 0x78,
  0xC3, 0x87, 0x87, 0x0D, 0x8E, 0x33, 0x1E, 0x66, 0x6C, 0xCC, 0xD9, 0x9D,
  0xB3, 0x1F, 0x3C, 0x3C, 0x78, 0x78, 0xF0, 0xF1, 0xE1, 0xE1, 0xC0, 0x60,
  0xCE, 0x38, 0xCE, 0x1D, 0x81, 0xF0, 0x1C, 0x07, 0x80, 0xF8, 0x3B, 0x06,
  0x71, 0x87, 0x70, 0x60, 0xE1, 0xD8, 0x67, 0x30, 0xCC, 0x1E, 0x07, 0x80,
  0xC0, 0x30, 0x0C, 0x03, 0x00, 0xC0, 0x30, 0x7F, 0xBF, 0xC0, 0xC0, 0xC0,
  0xE0, 0x60, 0x70, 0x70, 0x30, 0x38, 0x3F, 0xFF, 0xF0, 0xFF, 0xCC, 0xCC,
  0xCC, 0xCC, 0xCC, 0xCF, 0xF0, 0xC0, 0xC1, 0x83, 0x83, 0x06, 0x0E, 0x0C,
  0x18, 0x38, 0x30, 0x60, 0xFF, 0x33, 0x33, 0x33, 0x33, 0x33, 0x3F, 0xF0,
  0x18, 0x18, 0x3C, 0x34, 0x66, 0x62, 0xC3, 0xFE, 0xE3, 0x7C, 0xFC, 0x1B,
  0xFF, 0xF8, 0xF1, 0xFF, 0x76, 0xC0, 0xC0, 0xC0, 0xDE, 0xFE, 0xE7, 0xC3,
  0xC3, 0xC3, 0xE7, 0xFE, 0xDE, 0x3C, 0xFB, 0x86, 0x0C, 0x18, 0x38, 0x3E,
  0x3C, 0x03, 0x03, 0x03, 0x3B, 0x7F, 0xE7, 0xC3, 0xC3, 0xC3, 0xC3, 0x7F,
  0x7B, 0x3C, 0x7E, 0xC3, 0xFF, 0xFF, 0xC0, 0xE1, 0x7F, 0x3E, 0x3D, 0xF6,
  0x3E, 0xF9, 0x86, 0x18, 0x61, 0x86, 0x18, 0x3F, 0xBF, 0x98, 0xCC, 0x66,
  0x31, 0xF8, 0xF0, 0xFE, 0x7F, 0xE0, 0xF0, 0x7F, 0xE7, 0xE0, 0xC0, 0xC0,
  0xC0, 0xDE, 0xFF, 0xE3, 0xC3, 0xC3, 0xC3, 0xC3, 0xC3, 0xC3, 0xF3, 0xFF,
  0xFF, 0x33, 0x03, 0x33, 0x33, 0x33, 0x33, 0x33, 0xFE, 0xC0, 0xC0, 0xC0,
  0xC7, 0xCE, 0xDC, 0xF8, 0xF8, 0xFC, 0xCC, 0xCE, 0xC7, 0xFF, 0xFF, 0xFF,
  0xDE, 0x77, 0xFF, 0xF8, 0xE7, 0x86, 0x3C, 0x31, 0xE1, 0x8F, 0x0C, 0x78,
  0x63, 0xC3, 0x18, 0xDE, 0xFF, 0xE3, 0xC3, 0xC3, 0xC3, 0xC3, 0xC3, 0xC3,
  0x3C, 0x7E, 0xE7, 0xC3, 0xC3, 0xC3, 0xE7, 0x7E, 0x3C, 0xDE, 0xFE, 0xE7,
  0xC3, 0xC3, 0xC3, 0xE7, 0xFE, 0xDC, 0xC0, 0xC0, 0xC0, 0xC0, 0x7B, 0x7F,
  0xE3, 0xC3, 0xC3, 0xC3, 0xC3, 0x7F, 0x7B, 0x03, 0x03, 0x03, 0x03, 0xDF,
  0xF9, 0x8C, 0x63, 0x18, 0xC0, 0x7B, 0xFC, 0x38, 0x78, 0x70, 0xFF, 0xF8,
  0x67, 0xFE, 0xC6, 0x31, 0x8C, 0x79, 0xC0, 0xC3, 0xC3, 0xC3, 0xC3, 0xC3,
  0xC3, 0xC7, 0xFF, 0x7B, 0xE3, 0xB1, 0xD8, 0xCE, 0xE3, 0x61, 0xB0, 0xD8,
  0x38, 0x1C, 0x00, 0xC7, 0x1E, 0x3C, 0xD9, 0xEC, 0xDB, 0x66, 0xDB, 0x16,
  0xD0, 0xF3, 0x87, 0x1C, 0x38, 0xE0, 0x63, 0xBB, 0x8D, 0x87, 0xC1, 0xC1,
  0xF0, 0xDC, 0xE6, 0xE3, 0x80, 0xE3, 0xB1, 0xD8, 0xCE, 0xE3, 0x61, 0xB0,
  0x78, 0x38, 0x1C, 0x0E, 0x06, 0x0F, 0x07, 0x00, 0x7E, 0xFC, 0x38, 0xE1,
  0x86, 0x1C, 0x7F, 0xFE, 0x19, 0xCC, 0x63, 0x1B, 0x9C, 0x31, 0x8C, 0x63,
  0x1C, 0x60, 0xFF, 0xFF, 0xFF, 0xFF, 0xC7, 0x18, 0xC6, 0x30, 0xE7, 0x63,
  0x18, 0xC6, 0x73, 0x00, 0xF3, 0xFE, 0x78, 0xFC, 0x63, 0x18, 0xC6, 0x31,
  0x8C, 0x7E, 0xFC, 0x63, 0x18, 0xC6, 0x31, 0x8C, 0x7E, 0xFC, 0x63, 0x18,
  0xC6, 0x31, 0x8C, 0x7E, 0xFC, 0x63, 0x18, 0xC6, 0x31, 0x8C, 0x7E, 0xFC,
  0x63, 0x18, 0xC6, 0x31, 0x8C, 0x7E, 0xFC, 0x63, 0x18, 0xC6, 0x31, 0x8C,
  0x7E, 0xFC, 0x63, 0x18, 0xC6, 0x31, 0x8C, 0x7E, 0xFC, 0x63, 0x18, 0xC6,
  0x31, 0x8C, 0x7E, 0xFC, 0x63, 0x18, 0xC6, 0x31, 0x8C, 0x7E, 0xFC, 0x63,
  0x18, 0xC6, 0x31, 0x8C, 0x7E, 0xFC, 0x63, 0x18, 0xC6, 0x31, 0x8C, 0x7E,
  0xFC, 0x63, 0x18, 0xC6, 0x31, 0x8C, 0x7E, 0xFC, 0x63, 0x18, 0xC6, 0x31,
  0x8C, 0x7E, 0xFC, 0x63, 0x18, 0xC6, 0x31, 0x8C, 0x7E, 0xFC, 0x63, 0x18,
  0xC6, 0x31, 0x8C, 0x7E, 0xFC, 0x63, 0x18, 0xC6, 0x31, 0x8C, 0x7E, 0xFC,
  0x63, 0x18, 0xC6, 0x31, 0x8C, 0x7E, 0xFC, 0x63, 0x18, 0xC6, 0x31, 0x8C,
  0x7E, 0xFC, 0x63, 0x18, 0xC6, 0x31, 0x8C, 0x7E, 0xFC, 0x63, 0x18, 0xC6,
  0x31, 0x8C, 0x7E, 0xFC, 0x63, 0x18, 0xC6, 0x31, 0x8C, 0x7E, 0xFC, 0x63,
  0x18, 0xC6, 0x31, 0x8C, 0x7E, 0xFC, 0x63, 0x18, 0xC6, 0x31, 0x8C, 0x7E,
  0xFC, 0x63, 0x18, 0xC6, 0x31, 0x8C, 0x7E, 0xFC, 0x63, 0x18, 0xC6, 0x31,
  0x8C, 0x7E, 0xFC, 0x63, 0x18, 0xC6, 0x31, 0x8C, 0x7E, 0xFC, 0x63, 0x18,
  0xC6, 0x31, 0x8C, 0x7E, 0xFC, 0x63, 0x18, 0xC6, 0x31, 0x8C, 0x7E, 0xFC,
  0x63, 0x18, 0xC6, 0x31, 0x8C, 0x7E, 0xFC, 0x63, 0x18, 0xC6, 0x31, 0x8C,
  0x7E, 0xFC, 0x63, 0x18, 0xC6, 0x31, 0x8C, 0x7E, 0xFC, 0x63, 0x18, 0xC6,
  0x31, 0x8C, 0x7E, 0xFC, 0x63, 0x18, 0xC6, 0x31, 0x8C, 0x7E, 0x00, 0xFC,
  0x63, 0x18, 0xC6, 0x31, 0x8C, 0x7E, 0x10, 0xF7, 0xF9, 0xC3, 0x0C, 0x30,
  0xE1, 0xF3, 0xC4, 0x3E, 0xFD, 0x83, 0x06, 0x1F, 0xBF, 0x30, 0x60, 0xC3,
  0xFF, 0xF0, 0xFC, 0x63, 0x18, 0xC6, 0x31, 0x8C, 0x7E, 0xC3, 0xE7, 0x66,
  0x66, 0x3C, 0x3C, 0x7E, 0x7E, 0x18, 0x7E, 0x7E, 0x18, 0xFC, 0x63, 0x18,
  0xC6, 0x31, 0x8C, 0x7E, 0xFC, 0x63, 0x18, 0xC6, 0x31, 0x8C, 0x7E, 0xDE,
  0xC0, 0x0F, 0x06, 0x11, 0x9D, 0x27, 0xA9, 0x83, 0x30, 0x66, 0x0C, 0xC1,
  0x4F, 0x4C, 0xE8, 0xC2, 0x07, 0x80, 0xFC, 0x63, 0x18, 0xC6, 0x31, 0x8C,
  0x7E, 0x32, 0x77, 0xEE, 0xCC, 0xEE, 0x77, 0x33, 0xFC, 0x63, 0x18, 0xC6,
  0x31, 0x8C, 0x7E, 0xFF, 0xC0, 0x1F, 0x06, 0x31, 0x01, 0x2F, 0x29, 0xB3,
  0x36, 0x67, 0x8C, 0xF1, 0xDB, 0x6B, 0x68, 0x82, 0x0F, 0x80, 0xFC, 0x63,
  0x18, 0xC6, 0x31, 0x8C, 0x7E, 0xFC, 0x63, 0x18, 0xC6, 0x31, 0x8C, 0x7E,
  0xFC, 0x63, 0x18, 0xC6, 0x31, 0x8C, 0x7E, 0xFC, 0x63, 0x18, 0xC6, 0x31,
  0x8C, 0x7E, 0xFC, 0x63, 0x18, 0xC6, 0x31, 0x8C, 0x7E, 0x7C, 0xFC, 0x63,
  0x18, 0xC6, 0x31, 0x8C, 0x7E, 0xFC, 0x63, 0x18, 0xC6, 0x31, 0x8C, 0x7E,
  0xFC, 0x63, 0x18, 0xC6, 0x31, 0x8C, 0x7E, 0x63, 0x3E, 0xFC, 0x63, 0x18,
  0xC6, 0x31, 0x8C, 0x7E, 0xFC, 0x63, 0x18, 0xC6, 0x31, 0x8C, 0x7E, 0xCC,
  0xEE, 0x66, 0x33, 0x77, 0xEE, 0xCC, 0xFC, 0x63, 0x18, 0xC6, 0x31, 0x8C,
  0x7E, 0xFC, 0x63, 0x18, 0xC6, 0x31, 0x8C, 0x7E, 0xFC, 0x63, 0x18, 0xC6,
  0x31, 0x8C, 0x7E, 0xFC, 0x63, 0x18, 0xC6, 0x31, 0x8C, 0x7E, 0xFC, 0x63,
  0x18, 0xC6, 0x31, 0x8C, 0x7E, 0xFC, 0x63, 0x18, 0xC6, 0x31, 0x8C, 0x7E,
  0xFC, 0x63, 0x18, 0xC6, 0x31, 0x8C, 0x7E, 0xFC, 0x63, 0x18, 0xC6, 0x31,
  0x8C, 0x7E, 0xFC, 0x63, 0x18, 0xC6, 0x31, 0x8C, 0x7E, 0xFC, 0x63, 0x18,
  0xC6, 0x31, 0x8C, 0x7E, 0xFC, 0x63, 0x18, 0xC6, 0x31, 0x8C, 0x7E, 0xFC,
  0x63, 0x18, 0xC6, 0x31, 0x8C, 0x7E, 0xFC, 0x63, 0x18, 0xC6, 0x31, 0x8C,
  0x7E, 0xFC, 0x63, 0x18, 0xC6, 0x31, 0x8C, 0x7E, 0xFC, 0x63, 0x18, 0xC6,
  0x31, 0x8C, 0x7E, 0xFC, 0x63, 0x18, 0xC6, 0x31, 0x8C, 0x7E, 0xFC, 0x63,
  0x18, 0xC6, 0x31, 0x8C, 0x7E, 0xFC, 0x63, 0x18, 0xC6, 0x31, 0x8C, 0x7E,
  0xFC, 0x63, 0x18, 0xC6, 0x31, 0x8C, 0x7E, 0xFC, 0x63, 0x18, 0xC6, 0x31,
  0x8C, 0x7E, 0xFC, 0x63, 0x18, 0xC6, 0x31, 0x8C, 0x7E, 0xFC, 0x63, 0x18,
  0xC6, 0x31, 0x8C, 0x7E, 0xFC, 0x63, 0x18, 0xC6, 0x31, 0x8C, 0x7E, 0xFC,
  0x63, 0x18, 0xC6, 0x31, 0x8C, 0x7E, 0xFC, 0x63, 0x18, 0xC6, 0x31, 0x8C,
  0x7E, 0xFC, 0x63, 0x18, 0xC6, 0x31, 0x8C, 0x7E, 0xFC, 0x63, 0x18, 0xC6,
  0x31, 0x8C, 0x7E, 0xFC, 0x63, 0x18, 0xC6, 0x31, 0x8C, 0x7E, 0xFC, 0x63,
  0x18, 0xC6, 0x31, 0x8C, 0x7E, 0xFC, 0x63, 0x18, 0xC6, 0x31, 0x8C, 0x7E,
  0xFC, 0x63, 0x18, 0xC6, 0x31, 0x8C, 0x7E, 0xFC, 0x63, 0x18, 0xC6, 0x31,
  0x8C, 0x7E, 0xFC, 0x63, 0x18, 0xC6, 0x31, 0x8C, 0x7E, 0xFC, 0x63, 0x18,
  0xC6, 0x31, 0x8C, 0x7E, 0xFC, 0x63, 0x18, 0xC6, 0x31, 0x8C, 0x7E, 0xFC,
  0x63, 0x18, 0xC6, 0x31, 0x8C, 0x7E, 0xFC, 0x63, 0x18, 0xC6, 0x31, 0x8C,
  0x7E, 0xFC, 0x63, 0x18, 0xC6, 0x31, 0x8C, 0x7E, 0xFC, 0x63, 0x18, 0xC6,
  0x31, 0x8C, 0x7E, 0xFC, 0x63, 0x18, 0xC6, 0x31, 0x8C, 0x7E, 0xFC, 0x63,
  0x18, 0xC6, 0x31, 0x8C, 0x7E, 0xFC, 0x63, 0x18, 0xC6, 0x31, 0x8C, 0x7E,
  0xFC, 0x63, 0x18, 0xC6, 0x31, 0x8C, 0x7E, 0xFC, 0x63, 0x18, 0xC6, 0x31,
  0x8C, 0x7E, 0xFC, 0x63, 0x18, 0xC6, 0x31, 0x8C, 0x7E, 0xFC, 0x63, 0x18,
  0xC6, 0x31, 0x8C, 0x7E, 0xFC, 0x63, 0x18, 0xC6, 0x31, 0x8C, 0x7E, 0xFC,
  0x63, 0x18, 0xC6, 0x31, 0x8C, 0x7E, 0xFC, 0x63, 0x18, 0xC6, 0x31, 0x8C,
  0x7E, 0xFC, 0x63, 0x18, 0xC6, 0x31, 0x8C, 0x7E, 0xFC, 0x63, 0x18, 0xC6,
  0x31, 0x8C, 0x7E, 0xFC, 0x63, 0x18, 0xC6, 0x31, 0x8C, 0x7E, 0xFC, 0x63,
  0x18, 0xC6, 0x31, 0x8C, 0x7E, 0xFC, 0x63, 0x18, 0xC6, 0x31, 0x8C, 0x7E,
  0xFC, 0x63, 0x18, 0xC6, 0x31, 0x8C, 0x7E, 0xFC, 0x63, 0x18, 0xC6, 0x31,
  0x8C, 0x7E, 0xFC, 0x63, 0x18, 0xC6, 0x31, 0x8C, 0x7E, 0xFC, 0x63, 0x18,
  0xC6, 0x31, 0x8C, 0x7E, 0xFC, 0x63, 0x18, 0xC6, 0x31, 0x8C, 0x7E, 0xFC,
  0x63, 0x18, 0xC6, 0x31, 0x8C, 0x7E, 0xFC, 0x63, 0x18, 0xC6, 0x31, 0x8C,
  0x7E, 0xFC, 0x63, 0x18, 0xC6, 0x31, 0x8C, 0x7E, 0xFC, 0x63, 0x18, 0xC6,
  0x31, 0x8C, 0x7E, 0xFC, 0x63, 0x18, 0xC6, 0x31, 0x8C, 0x7E, 0xFC, 0x63,
  0x18, 0xC6, 0x31, 0x8C, 0x7E, 0xFC, 0x63, 0x18, 0xC6, 0x31, 0x8C, 0x7E,
  0xFC, 0x63, 0x18, 0xC6, 0x31, 0x8C, 0x7E, 0xFC, 0x63, 0x18, 0xC6, 0x31,
  0x8C, 0x7E, 0xFC, 0x63, 0x18, 0xC6, 0x31, 0x8C, 0x7E, 0xFC, 0x63, 0x18,
  0xC6, 0x31, 0x8C, 0x7E, 0xFC, 0x63, 0x18, 0xC6, 0x31, 0x8C, 0x7E, 0xFC,
  0x63, 0x18, 0xC6, 0x31, 0x8C, 0x7E, 0xFC, 0x63, 0x18, 0xC6, 0x31, 0x8C,
  0x7E, 0xFC, 0x63, 0x18, 0xC6, 0x31, 0x8C, 0x7E, 0xFC, 0x63, 0x18, 0xC6,
  0x31, 0x8C, 0x7E, 0xFC, 0x63, 0x18, 0xC6, 0x31, 0x8C, 0x7E, 0xFC, 0x63,
  0x18, 0xC6, 0x31, 0x8C, 0x7E, 0xFC, 0x63, 0x18, 0xC6, 0x31, 0x8C, 0x7E,
  0xFC, 0x63, 0x18, 0xC6, 0x31, 0x8C, 0x7E, 0xFC, 0x63, 0x18, 0xC6, 0x31,
  0x8C, 0x7E, 0xFC, 0x63, 0x18, 0xC6, 0x31, 0x8C, 0x7E, 0xFC, 0x63, 0x18,
  0xC6, 0x31, 0x8C, 0x7E, 0xFC, 0x63, 0x18, 0xC6, 0x31, 0x8C, 0x7E, 0xFC,
  0x63, 0x18, 0xC6, 0x31, 0x8C, 0x7E, 0xFC, 0x63, 0x18, 0xC6, 0x31, 0x8C,
  0x7E, 0xFC, 0x63, 0x18, 0xC6, 0x31, 0x8C, 0x7E, 0xFC, 0x63, 0x18, 0xC6,
  0x31, 0x8C, 0x7E, 0xFC, 0x63, 0x18, 0xC6, 0x31, 0x8C, 0x7E, 0xFC, 0x63,
  0x18, 0xC6, 0x31, 0x8C, 0x7E, 0xFC, 0x63, 0x18, 0xC6, 0x31, 0x8C, 0x7E,
  0xFC, 0x63, 0x18, 0xC6, 0x31, 0x8C, 0x7E, 0xFC, 0x63, 0x18, 0xC6, 0x31,
  0x8C, 0x7E, 0xFC, 0x63, 0x18, 0xC6, 0x31, 0x8C, 0x7E, 0xFC, 0x63, 0x18,
  0xC6, 0x31, 0x8C, 0x7E, 0xFC, 0x63, 0x18, 0xC6, 0x31, 0x8C, 0x7E, 0xFC,
  0x63, 0x18, 0xC6, 0x31, 0x8C, 0x7E, 0xFC, 0x63, 0x18, 0xC6, 0x31, 0x8C,
  0x7E, 0xFC, 0x63, 0x18, 0xC6, 0x31, 0x8C, 0x7E, 0xFC, 0x63, 0x18, 0xC6,
  0x31, 0x8C, 0x7E, 0xFC, 0x63, 0x18, 0xC6, 0x31, 0x8C, 0x7E, 0xFC, 0x63,
  0x18, 0xC6, 0x31, 0x8C, 0x7E, 0xFC, 0x63, 0x18, 0xC6, 0x31, 0x8C, 0x7E,
  0xFC, 0x63, 0x18, 0xC6, 0x31, 0x8C, 0x7E, 0xFC, 0x63, 0x18, 0xC6, 0x31,
  0x8C, 0x7E, 0xFC, 0x63, 0x18, 0xC6, 0x31, 0x8C, 0x7E, 0xFC, 0x63, 0x18,
  0xC6, 0x31, 0x8C, 0x7E, 0xFC, 0x63, 0x18, 0xC6, 0x31, 0x8C, 0x7E, 0xFC,
  0x63, 0x18, 0xC6, 0x31, 0x8C, 0x7E, 0xFC, 0x63, 0x18, 0xC6, 0x31, 0x8C,
  0x7E, 0xFC, 0x63, 0x18, 0xC6, 0x31, 0x8C, 0x7E, 0xFC, 0x63, 0x18, 0xC6,
  0x31, 0x8C, 0x7E, 0xFC, 0x63, 0x18, 0xC6, 0x31, 0x8C, 0x7E, 0xFC, 0x63,
  0x18, 0xC6, 0x31, 0x8C, 0x7E, 0xFC, 0x63, 0x18, 0xC6, 0x31, 0x8C, 0x7E,
  0xFC, 0x63, 0x18, 0xC6, 0x31, 0x8C, 0x7E, 0xFC, 0x63, 0x18, 0xC6, 0x31,
  0x8C, 0x7E, 0xFC, 0x63, 0x18, 0xC6, 0x31, 0x8C, 0x7E, 0xFC, 0x63, 0x18,
  0xC6, 0x31, 0x8C, 0x7E, 0xFC, 0x63, 0x18, 0xC6, 0x31, 0x8C, 0x7E, 0xFC,
  0x63, 0x18, 0xC6, 0x31, 0x8C, 0x7E, 0xFC, 0x63, 0x18, 0xC6, 0x31, 0x8C,
  0x7E, 0xFC, 0x63, 0x18, 0xC6, 0x31, 0x8C, 0x7E, 0xFC, 0x63, 0x18, 0xC6,
  0x31, 0x8C, 0x7E, 0xFC, 0x63, 0x18, 0xC6, 0x31, 0x8C, 0x7E, 0xFC, 0x63,
  0x18, 0xC6, 0x31, 0x8C, 0x7E, 0xFC, 0x63, 0x18, 0xC6, 0x31, 0x8C, 0x7E,
  0xFC, 0x63, 0x18, 0xC6, 0x31, 0x8C, 0x7E, 0xFC, 0x63, 0x18, 0xC6, 0x31,
  0x8C, 0x7E, 0xFC, 0x63, 0x18, 0xC6, 0x31, 0x8C, 0x7E, 0xFC, 0x63, 0x18,
  0xC6, 0x31, 0x8C, 0x7E, 0xFC, 0x63, 0x18, 0xC6, 0x31, 0x8C, 0x7E, 0xFC,
  0x63, 0x18, 0xC6, 0x31, 0x8C, 0x7E, 0xFC, 0x63, 0x18, 0xC6, 0x31, 0x8C,
  0x7E, 0xFC, 0x63, 0x18, 0xC6, 0x31, 0x8C, 0x7E, 0xFC, 0x63, 0x18, 0xC6,
  0x31, 0x8C, 0x7E, 0xFC, 0x63, 0x18, 0xC6, 0x31, 0x8C, 0x7E, 0xFC, 0x63,
  0x18, 0xC6, 0x31, 0x8C, 0x7E, 0xFC, 0x63, 0x18, 0xC6, 0x31, 0x8C, 0x7E,
  0xFC, 0x63, 0x18, 0xC6, 0x31, 0x8C, 0x7E, 0xFC, 0x63, 0x18, 0xC6, 0x31,
  0x8C, 0x7E, 0xFC, 0x63, 0x18, 0xC6, 0x31, 0x8C, 0x7E, 0xFC, 0x63, 0x18,
  0xC6, 0x31, 0x8C, 0x7E, 0xFC, 0x63, 0x18, 0xC6, 0x31, 0x8C, 0x7E, 0xFC,
  0x63, 0x18, 0xC6, 0x31, 0x8C, 0x7E, 0xFC, 0x63, 0x18, 0xC6, 0x31, 0x8C,
  0x7E, 0xFC, 0x63, 0x18, 0xC6, 0x31, 0x8C, 0x7E, 0xFC, 0x63, 0x18, 0xC6,
  0x31, 0x8C, 0x7E, 0xFC, 0x63, 0x18, 0xC6, 0x31, 0x8C, 0x7E, 0xFC, 0x63,
  0x18, 0xC6, 0x31, 0x8C, 0x7E, 0xFC, 0x63, 0x18, 0xC6, 0x31, 0x8C, 0x7E,
  0xFC, 0x63, 0x18, 0xC6, 0x31, 0x8C, 0x7E, 0xFC, 0x63, 0x18, 0xC6, 0x31,
  0x8C, 0x7E, 0xFC, 0x63, 0x18, 0xC6, 0x31, 0x8C, 0x7E, 0xFC, 0x63, 0x18,
  0xC6, 0x31, 0x8C, 0x7E, 0xFC, 0x63, 0x18, 0xC6, 0x31, 0x8C, 0x7E, 0xFC,
  0x63, 0x18, 0xC6, 0x31, 0x8C, 0x7E, 0xFC, 0x63, 0x18, 0xC6, 0x31, 0x8C,
  0x7E, 0xFC, 0x63, 0x18, 0xC6, 0x31, 0x8C, 0x7E, 0xFC, 0x63, 0x18, 0xC6,
  0x31, 0x8C, 0x7E, 0xFC, 0x63, 0x18, 0xC6, 0x31, 0x8C, 0x7E, 0xFC, 0x63,
  0x18, 0xC6, 0x31, 0x8C, 0x7E, 0xFC, 0x63, 0x18, 0xC6, 0x31, 0x8C, 0x7E,
  0xFC, 0x63, 0x18, 0xC6, 0x31, 0x8C, 0x7E, 0xFC, 0x63, 0x18, 0xC6, 0x31,
  0x8C, 0x7E, 0xFC, 0x63, 0x18, 0xC6, 0x31, 0x8C, 0x7E, 0xFC, 0x63, 0x18,
  0xC6, 0x31, 0x8C, 0x7E, 0xFC, 0x63, 0x18, 0xC6, 0x31, 0x8C, 0x7E, 0xFC,
  0x63, 0x18, 0xC6, 0x31, 0x8C, 0x7E, 0xFC, 0x63, 0x18, 0xC6, 0x31, 0x8C,
  0x7E, 0xFC, 0x63, 0x18, 0xC6, 0x31, 0x8C, 0x7E, 0xFC, 0x63, 0x18, 0xC6,
  0x31, 0x8C, 0x7E, 0xFC, 0x63, 0x18, 0xC6, 0x31, 0x8C, 0x7E, 0xFC, 0x63,
  0x18, 0xC6, 0x31, 0x8C, 0x7E, 0xFC, 0x63, 0x18, 0xC6, 0x31, 0x8C, 0x7E,
  0xFC, 0x63, 0x18, 0xC6, 0x31, 0x8C, 0x7E, 0xFC, 0x63, 0x18, 0xC6, 0x31,
  0x8C, 0x7E, 0xFC, 0x63, 0x18, 0xC6, 0x31, 0x8C, 0x7E, 0xFC, 0x63, 0x18,
  0xC6, 0x31, 0x8C, 0x7E, 0xFC, 0x63, 0x18, 0xC6, 0x31, 0x8C, 0x7E, 0xFC,
  0x63, 0x18, 0xC6, 0x31, 0x8C, 0x7E, 0xFC, 0x63, 0x18, 0xC6, 0x31, 0x8C,
  0x7E, 0xFC, 0x63, 0x18, 0xC6, 0x31, 0x8C, 0x7E, 0xFC, 0x63, 0x18, 0xC6,
  0x31, 0x8C, 0x7E, 0xFC, 0x63, 0x18, 0xC6, 0x31, 0x8C, 0x7E, 0xFC, 0x63,
  0x18, 0xC6, 0x31, 0x8C, 0x7E, 0xFC, 0x63, 0x18, 0xC6, 0x31, 0x8C, 0x7E,
  0xFC, 0x63, 0x18, 0xC6, 0x31, 0x8C, 0x7E, 0xFC, 0x63, 0x18, 0xC6, 0x31,
  0x8C, 0x7E, 0xFC, 0x63, 0x18, 0xC6, 0x31, 0x8C, 0x7E, 0xFC, 0x63, 0x18,
  0xC6, 0x31, 0x8C, 0x7E, 0xFC, 0x63, 0x18, 0xC6, 0x31, 0x8C, 0x7E, 0xFC,
  0x63, 0x18, 0xC6, 0x31, 0x8C, 0x7E, 0xFC, 0x63, 0x18, 0xC6, 0x31, 0x8C,
  0x7E, 0xFC, 0x63, 0x18, 0xC6, 0x31, 0x8C, 0x7E, 0xFC, 0x63, 0x18, 0xC6,
  0x31, 0x8C, 0x7E, 0xFC, 0x63, 0x18, 0xC6, 0x31, 0x8C, 0x7E, 0xFC, 0x63,
  0x18, 0xC6, 0x31, 0x8C, 0x7E, 0xFC, 0x63, 0x18, 0xC6, 0x31, 0x8C, 0x7E,
  0xFC, 0x63, 0x18, 0xC6, 0x31, 0x8C, 0x7E, 0xFC, 0x63, 0x18, 0xC6, 0x31,
  0x8C, 0x7E, 0xFC, 0x63, 0x18, 0xC6, 0x31, 0x8C, 0x7E, 0xFC, 0x63, 0x18,
  0xC6, 0x31, 0x8C, 0x7E, 0xFC, 0x63, 0x18, 0xC6, 0x31, 0x8C, 0x7E, 0xFC,
  0x63, 0x18, 0xC6, 0x31, 0x8C, 0x7E, 0xFC, 0x63, 0x18, 0xC6, 0x31, 0x8C,
  0x7E, 0xFC, 0x63, 0x18, 0xC6, 0x31, 0x8C, 0x7E, 0xFC, 0x63, 0x18, 0xC6,
  0x31, 0x8C, 0x7E, 0xFC, 0x63, 0x18, 0xC6, 0x31, 0x8C, 0x7E, 0xFC, 0x63,
  0x18, 0xC6, 0x31, 0x8C, 0x7E, 0xFC, 0x63, 0x18, 0xC6, 0x31, 0x8C, 0x7E,
  0xFC, 0x63, 0x18, 0xC6, 0x31, 0x8C, 0x7E, 0xFC, 0x63, 0x18, 0xC6, 0x31,
  0x8C, 0x7E, 0xFC, 0x63, 0x18, 0xC6, 0x31, 0x8C, 0x7E, 0xFC, 0x63, 0x18,
  0xC6, 0x31, 0x8C, 0x7E, 0xFC, 0x63, 0x18, 0xC6, 0x31, 0x8C, 0x7E, 0xFC,
  0x63, 0x18, 0xC6, 0x31, 0x8C, 0x7E, 0xFC, 0x63, 0x18, 0xC6, 0x31, 0x8C,
  0x7E, 0xFC, 0x63, 0x18, 0xC6, 0x31, 0x8C, 0x7E, 0xFC, 0x63, 0x18, 0xC6,
  0x31, 0x8C, 0x7E, 0xFC, 0x63, 0x18, 0xC6, 0x31, 0x8C, 0x7E, 0xFC, 0x63,
  0x18, 0xC6, 0x31, 0x8C, 0x7E, 0xFC, 0x63, 0x18, 0xC6, 0x31, 0x8C, 0x7E,
  0xFC, 0x63, 0x18, 0xC6, 0x31, 0x8C, 0x7E, 0xFC, 0x63, 0x18, 0xC6, 0x31,
  0x8C, 0x7E, 0xFC, 0x63, 0x18, 0xC6, 0x31, 0x8C, 0x7E, 0xFC, 0x63, 0x18,
  0xC6, 0x31, 0x8C, 0x7E, 0xFC, 0x63, 0x18, 0xC6, 0x31, 0x8C, 0x7E, 0xFC,
  0x63, 0x18, 0xC6, 0x31, 0x8C, 0x7E, 0xFC, 0x63, 0x18, 0xC6, 0x31, 0x8C,
  0x7E, 0xFC, 0x63, 0x18, 0xC6, 0x31, 0x8C, 0x7E, 0xFC, 0x63, 0x18, 0xC6,
  0x31, 0x8C, 0x7E, 0xFC, 0x63, 0x18, 0xC6, 0x31, 0x8C, 0x7E, 0xFC, 0x63,
  0x18, 0xC6, 0x31, 0x8C, 0x7E, 0xFC, 0x63, 0x18, 0xC6, 0x31, 0x8C, 0x7E,
  0xFC, 0x63, 0x18, 0xC6, 0x31, 0x8C, 0x7E, 0xFC, 0x63, 0x18, 0xC6, 0x31,
  0x8C, 0x7E, 0xFC, 0x63, 0x18, 0xC6, 0x31, 0x8C, 0x7E, 0xFC, 0x63, 0x18,
  0xC6, 0x31, 0x8C, 0x7E, 0xFC, 0x63, 0x18, 0xC6, 0x31, 0x8C, 0x7E, 0xFC,
  0x63, 0x18, 0xC6, 0x31, 0x8C, 0x7E, 0xFC, 0x63, 0x18, 0xC6, 0x31, 0x8C,
  0x7E, 0xFC, 0x63, 0x18, 0xC6, 0x31, 0x8C, 0x7E, 0xFC, 0x63, 0x18, 0xC6,
  0x31, 0x8C, 0x7E, 0xFC, 0x63, 0x18, 0xC6, 0x31, 0x8C, 0x7E, 0xFC, 0x63,
  0x18, 0xC6, 0x31, 0x8C, 0x7E, 0xFC, 0x63, 0x18, 0xC6, 0x31, 0x8C, 0x7E,
  0xFC, 0x63, 0x18, 0xC6, 0x31, 0x8C, 0x7E, 0xFC, 0x63, 0x18, 0xC6, 0x31,
  0x8C, 0x7E, 0xFC, 0x63, 0x18, 0xC6, 0x31, 0x8C, 0x7E, 0xFC, 0x63, 0x18,
  0xC6, 0x31, 0x8C, 0x7E, 0xFC, 0x63, 0x18, 0xC6, 0x31, 0x8C, 0x7E, 0xFC,
  0x63, 0x18, 0xC6, 0x31, 0x8C, 0x7E, 0xFC, 0x63, 0x18, 0xC6, 0x31, 0x8C,
  0x7E, 0xFC, 0x63, 0x18, 0xC6, 0x31, 0x8C, 0x7E, 0xFC, 0x63, 0x18, 0xC6,
  0x31, 0x8C, 0x7E, 0xFC, 0x63, 0x18, 0xC6, 0x31, 0x8C, 0x7E, 0xFC, 0x63,
  0x18, 0xC6, 0x31, 0x8C, 0x7E, 0xFC, 0x63, 0x18, 0xC6, 0x31, 0x8C, 0x7E,
  0xFC, 0x63, 0x18, 0xC6, 0x31, 0x8C, 0x7E, 0xFC, 0x63, 0x18, 0xC6, 0x31,
  0x8C, 0x7E, 0xFC, 0x63, 0x18, 0xC6, 0x31, 0x8C, 0x7E, 0xFC, 0x63, 0x18,
  0xC6, 0x31, 0x8C, 0x7E, 0xFC, 0x63, 0x18, 0xC6, 0x31, 0x8C, 0x7E, 0xFC,
  0x63, 0x18, 0xC6, 0x31, 0x8C, 0x7E, 0xFC, 0x63, 0x18, 0xC6, 0x31, 0x8C,
  0x7E, 0xFC, 0x63, 0x18, 0xC6, 0x31, 0x8C, 0x7E, 0xFC, 0x63, 0x18, 0xC6,
  0x31, 0x8C, 0x7E, 0xFC, 0x63, 0x18, 0xC6, 0x31, 0x8C, 0x7E, 0xFC, 0x63,
  0x18, 0xC6, 0x31, 0x8C, 0x7E, 0xFC, 0x63, 0x18, 0xC6, 0x31, 0x8C, 0x7E,
  0xFC, 0x63, 0x18, 0xC6, 0x31, 0x8C, 0x7E, 0xFC, 0x63, 0x18, 0xC6, 0x31,
  0x8C, 0x7E, 0xFC, 0x63, 0x18, 0xC6, 0x31, 0x8C, 0x7E, 0xFC, 0x63, 0x18,
  0xC6, 0x31, 0x8C, 0x7E, 0xFC, 0x63, 0x18, 0xC6, 0x31, 0x8C, 0x7E, 0xFC,
  0x63, 0x18, 0xC6, 0x31, 0x8C, 0x7E, 0xFC, 0x63, 0x18, 0xC6, 0x31, 0x8C,
  0x7E, 0xFC, 0x63, 0x18, 0xC6, 0x31, 0x8C, 0x7E, 0xFC, 0x63, 0x18, 0xC6,
  0x31, 0x8C, 0x7E, 0xFC, 0x63, 0x18, 0xC6, 0x31, 0x8C, 0x7E, 0xFC, 0x63,
  0x18, 0xC6, 0x31, 0x8C, 0x7E, 0xFC, 0x63, 0x18, 0xC6, 0x31, 0x8C, 0x7E,
  0xFC, 0x63, 0x18, 0xC6, 0x31, 0x8C, 0x7E, 0xFC, 0x63, 0x18, 0xC6, 0x31,
  0x8C, 0x7E, 0xFC, 0x63, 0x18, 0xC6, 0x31, 0x8C, 0x7E, 0xFC, 0x63, 0x18,
  0xC6, 0x31, 0x8C, 0x7E, 0xFC, 0x63, 0x18, 0xC6, 0x31, 0x8C, 0x7E, 0xFC,
  0x63, 0x18, 0xC6, 0x31, 0x8C, 0x7E, 0xFC, 0x63, 0x18, 0xC6, 0x31, 0x8C,
  0x7E, 0xFC, 0x63, 0x18, 0xC6, 0x31, 0x8C, 0x7E, 0xFC, 0x63, 0x18, 0xC6,
  0x31, 0x8C, 0x7E, 0xFC, 0x63, 0x18, 0xC6, 0x31, 0x8C, 0x7E, 0xFC, 0x63,
  0x18, 0xC6, 0x31, 0x8C, 0x7E, 0xFC, 0x63, 0x18, 0xC6, 0x31, 0x8C, 0x7E,
  0xFC, 0x63, 0x18, 0xC6, 0x31, 0x8C, 0x7E, 0xFC, 0x63, 0x18, 0xC6, 0x31,
  0x8C, 0x7E, 0xFC, 0x63, 0x18, 0xC6, 0x31, 0x8C, 0x7E, 0xFC, 0x63, 0x18,
  0xC6, 0x31, 0x8C, 0x7E, 0xFC, 0x63, 0x18, 0xC6, 0x31, 0x8C, 0x7E, 0xFC,
  0x63, 0x18, 0xC6, 0x31, 0x8C, 0x7E, 0xFC, 0x63, 0x18, 0xC6, 0x31, 0x8C,
  0x7E, 0xFC, 0x63, 0x18, 0xC6, 0x31, 0x8C, 0x7E, 0xFC, 0x63, 0x18, 0xC6,
  0x31, 0x8C, 0x7E, 0xFC, 0x63, 0x18, 0xC6, 0x31, 0x8C, 0x7E, 0xFC, 0x63,
  0x18, 0xC6, 0x31, 0x8C, 0x7E, 0xFC, 0x63, 0x18, 0xC6, 0x31, 0x8C, 0x7E,
  0xFC, 0x63, 0x18, 0xC6, 0x31, 0x8C, 0x7E, 0xFC, 0x63, 0x18, 0xC6, 0x31,
  0x8C, 0x7E, 0xFC, 0x63, 0x18, 0xC6, 0x31, 0x8C, 0x7E, 0xFC, 0x63, 0x18,
  0xC6, 0x31, 0x8C, 0x7E, 0xFC, 0x63, 0x18, 0xC6, 0x31, 0x8C, 0x7E, 0xFC,
  0x63, 0x18, 0xC6, 0x31, 0x8C, 0x7E, 0xFC, 0x63, 0x18, 0xC6, 0x31, 0x8C,
  0x7E, 0xFC, 0x63, 0x18, 0xC6, 0x31, 0x8C, 0x7E, 0xFC, 0x63, 0x18, 0xC6,
  0x31, 0x8C, 0x7E, 0xFC, 0x63, 0x18, 0xC6, 0x31, 0x8C, 0x7E, 0xFC, 0x63,
  0x18, 0xC6, 0x31, 0x8C, 0x7E, 0xFC, 0x63, 0x18, 0xC6, 0x31, 0x8C, 0x7E,
  0xFC, 0x63, 0x18, 0xC6, 0x31, 0x8C, 0x7E, 0xFC, 0x63, 0x18, 0xC6, 0x31,
  0x8C, 0x7E, 0xFC, 0x63, 0x18, 0xC6, 0x31, 0x8C, 0x7E, 0xFC, 0x63, 0x18,
  0xC6, 0x31, 0x8C, 0x7E, 0xFC, 0x63, 0x18, 0xC6, 0x31, 0x8C, 0x7E, 0xFC,
  0x63, 0x18, 0xC6, 0x31, 0x8C, 0x7E, 0xFC, 0x63, 0x18, 0xC6, 0x31, 0x8C,
  0x7E, 0xFC, 0x63, 0x18, 0xC6, 0x31, 0x8C, 0x7E, 0xFC, 0x63, 0x18, 0xC6,
  0x31, 0x8C, 0x7E, 0xFC, 0x63, 0x18, 0xC6, 0x31, 0x8C, 0x7E, 0xFC, 0x63,
  0x18, 0xC6, 0x31, 0x8C, 0x7E, 0xFC, 0x63, 0x18, 0xC6, 0x31, 0x8C, 0x7E,
  0xFC, 0x63, 0x18, 0xC6, 0x31, 0x8C, 0x7E, 0xFC, 0x63, 0x18, 0xC6, 0x31,
  0x8C, 0x7E, 0xFC, 0x63, 0x18, 0xC6, 0x31, 0x8C, 0x7E, 0xFC, 0x63, 0x18,
  0xC6, 0x31, 0x8C, 0x7E, 0xFC, 0x63, 0x18, 0xC6, 0x31, 0x8C, 0x7E, 0xFC,
  0x63, 0x18, 0xC6, 0x31, 0x8C, 0x7E, 0xFC, 0x63, 0x18, 0xC6, 0x31, 0x8C,
  0x7E, 0xFC, 0x63, 0x18, 0xC6, 0x31, 0x8C, 0x7E, 0xFC, 0x63, 0x18, 0xC6,
  0x31, 0x8C, 0x7E, 0xFC, 0x63, 0x18, 0xC6, 0x31, 0x8C, 0x7E, 0xFC, 0x63,
  0x18, 0xC6, 0x31, 0x8C, 0x7E, 0xFC, 0x63, 0x18, 0xC6, 0x31, 0x8C, 0x7E,
  0xFC, 0x63, 0x18, 0xC6, 0x31, 0x8C, 0x7E, 0xFC, 0x63, 0x18, 0xC6, 0x31,
  0x8C, 0x7E, 0xFC, 0x63, 0x18, 0xC6, 0x31, 0x8C, 0x7E, 0xFC, 0x63, 0x18,
  0xC6, 0x31, 0x8C, 0x7E, 0xFC, 0x63, 0x18, 0xC6, 0x31, 0x8C, 0x7E, 0xFC,
  0x63, 0x18, 0xC6, 0x31, 0x8C, 0x7E, 0xFC, 0x63, 0x18, 0xC6, 0x31, 0x8C,
  0x7E, 0xFC, 0x63, 0x18, 0xC6, 0x31, 0x8C, 0x7E, 0xFC, 0x63, 0x18, 0xC6,
  0x31, 0x8C, 0x7E, 0xFC, 0x63, 0x18, 0xC6, 0x31, 0x8C, 0x7E, 0xFC, 0x63,
  0x18, 0xC6, 0x31, 0x8C, 0x7E, 0xFC, 0x63, 0x18, 0xC6, 0x31, 0x8C, 0x7E,
  0xFC, 0x63, 0x18, 0xC6, 0x31, 0x8C, 0x7E, 0xFC, 0x63, 0x18, 0xC6, 0x31,
  0x8C, 0x7E, 0xFC, 0x63, 0x18, 0xC6, 0x31, 0x8C, 0x7E, 0xFC, 0x63, 0x18,
  0xC6, 0x31, 0x8C, 0x7E, 0xFC, 0x63, 0x18, 0xC6, 0x31, 0x8C, 0x7E, 0xFC,
  0x63, 0x18, 0xC6, 0x31, 0x8C, 0x7E, 0xFC, 0x63, 0x18, 0xC6, 0x31, 0x8C,
  0x7E, 0xFC, 0x63, 0x18, 0xC6, 0x31, 0x8C, 0x7E, 0xFC, 0x63, 0x18, 0xC6,
  0x31, 0x8C, 0x7E, 0xFC, 0x63, 0x18, 0xC6, 0x31, 0x8C, 0x7E, 0xFC, 0x63,
  0x18, 0xC6, 0x31, 0x8C, 0x7E, 0xFC, 0x63, 0x18, 0xC6, 0x31, 0x8C, 0x7E,
  0xFC, 0x63, 0x18, 0xC6, 0x31, 0x8C, 0x7E, 0xFC, 0x63, 0x18, 0xC6, 0x31,
  0x8C, 0x7E, 0xFC, 0x63, 0x18, 0xC6, 0x31, 0x8C, 0x7E, 0xFC, 0x63, 0x18,
  0xC6, 0x31, 0x8C, 0x7E, 0xFC, 0x63, 0x18, 0xC6, 0x31, 0x8C, 0x7E, 0xFC,
  0x63, 0x18, 0xC6, 0x31, 0x8C, 0x7E, 0xFC, 0x63, 0x18, 0xC6, 0x31, 0x8C,
  0x7E, 0xFC, 0x63, 0x18, 0xC6, 0x31, 0x8C, 0x7E, 0xFC, 0x63, 0x18, 0xC6,
  0x31, 0x8C, 0x7E, 0xFC, 0x63, 0x18, 0xC6, 0x31, 0x8C, 0x7E, 0xFC, 0x63,
  0x18, 0xC6, 0x31, 0x8C, 0x7E, 0xFC, 0x63, 0x18, 0xC6, 0x31, 0x8C, 0x7E,
  0xFC, 0x63, 0x18, 0xC6, 0x31, 0x8C, 0x7E, 0xFC, 0x63, 0x18, 0xC6, 0x31,
  0x8C, 0x7E, 0xFC, 0x63, 0x18, 0xC6, 0x31, 0x8C, 0x7E, 0xFC, 0x63, 0x18,
  0xC6, 0x31, 0x8C, 0x7E, 0xFC, 0x63, 0x18, 0xC6, 0x31, 0x8C, 0x7E, 0xFC,
  0x63, 0x18, 0xC6, 0x31, 0x8C, 0x7E, 0xFC, 0x63, 0x18, 0xC6, 0x31, 0x8C,
  0x7E, 0xFC, 0x63, 0x18, 0xC6, 0x31, 0x8C, 0x7E, 0xFC, 0x63, 0x18, 0xC6,
  0x31, 0x8C, 0x7E, 0xFC, 0x63, 0x18, 0xC6, 0x31, 0x8C, 0x7E, 0xFC, 0x63,
  0x18, 0xC6, 0x31, 0x8C, 0x7E, 0xFC, 0x63, 0x18, 0xC6, 0x31, 0x8C, 0x7E,
  0xFC, 0x63, 0x18, 0xC6, 0x31, 0x8C, 0x7E, 0xFC, 0x63, 0x18, 0xC6, 0x31,
  0x8C, 0x7E, 0xFC, 0x63, 0x18, 0xC6, 0x31, 0x8C, 0x7E, 0xFC, 0x63, 0x18,
  0xC6, 0x31, 0x8C, 0x7E, 0xFC, 0x63, 0x18, 0xC6, 0x31, 0x8C, 0x7E, 0xFC,
  0x63, 0x18, 0xC6, 0x31, 0x8C, 0x7E, 0xFC, 0x63, 0x18, 0xC6, 0x31, 0x8C,
  0x7E, 0xFC, 0x63, 0x18, 0xC6, 0x31, 0x8C, 0x7E, 0xFC, 0x63, 0x18, 0xC6,
  0x31, 0x8C, 0x7E, 0xFC, 0x63, 0x18, 0xC6, 0x31, 0x8C, 0x7E, 0xFC, 0x63,
  0x18, 0xC6, 0x31, 0x8C, 0x7E, 0xFC, 0x63, 0x18, 0xC6, 0x31, 0x8C, 0x7E,
  0xFC, 0x63, 0x18, 0xC6, 0x31, 0x8C, 0x7E, 0xFC, 0x63, 0x18, 0xC6, 0x31,
  0x8C, 0x7E, 0xFC, 0x63, 0x18, 0xC6, 0x31, 0x8C, 0x7E, 0xFC, 0x63, 0x18,
  0xC6, 0x31, 0x8C, 0x7E, 0xFC, 0x63, 0x18, 0xC6, 0x31, 0x8C, 0x7E, 0xFC,
  0x63, 0x18, 0xC6, 0x31, 0x8C, 0x7E, 0xFC, 0x63, 0x18, 0xC6, 0x31, 0x8C,
  0x7E, 0xFC, 0x63, 0x18, 0xC6, 0x31, 0x8C, 0x7E, 0xFC, 0x63, 0x18, 0xC6,
  0x31, 0x8C, 0x7E, 0xFC, 0x63, 0x18, 0xC6, 0x31, 0x8C, 0x7E, 0xFC, 0x63,
  0x18, 0xC6, 0x31, 0x8C, 0x7E, 0xFC, 0x63, 0x18, 0xC6, 0x31, 0x8C, 0x7E,
  0xFC, 0x63, 0x18, 0xC6, 0x31, 0x8C, 0x7E, 0xFC, 0x63, 0x18, 0xC6, 0x31,
  0x8C, 0x7E, 0xFC, 0x63, 0x18, 0xC6, 0x31, 0x8C, 0x7E, 0xFC, 0x63, 0x18,
  0xC6, 0x31, 0x8C, 0x7E, 0xFC, 0x63, 0x18, 0xC6, 0x31, 0x8C, 0x7E, 0xFC,
  0x63, 0x18, 0xC6, 0x31, 0x8C, 0x7E, 0xFC, 0x63, 0x18, 0xC6, 0x31, 0x8C,
  0x7E, 0xFC, 0x63, 0x18, 0xC6, 0x31, 0x8C, 0x7E, 0xFC, 0x63, 0x18, 0xC6,
  0x31, 0x8C, 0x7E, 0xFC, 0x63, 0x18, 0xC6, 0x31, 0x8C, 0x7E, 0xFC, 0x63,
  0x18, 0xC6, 0x31, 0x8C, 0x7E, 0xFC, 0x63, 0x18, 0xC6, 0x31, 0x8C, 0x7E,
  0xFC, 0x63, 0x18, 0xC6, 0x31, 0x8C, 0x7E, 0xFC, 0x63, 0x18, 0xC6, 0x31,
  0x8C, 0x7E, 0xFC, 0x63, 0x18, 0xC6, 0x31, 0x8C, 0x7E, 0xFC, 0x63, 0x18,
  0xC6, 0x31, 0x8C, 0x7E, 0xFC, 0x63, 0x18, 0xC6, 0x31, 0x8C, 0x7E, 0xFC,
  0x63, 0x18, 0xC6, 0x31, 0x8C, 0x7E, 0xFC, 0x63, 0x18, 0xC6, 0x31, 0x8C,
  0x7E, 0xFC, 0x63, 0x18, 0xC6, 0x31, 0x8C, 0x7E, 0xFC, 0x63, 0x18, 0xC6,
  0x31, 0x8C, 0x7E, 0xFC, 0x63, 0x18, 0xC6, 0x31, 0x8C, 0x7E, 0xFC, 0x63,
  0x18, 0xC6, 0x31, 0x8C, 0x7E, 0xFC, 0x63, 0x18, 0xC6, 0x31, 0x8C, 0x7E,
  0xFC, 0x63, 0x18, 0xC6, 0x31, 0x8C, 0x7E, 0xFC, 0x63, 0x18, 0xC6, 0x31,
  0x8C, 0x7E, 0xFC, 0x63, 0x18, 0xC6, 0x31, 0x8C, 0x7E, 0xFC, 0x63, 0x18,
  0xC6, 0x31, 0x8C, 0x7E, 0xFC, 0x63, 0x18, 0xC6, 0x31, 0x8C, 0x7E, 0xFC,
  0x63, 0x18, 0xC6, 0x31, 0x8C, 0x7E, 0xFC, 0x63, 0x18, 0xC6, 0x31, 0x8C,
  0x7E, 0xFC, 0x63, 0x18, 0xC6, 0x31, 0x8C, 0x7E, 0xFC, 0x63, 0x18, 0xC6,
  0x31, 0x8C, 0x7E, 0xFC, 0x63, 0x18, 0xC6, 0x31, 0x8C, 0x7E, 0xFC, 0x63,
  0x18, 0xC6, 0x31, 0x8C, 0x7E, 0xFC, 0x63, 0x18, 0xC6, 0x31, 0x8C, 0x7E,
  0xFC, 0x63, 0x18, 0xC6, 0x31, 0x8C, 0x7E, 0xFC, 0x63, 0x18, 0xC6, 0x31,
  0x8C, 0x7E, 0xFC, 0x63, 0x18, 0xC6, 0x31, 0x8C, 0x7E, 0xFC, 0x63, 0x18,
  0xC6, 0x31, 0x8C, 0x7E, 0xFC, 0x63, 0x18, 0xC6, 0x31, 0x8C, 0x7E, 0xFC,
  0x63, 0x18, 0xC6, 0x31, 0x8C, 0x7E, 0xFC, 0x63, 0x18, 0xC6, 0x31, 0x8C,
  0x7E, 0xFC, 0x63, 0x18, 0xC6, 0x31, 0x8C, 0x7E, 0xFC, 0x63, 0x18, 0xC6,
  0x31, 0x8C, 0x7E, 0xFC, 0x63, 0x18, 0xC6, 0x31, 0x8C, 0x7E, 0xFC, 0x63,
  0x18, 0xC6, 0x31, 0x8C, 0x7E, 0xFC, 0x63, 0x18, 0xC6, 0x31, 0x8C, 0x7E,
  0xFC, 0x63, 0x18, 0xC6, 0x31, 0x8C, 0x7E, 0xFC, 0x63, 0x18, 0xC6, 0x31,
  0x8C, 0x7E, 0xFC, 0x63, 0x18, 0xC6, 0x31, 0x8C, 0x7E, 0xFC, 0x63, 0x18,
  0xC6, 0x31, 0x8C, 0x7E, 0xFC, 0x63, 0x18, 0xC6, 0x31, 0x8C, 0x7E, 0xFC,
  0x63, 0x18, 0xC6, 0x31, 0x8C, 0x7E, 0xFC, 0x63, 0x18, 0xC6, 0x31, 0x8C,
  0x7E, 0xFC, 0x63, 0x18, 0xC6, 0x31, 0x8C, 0x7E, 0xFC, 0x63, 0x18, 0xC6,
  0x31, 0x8C, 0x7E, 0xFC, 0x63, 0x18, 0xC6, 0x31, 0x8C, 0x7E, 0xFC, 0x63,
  0x18, 0xC6, 0x31, 0x8C, 0x7E, 0xFC, 0x63, 0x18, 0xC6, 0x31, 0x8C, 0x7E,
  0xFC, 0x63, 0x18, 0xC6, 0x31, 0x8C, 0x7E, 0xFC, 0x63, 0x18, 0xC6, 0x31,
  0x8C, 0x7E, 0xFC, 0x63, 0x18, 0xC6, 0x31, 0x8C, 0x7E, 0xFC, 0x63, 0x18,
  0xC6, 0x31, 0x8C, 0x7E, 0xFC, 0x63, 0x18, 0xC6, 0x31, 0x8C, 0x7E, 0xFC,
  0x63, 0x18, 0xC6, 0x31, 0x8C, 0x7E, 0xFC, 0x63, 0x18, 0xC6, 0x31, 0x8C,
  0x7E, 0xFC, 0x63, 0x18, 0xC6, 0x31, 0x8C, 0x7E, 0xFC, 0x63, 0x18, 0xC6,
  0x31, 0x8C, 0x7E, 0xFC, 0x63, 0x18, 0xC6, 0x31, 0x8C, 0x7E, 0xFC, 0x63,
  0x18, 0xC6, 0x31, 0x8C, 0x7E, 0xFC, 0x63, 0x18, 0xC6, 0x31, 0x8C, 0x7E,
  0xFC, 0x63, 0x18, 0xC6, 0x31, 0x8C, 0x7E, 0xFC, 0x63, 0x18, 0xC6, 0x31,
  0x8C, 0x7E, 0xFC, 0x63, 0x18, 0xC6, 0x31, 0x8C, 0x7E, 0xFC, 0x63, 0x18,
  0xC6, 0x31, 0x8C, 0x7E, 0xFC, 0x63, 0x18, 0xC6, 0x31, 0x8C, 0x7E, 0xFC,
  0x63, 0x18, 0xC6, 0x31, 0x8C, 0x7E, 0xFC, 0x63, 0x18, 0xC6, 0x31, 0x8C,
  0x7E, 0xFC, 0x63, 0x18, 0xC6, 0x31, 0x8C, 0x7E, 0xFC, 0x63, 0x18, 0xC6,
  0x31, 0x8C, 0x7E, 0xFC, 0x63, 0x18, 0xC6, 0x31, 0x8C, 0x7E, 0xFC, 0x63,
  0x18, 0xC6, 0x31, 0x8C, 0x7E, 0xFC, 0x63, 0x18, 0xC6, 0x31, 0x8C, 0x7E,
  0xFC, 0x63, 0x18, 0xC6, 0x31, 0x8C, 0x7E, 0xFC, 0x63, 0x18, 0xC6, 0x31,
  0x8C, 0x7E, 0xFC, 0x63, 0x18, 0xC6, 0x31, 0x8C, 0x7E, 0xFC, 0x63, 0x18,
  0xC6, 0x31, 0x8C, 0x7E, 0xFC, 0x63, 0x18, 0xC6, 0x31, 0x8C, 0x7E, 0xFC,
  0x63, 0x18, 0xC6, 0x31, 0x8C, 0x7E, 0xFC, 0x63, 0x18, 0xC6, 0x31, 0x8C,
  0x7E, 0xFC, 0x63, 0x18, 0xC6, 0x31, 0x8C, 0x7E, 0xFC, 0x63, 0x18, 0xC6,
  0x31, 0x8C, 0x7E, 0xFC, 0x63, 0x18, 0xC6, 0x31, 0x8C, 0x7E, 0xFC, 0x63,
  0x18, 0xC6, 0x31, 0x8C, 0x7E, 0xFC, 0x63, 0x18, 0xC6, 0x31, 0x8C, 0x7E,
  0xFC, 0x63, 0x18, 0xC6, 0x31, 0x8C, 0x7E, 0xFC, 0x63, 0x18, 0xC6, 0x31,
  0x8C, 0x7E, 0xFC, 0x63, 0x18, 0xC6, 0x31, 0x8C, 0x7E, 0xFC, 0x63, 0x18,
  0xC6, 0x31, 0x8C, 0x7E, 0xFC, 0x63, 0x18, 0xC6, 0x31, 0x8C, 0x7E, 0xFC,
  0x63, 0x18, 0xC6, 0x31, 0x8C, 0x7E, 0xFC, 0x63, 0x18, 0xC6, 0x31, 0x8C,
  0x7E, 0xFC, 0x63, 0x18, 0xC6, 0x31, 0x8C, 0x7E, 0xFC, 0x63, 0x18, 0xC6,
  0x31, 0x8C, 0x7E, 0xFC, 0x63, 0x18, 0xC6, 0x31, 0x8C, 0x7E, 0xFC, 0x63,
  0x18, 0xC6, 0x31, 0x8C, 0x7E, 0xFC, 0x63, 0x18, 0xC6, 0x31, 0x8C, 0x7E,
  0x3C, 0xCC, 0xFC, 0x63, 0x18, 0xC6, 0x31, 0x8C, 0x7E, 0xFC, 0x63, 0x18,
  0xC6, 0x31, 0x8C, 0x7E, 0xFC, 0x63, 0x18, 0xC6, 0x31, 0x8C, 0x7E, 0xFC,
  0x63, 0x18, 0xC6, 0x31, 0x8C, 0x7E, 0xFC, 0x63, 0x18, 0xC6, 0x31, 0x8C,
  0x7E, 0xFC, 0x63, 0x18, 0xC6, 0x31, 0x8C, 0x7E, 0xFC, 0x63, 0x18, 0xC6,
  0x31, 0x8C, 0x7E, 0xFC, 0x63, 0x18, 0xC6, 0x31, 0x8C, 0x7E, 0xFC, 0x63,
  0x18, 0xC6, 0x31, 0x8C, 0x7E, 0xFC, 0x63, 0x18, 0xC6, 0x31, 0x8C, 0x7E,
  0xFC, 0x63, 0x18, 0xC6, 0x31, 0x8C, 0x7E, 0xFC, 0x63, 0x18, 0xC6, 0x31,
  0x8C, 0x7E, 0xFC, 0x63, 0x18, 0xC6, 0x31, 0x8C, 0x7E, 0xFC, 0x63, 0x18,
  0xC6, 0x31, 0x8C, 0x7E, 0xFC, 0x63, 0x18, 0xC6, 0x31, 0x8C, 0x7E, 0xFC,
  0x63, 0x18, 0xC6, 0x31, 0x8C, 0x7E, 0xFC, 0x63, 0x18, 0xC6, 0x31, 0x8C,
  0x7E, 0xFC, 0x63, 0x18, 0xC6, 0x31, 0x8C, 0x7E, 0xFC, 0x63, 0x18, 0xC6,
  0x31, 0x8C, 0x7E, 0xF7, 0x80, 0xFC, 0x63, 0x18, 0xC6, 0x31, 0x8C, 0x7E,
  0x67, 0xF9, 0x80, 0xFC, 0x63, 0x18, 0xC6, 0x31, 0x8C, 0x7E, 0xFC, 0x63,
  0x18, 0xC6, 0x31, 0x8C, 0x7E, 0xFC, 0x63, 0x18, 0xC6, 0x31, 0x8C, 0x7E,
  0xFC, 0x63, 0x18, 0xC6, 0x31, 0x8C, 0x7E, 0xFC, 0x63, 0x18, 0xC6, 0x31,
  0x8C, 0x7E, 0xFC, 0x63, 0x18, 0xC6, 0x31, 0x8C, 0x7E, 0xFC, 0x63, 0x18,
  0xC6, 0x31, 0x8C, 0x7E, 0xFC, 0x63, 0x18, 0xC6, 0x31, 0x8C, 0x7E, 0xFC,
  0x63, 0x18, 0xC6, 0x31, 0x8C, 0x7E, 0xFC, 0x63, 0x18, 0xC6, 0x31, 0x8C,
  0x7E, 0xFC, 0x63, 0x18, 0xC6, 0x31, 0x8C, 0x7E, 0xFC, 0x63, 0x18, 0xC6,
  0x31, 0x8C, 0x7E, 0xFC, 0x63, 0x18, 0xC6, 0x31, 0x8C, 0x7E, 0xFC, 0x63,
  0x18, 0xC6, 0x31, 0x8C, 0x7E, 0xFC, 0x63, 0x18, 0xC6, 0x31, 0x8C, 0x7E,
  0xFC, 0x63, 0x18, 0xC6, 0x31, 0x8C, 0x7E, 0xFC, 0x63, 0x18, 0xC6, 0x31,
  0x8C, 0x7E, 0xFC, 0x63, 0x18, 0xC6, 0x31, 0x8C, 0x7E, 0xFC, 0x63, 0x18,
  0xC6, 0x31, 0x8C, 0x7E, 0xFC, 0x63, 0x18, 0xC6, 0x31, 0x8C, 0x7E, 0xFC,
  0x63, 0x18, 0xC6, 0x31, 0x8C, 0x7E, 0xFC, 0x63, 0x18, 0xC6, 0x31, 0x8C,
  0x7E, 0xFC, 0x63, 0x18, 0xC6, 0x31, 0x8C, 0x7E, 0xFC, 0x63, 0x18, 0xC6,
  0x31, 0x8C, 0x7E, 0xFC, 0x63, 0x18, 0xC6, 0x31, 0x8C, 0x7E, 0xFC, 0x63,
  0x18, 0xC6, 0x31, 0x8C, 0x7E, 0xFC, 0x63, 0x18, 0xC6, 0x31, 0x8C, 0x7E,
  0xFC, 0x63, 0x18, 0xC6, 0x31, 0x8C, 0x7E, 0xFC, 0x63, 0x18, 0xC6, 0x31,
  0x8C, 0x7E, 0xFC, 0x63, 0x18, 0xC6, 0x31, 0x8C, 0x7E, 0xFC, 0x63, 0x18,
  0xC6, 0x31, 0x8C, 0x7E, 0xFC, 0x63, 0x18, 0xC6, 0x31, 0x8C, 0x7E, 0xFC,
  0x63, 0x18, 0xC6, 0x31, 0x8C, 0x7E, 0xFC, 0x63, 0x18, 0xC6, 0x31, 0x8C,
  0x7E, 0xFC, 0x63, 0x18, 0xC6, 0x31, 0x8C, 0x7E, 0xFC, 0x63, 0x18, 0xC6,
  0x31, 0x8C, 0x7E, 0xFC, 0x63, 0x18, 0xC6, 0x31, 0x8C, 0x7E, 0xFC, 0x63,
  0x18, 0xC6, 0x31, 0x8C, 0x7E, 0xFC, 0x63, 0x18, 0xC6, 0x31, 0x8C, 0x7E,
  0xFC, 0x63, 0x18, 0xC6, 0x31, 0x8C, 0x7E, 0xFC, 0x63, 0x18, 0xC6, 0x31,
  0x8C, 0x7E, 0xFC, 0x63, 0x18, 0xC6, 0x31, 0x8C, 0x7E, 0xFC, 0x63, 0x18,
  0xC6, 0x31, 0x8C, 0x7E, 0xFC, 0x63, 0x18, 0xC6, 0x31, 0x8C, 0x7E, 0xFC,
  0x63, 0x18, 0xC6, 0x31, 0x8C, 0x7E, 0xFC, 0x63, 0x18, 0xC6, 0x31, 0x8C,
  0x7E, 0xFC, 0x63, 0x18, 0xC6, 0x31, 0x8C, 0x7E, 0xFC, 0x63, 0x18, 0xC6,
  0x31, 0x8C, 0x7E, 0xFC, 0x63, 0x18, 0xC6, 0x31, 0x8C, 0x7E, 0xFC, 0x63,
  0x18, 0xC6, 0x31, 0x8C, 0x7E, 0xFC, 0x63, 0x18, 0xC6, 0x31, 0x8C, 0x7E,
  0xFC, 0x63, 0x18, 0xC6, 0x31, 0x8C, 0x7E, 0xFC, 0x63, 0x18, 0xC6, 0x31,
  0x8C, 0x7E, 0xFC, 0x63, 0x18, 0xC6, 0x31, 0x8C, 0x7E, 0xFC, 0x63, 0x18,
  0xC6, 0x31, 0x8C, 0x7E, 0xFC, 0x63, 0x18, 0xC6, 0x31, 0x8C, 0x7E, 0xFC,
  0x63, 0x18, 0xC6, 0x31, 0x8C, 0x7E, 0xFC, 0x63, 0x18, 0xC6, 0x31, 0x8C,
  0x7E, 0xFC, 0x63, 0x18, 0xC6, 0x31, 0x8C, 0x7E, 0xFC, 0x63, 0x18, 0xC6,
  0x31, 0x8C, 0x7E, 0xFC, 0x63, 0x18, 0xC6, 0x31, 0x8C, 0x7E, 0xFC, 0x63,
  0x18, 0xC6, 0x31, 0x8C, 0x7E, 0xFC, 0x63, 0x18, 0xC6, 0x31, 0x8C, 0x7E,
  0xFC, 0x63, 0x18, 0xC6, 0x31, 0x8C, 0x7E, 0xFC, 0x63, 0x18, 0xC6, 0x31,
  0x8C, 0x7E, 0xFC, 0x63, 0x18, 0xC6, 0x31, 0x8C, 0x7E, 0xFC, 0x63, 0x18,
  0xC6, 0x31, 0x8C, 0x7E, 0xFC, 0x63, 0x18, 0xC6, 0x31, 0x8C, 0x7E, 0xFC,
  0x63, 0x18, 0xC6, 0x31, 0x8C, 0x7E, 0xFC, 0x63, 0x18, 0xC6, 0x31, 0x8C,
  0x7E, 0xFC, 0x63, 0x18, 0xC6, 0x31, 0x8C, 0x7E, 0xFC, 0x63, 0x18, 0xC6,
  0x31, 0x8C, 0x7E, 0xFC, 0x63, 0x18, 0xC6, 0x31, 0x8C, 0x7E, 0xFC, 0x63,
  0x18, 0xC6, 0x31, 0x8C, 0x7E, 0xFC, 0x63, 0x18, 0xC6, 0x31, 0x8C, 0x7E,
  0xFC, 0x63, 0x18, 0xC6, 0x31, 0x8C, 0x7E, 0xFC, 0x63, 0x18, 0xC6, 0x31,
  0x8C, 0x7E, 0xFC, 0x63, 0x18, 0xC6, 0x31, 0x8C, 0x7E, 0xFC, 0x63, 0x18,
  0xC6, 0x31, 0x8C, 0x7E, 0xFC, 0x63, 0x18, 0xC6, 0x31, 0x8C, 0x7E, 0xFC,
  0x63, 0x18, 0xC6, 0x31, 0x8C, 0x7E, 0xFC, 0x63, 0x18, 0xC6, 0x31, 0x8C,
  0x7E, 0xFC, 0x63, 0x18, 0xC6, 0x31, 0x8C, 0x7E, 0xFC, 0x63, 0x18, 0xC6,
  0x31, 0x8C, 0x7E, 0xFC, 0x63, 0x18, 0xC6, 0x31, 0x8C, 0x7E, 0xFC, 0x63,
  0x18, 0xC6, 0x31, 0x8C, 0x7E, 0xFC, 0x63, 0x18, 0xC6, 0x31, 0x8C, 0x7E,
  0xFC, 0x63, 0x18, 0xC6, 0x31, 0x8C, 0x7E, 0xFC, 0x63, 0x18, 0xC6, 0x31,
  0x8C, 0x7E, 0xFC, 0x63, 0x18, 0xC6, 0x31, 0x8C, 0x7E, 0xFC, 0x63, 0x18,
  0xC6, 0x31, 0x8C, 0x7E, 0xFC, 0x63, 0x18, 0xC6, 0x31, 0x8C, 0x7E, 0xFC,
  0x63, 0x18, 0xC6, 0x31, 0x8C, 0x7E, 0xFC, 0x63, 0x18, 0xC6, 0x31, 0x8C,
  0x7E, 0xFC, 0x63, 0x18, 0xC6, 0x31, 0x8C, 0x7E, 0xFC, 0x63, 0x18, 0xC6,
  0x31, 0x8C, 0x7E, 0xFC, 0x63, 0x18, 0xC6, 0x31, 0x8C, 0x7E, 0xFC, 0x63,
  0x18, 0xC6, 0x31, 0x8C, 0x7E, 0xFC, 0x63, 0x18, 0xC6, 0x31, 0x8C, 0x7E,
  0xFC, 0x63, 0x18, 0xC6, 0x31, 0x8C, 0x7E, 0xFC, 0x63, 0x18, 0xC6, 0x31,
  0x8C, 0x7E, 0xFC, 0x63, 0x18, 0xC6, 0x31, 0x8C, 0x7E, 0xFC, 0x63, 0x18,
  0xC6, 0x31, 0x8C, 0x7E, 0xFC, 0x63, 0x18, 0xC6, 0x31, 0x8C, 0x7E, 0xFC,
  0x63, 0x18, 0xC6, 0x31, 0x8C, 0x7E, 0xFC, 0x63, 0x18, 0xC6, 0x31, 0x8C,
  0x7E, 0xFC, 0x63, 0x18, 0xC6, 0x31, 0x8C, 0x7E, 0xFC, 0x63, 0x18, 0xC6,
  0x31, 0x8C, 0x7E, 0xFC, 0x63, 0x18, 0xC6, 0x31, 0x8C, 0x7E, 0xFC, 0x63,
  0x18, 0xC6, 0x31, 0x8C, 0x7E, 0xFC, 0x63, 0x18, 0xC6, 0x31, 0x8C, 0x7E,
  0xFC, 0x63, 0x18, 0xC6, 0x31, 0x8C, 0x7E, 0xFC, 0x63, 0x18, 0xC6, 0x31,
  0x8C, 0x7E, 0xFC, 0x63, 0x18, 0xC6, 0x31, 0x8C, 0x7E, 0xFC, 0x63, 0x18,
  0xC6, 0x31, 0x8C, 0x7E, 0xFC, 0x63, 0x18, 0xC6, 0x31, 0x8C, 0x7E, 0xFC,
  0x63, 0x18, 0xC6, 0x31, 0x8C, 0x7E, 0xFC, 0x63, 0x18, 0xC6, 0x31, 0x8C,
  0x7E, 0xFC, 0x63, 0x18, 0xC6, 0x31, 0x8C, 0x7E, 0xFC, 0x63, 0x18, 0xC6,
  0x31, 0x8C, 0x7E, 0xFC, 0x63, 0x18, 0xC6, 0x31, 0x8C, 0x7E, 0xFC, 0x63,
  0x18, 0xC6, 0x31, 0x8C, 0x7E, 0xFC, 0x63, 0x18, 0xC6, 0x31, 0x8C, 0x7E,
  0xFC, 0x63, 0x18, 0xC6, 0x31, 0x8C, 0x7E, 0xFC, 0x63, 0x18, 0xC6, 0x31,
  0x8C, 0x7E, 0xFC, 0x63, 0x18, 0xC6, 0x31, 0x8C, 0x7E, 0xFC, 0x63, 0x18,
  0xC6, 0x31, 0x8C, 0x7E, 0xFC, 0x63, 0x18, 0xC6, 0x31, 0x8C, 0x7E, 0xFC,
  0x63, 0x18, 0xC6, 0x31, 0x8C, 0x7E, 0xFC, 0x63, 0x18, 0xC6, 0x31, 0x8C,
  0x7E, 0xFC, 0x63, 0x18, 0xC6, 0x31, 0x8C, 0x7E, 0xFC, 0x63, 0x18, 0xC6,
  0x31, 0x8C, 0x7E, 0xFC, 0x63, 0x18, 0xC6, 0x31, 0x8C, 0x7E, 0xFC, 0x63,
  0x18, 0xC6, 0x31, 0x8C, 0x7E, 0xFC, 0x63, 0x18, 0xC6, 0x31, 0x8C, 0x7E,
  0xFC, 0x63, 0x18, 0xC6, 0x31, 0x8C, 0x7E, 0xFC, 0x63, 0x18, 0xC6, 0x31,
  0x8C, 0x7E, 0xFC, 0x63, 0x18, 0xC6, 0x31, 0x8C, 0x7E, 0xFC, 0x63, 0x18,
  0xC6, 0x31, 0x8C, 0x7E, 0xFC, 0x63, 0x18, 0xC6, 0x31, 0x8C, 0x7E, 0xFC,
  0x63, 0x18, 0xC6, 0x31, 0x8C, 0x7E, 0xFC, 0x63, 0x18, 0xC6, 0x31, 0x8C,
  0x7E, 0xFC, 0x63, 0x18, 0xC6, 0x31, 0x8C, 0x7E, 0xFC, 0x63, 0x18, 0xC6,
  0x31, 0x8C, 0x7E, 0xFC, 0x63, 0x18, 0xC6, 0x31, 0x8C, 0x7E, 0xFC, 0x63,
  0x18, 0xC6, 0x31, 0x8C, 0x7E, 0xFC, 0x63, 0x18, 0xC6, 0x31, 0x8C, 0x7E,
  0xFC, 0x63, 0x18, 0xC6, 0x31, 0x8C, 0x7E, 0xFC, 0x63, 0x18, 0xC6, 0x31,
  0x8C, 0x7E, 0xFC, 0x63, 0x18, 0xC6, 0x31, 0x8C, 0x7E, 0xFC, 0x63, 0x18,
  0xC6, 0x31, 0x8C, 0x7E, 0xFC, 0x63, 0x18, 0xC6, 0x31, 0x8C, 0x7E, 0xFC,
  0x63, 0x18, 0xC6, 0x31, 0x8C, 0x7E, 0xFC, 0x63, 0x18, 0xC6, 0x31, 0x8C,
  0x7E, 0xFC, 0x63, 0x18, 0xC6, 0x31, 0x8C, 0x7E, 0xFC, 0x63, 0x18, 0xC6,
  0x31, 0x8C, 0x7E, 0xFC, 0x63, 0x18, 0xC6, 0x31, 0x8C, 0x7E, 0xFC, 0x63,
  0x18, 0xC6, 0x31, 0x8C, 0x7E, 0xFC, 0x63, 0x18, 0xC6, 0x31, 0x8C, 0x7E,
  0xFC, 0x63, 0x18, 0xC6, 0x31, 0x8C, 0x7E, 0xFC, 0x63, 0x18, 0xC6, 0x31,
  0x8C, 0x7E, 0xFC, 0x63, 0x18, 0xC6, 0x31, 0x8C, 0x7E, 0xFC, 0x63, 0x18,
  0xC6, 0x31, 0x8C, 0x7E, 0xFC, 0x63, 0x18, 0xC6, 0x31, 0x8C, 0x7E, 0xFC,
  0x63, 0x18, 0xC6, 0x31, 0x8C, 0x7E, 0xFC, 0x63, 0x18, 0xC6, 0x31, 0x8C,
  0x7E, 0xFC, 0x63, 0x18, 0xC6, 0x31, 0x8C, 0x7E, 0xFC, 0x63, 0x18, 0xC6,
  0x31, 0x8C, 0x7E, 0xFC, 0x63, 0x18, 0xC6, 0x31, 0x8C, 0x7E, 0xFC, 0x63,
  0x18, 0xC6, 0x31, 0x8C, 0x7E, 0xFC, 0x63, 0x18, 0xC6, 0x31, 0x8C, 0x7E,
  0xFC, 0x63, 0x18, 0xC6, 0x31, 0x8C, 0x7E, 0xFC, 0x63, 0x18, 0xC6, 0x31,
  0x8C, 0x7E, 0xFC, 0x63, 0x18, 0xC6, 0x31, 0x8C, 0x7E, 0xFC, 0x63, 0x18,
  0xC6, 0x31, 0x8C, 0x7E, 0xFC, 0x63, 0x18, 0xC6, 0x31, 0x8C, 0x7E, 0xFC,
  0x63, 0x18, 0xC6, 0x31, 0x8C, 0x7E, 0xFC, 0x63, 0x18, 0xC6, 0x31, 0x8C,
  0x7E, 0xFC, 0x63, 0x18, 0xC6, 0x31, 0x8C, 0x7E, 0xFC, 0x63, 0x18, 0xC6,
  0x31, 0x8C, 0x7E, 0xFC, 0x63, 0x18, 0xC6, 0x31, 0x8C, 0x7E, 0xFC, 0x63,
  0x18, 0xC6, 0x31, 0x8C, 0x7E, 0xFC, 0x63, 0x18, 0xC6, 0x31, 0x8C, 0x7E,
  0xFC, 0x63, 0x18, 0xC6, 0x31, 0x8C, 0x7E, 0xFC, 0x63, 0x18, 0xC6, 0x31,
  0x8C, 0x7E, 0xFC, 0x63, 0x18, 0xC6, 0x31, 0x8C, 0x7E, 0xFC, 0x63, 0x18,
  0xC6, 0x31, 0x8C, 0x7E, 0xFC, 0x63, 0x18, 0xC6, 0x31, 0x8C, 0x7E, 0xFC,
  0x63, 0x18, 0xC6, 0x31, 0x8C, 0x7E, 0xFC, 0x63, 0x18, 0xC6, 0x31, 0x8C,
  0x7E, 0xFC, 0x63, 0x18, 0xC6, 0x31, 0x8C, 0x7E, 0xFC, 0x63, 0x18, 0xC6,
  0x31, 0x8C, 0x7E, 0xFC, 0x63, 0x18, 0xC6, 0x31, 0x8C, 0x7E, 0xFC, 0x63,
  0x18, 0xC6, 0x31, 0x8C, 0x7E, 0xFC, 0x63, 0x18, 0xC6, 0x31, 0x8C, 0x7E,
  0xFC, 0x63, 0x18, 0xC6, 0x31, 0x8C, 0x7E, 0xFC, 0x63, 0x18, 0xC6, 0x31,
  0x8C, 0x7E, 0xFC, 0x63, 0x18, 0xC6, 0x31, 0x8C, 0x7E, 0xFC, 0x63, 0x18,
  0xC6, 0x31, 0x8C, 0x7E, 0xFC, 0x63, 0x18, 0xC6, 0x31, 0x8C, 0x7E, 0xFC,
  0x63, 0x18, 0xC6, 0x31, 0x8C, 0x7E, 0xFC, 0x63, 0x18, 0xC6, 0x31, 0x8C,
  0x7E, 0xFC, 0x63, 0x18, 0xC6, 0x31, 0x8C, 0x7E, 0xFC, 0x63, 0x18, 0xC6,
  0x31, 0x8C, 0x7E, 0xFC, 0x63, 0x18, 0xC6, 0x31, 0x8C, 0x7E, 0xFC, 0x63,
  0x18, 0xC6, 0x31, 0x8C, 0x7E, 0xFC, 0x63, 0x18, 0xC6, 0x31, 0x8C, 0x7E,
  0xFC, 0x63, 0x18, 0xC6, 0x31, 0x8C, 0x7E, 0xFC, 0x63, 0x18, 0xC6, 0x31,
  0x8C, 0x7E, 0xFC, 0x63, 0x18, 0xC6, 0x31, 0x8C, 0x7E, 0xFC, 0x63, 0x18,
  0xC6, 0x31, 0x8C, 0x7E, 0xFC, 0x63, 0x18, 0xC6, 0x31, 0x8C, 0x7E, 0xFC,
  0x63, 0x18, 0xC6, 0x31, 0x8C, 0x7E, 0xFC, 0x63, 0x18, 0xC6, 0x31, 0x8C,
  0x7E, 0xFC, 0x63, 0x18, 0xC6, 0x31, 0x8C, 0x7E, 0xFC, 0x63, 0x18, 0xC6,
  0x31, 0x8C, 0x7E, 0xFC, 0x63, 0x18, 0xC6, 0x31, 0x8C, 0x7E, 0xFC, 0x63,
  0x18, 0xC6, 0x31, 0x8C, 0x7E, 0xFC, 0x63, 0x18, 0xC6, 0x31, 0x8C, 0x7E,
  0xFC, 0x63, 0x18, 0xC6, 0x31, 0x8C, 0x7E, 0xFC, 0x63, 0x18, 0xC6, 0x31,
  0x8C, 0x7E, 0xFC, 0x63, 0x18, 0xC6, 0x31, 0x8C, 0x7E, 0xFC, 0x63, 0x18,
  0xC6, 0x31, 0x8C, 0x7E, 0xFC, 0x63, 0x18, 0xC6, 0x31, 0x8C, 0x7E, 0xFC,
  0x63, 0x18, 0xC6, 0x31, 0x8C, 0x7E, 0xFC, 0x63, 0x18, 0xC6, 0x31, 0x8C,
  0x7E, 0xFC, 0x63, 0x18, 0xC6, 0x31, 0x8C, 0x7E, 0xFC, 0x63, 0x18, 0xC6,
  0x31, 0x8C, 0x7E, 0xFC, 0x63, 0x18, 0xC6, 0x31, 0x8C, 0x7E, 0xFC, 0x63,
  0x18, 0xC6, 0x31, 0x8C, 0x7E, 0xFC, 0x63, 0x18, 0xC6, 0x31, 0x8C, 0x7E,
  0xFC, 0x63, 0x18, 0xC6, 0x31, 0x8C, 0x7E, 0xFC, 0x63, 0x18, 0xC6, 0x31,
  0x8C, 0x7E, 0xFC, 0x63, 0x18, 0xC6, 0x31, 0x8C, 0x7E, 0xFC, 0x63, 0x18,
  0xC6, 0x31, 0x8C, 0x7E, 0xFC, 0x63, 0x18, 0xC6, 0x31, 0x8C, 0x7E, 0xFC,
  0x63, 0x18, 0xC6, 0x31, 0x8C, 0x7E, 0xFC, 0x63, 0x18, 0xC6, 0x31, 0x8C,
  0x7E, 0xFC, 0x63, 0x18, 0xC6, 0x31, 0x8C, 0x7E, 0xFC, 0x63, 0x18, 0xC6,
  0x31, 0x8C, 0x7E, 0xFC, 0x63, 0x18, 0xC6, 0x31, 0x8C, 0x7E, 0xFC, 0x63,
  0x18, 0xC6, 0x31, 0x8C, 0x7E, 0xFC, 0x63, 0x18, 0xC6, 0x31, 0x8C, 0x7E,
  0xFC, 0x63, 0x18, 0xC6, 0x31, 0x8C, 0x7E, 0xFC, 0x63, 0x18, 0xC6, 0x31,
  0x8C, 0x7E, 0xFC, 0x63, 0x18, 0xC6, 0x31, 0x8C, 0x7E, 0xFC, 0x63, 0x18,
  0xC6, 0x31, 0x8C, 0x7E, 0xFC, 0x63, 0x18, 0xC6, 0x31, 0x8C, 0x7E, 0xFC,
  0x63, 0x18, 0xC6, 0x31, 0x8C, 0x7E, 0xFC, 0x63, 0x18, 0xC6, 0x31, 0x8C,
  0x7E, 0xFC, 0x63, 0x18, 0xC6, 0x31, 0x8C, 0x7E, 0xFC, 0x63, 0x18, 0xC6,
  0x31, 0x8C, 0x7E, 0xFC, 0x63, 0x18, 0xC6, 0x31, 0x8C, 0x7E, 0xFC, 0x63,
  0x18, 0xC6, 0x31, 0x8C, 0x7E, 0xFC, 0x63, 0x18, 0xC6, 0x31, 0x8C, 0x7E,
  0xFC, 0x63, 0x18, 0xC6, 0x31, 0x8C, 0x7E, 0xFC, 0x63, 0x18, 0xC6, 0x31,
  0x8C, 0x7E, 0xFC, 0x63, 0x18, 0xC6, 0x31, 0x8C, 0x7E, 0xFC, 0x63, 0x18,
  0xC6, 0x31, 0x8C, 0x7E, 0xFC, 0x63, 0x18, 0xC6, 0x31, 0x8C, 0x7E, 0xFC,
  0x63, 0x18, 0xC6, 0x31, 0x8C, 0x7E, 0xFC, 0x63, 0x18, 0xC6, 0x31, 0x8C,
  0x7E, 0xFC, 0x63, 0x18, 0xC6, 0x31, 0x8C, 0x7E, 0xFC, 0x63, 0x18, 0xC6,
  0x31, 0x8C, 0x7E, 0xFC, 0x63, 0x18, 0xC6, 0x31, 0x8C, 0x7E, 0xFC, 0x63,
  0x18, 0xC6, 0x31, 0x8C, 0x7E, 0xFC, 0x63, 0x18, 0xC6, 0x31, 0x8C, 0x7E,
  0xFC, 0x63, 0x18, 0xC6, 0x31, 0x8C, 0x7E, 0xFC, 0x63, 0x18, 0xC6, 0x31,
  0x8C, 0x7E, 0xFC, 0x63, 0x18, 0xC6, 0x31, 0x8C, 0x7E, 0xFC, 0x63, 0x18,
  0xC6, 0x31, 0x8C, 0x7E, 0xFC, 0x63, 0x18, 0xC6, 0x31, 0x8C, 0x7E, 0xFC,
  0x63, 0x18, 0xC6, 0x31, 0x8C, 0x7E, 0xFC, 0x63, 0x18, 0xC6, 0x31, 0x8C,
  0x7E, 0xFC, 0x63, 0x18, 0xC6, 0x31, 0x8C, 0x7E, 0xFC, 0x63, 0x18, 0xC6,
  0x31, 0x8C, 0x7E, 0xFC, 0x63, 0x18, 0xC6, 0x31, 0x8C, 0x7E, 0xFC, 0x63,
  0x18, 0xC6, 0x31, 0x8C, 0x7E, 0xFC, 0x63, 0x18, 0xC6, 0x31, 0x8C, 0x7E,
  0xFC, 0x63, 0x18, 0xC6, 0x31, 0x8C, 0x7E, 0xFC, 0x63, 0x18, 0xC6, 0x31,
  0x8C, 0x7E, 0xFC, 0x63, 0x18, 0xC6, 0x31, 0x8C, 0x7E, 0xFC, 0x63, 0x18,
  0xC6, 0x31, 0x8C, 0x7E, 0xFC, 0x63, 0x18, 0xC6, 0x31, 0x8C, 0x7E, 0xFC,
  0x63, 0x18, 0xC6, 0x31, 0x8C, 0x7E, 0xFC, 0x63, 0x18, 0xC6, 0x31, 0x8C,
  0x7E, 0xFC, 0x63, 0x18, 0xC6, 0x31, 0x8C, 0x7E, 0xFC, 0x63, 0x18, 0xC6,
  0x31, 0x8C, 0x7E, 0xFC, 0x63, 0x18, 0xC6, 0x31, 0x8C, 0x7E, 0xFC, 0x63,
  0x18, 0xC6, 0x31, 0x8C, 0x7E, 0xFC, 0x63, 0x18, 0xC6, 0x31, 0x8C, 0x7E,
  0xFC, 0x63, 0x18, 0xC6, 0x31, 0x8C, 0x7E, 0xFC, 0x63, 0x18, 0xC6, 0x31,
  0x8C, 0x7E, 0xFC, 0x63, 0x18, 0xC6, 0x31, 0x8C, 0x7E, 0xFC, 0x63, 0x18,
  0xC6, 0x31, 0x8C, 0x7E, 0xFC, 0x63, 0x18, 0xC6, 0x31, 0x8C, 0x7E, 0xFC,
  0x63, 0x18, 0xC6, 0x31, 0x8C, 0x7E, 0xFC, 0x63, 0x18, 0xC6, 0x31, 0x8C,
  0x7E, 0xFC, 0x63, 0x18, 0xC6, 0x31, 0x8C, 0x7E, 0xFC, 0x63, 0x18, 0xC6,
  0x31, 0x8C, 0x7E, 0xFC, 0x63, 0x18, 0xC6, 0x31, 0x8C, 0x7E, 0xFC, 0x63,
  0x18, 0xC6, 0x31, 0x8C, 0x7E, 0xFC, 0x63, 0x18, 0xC6, 0x31, 0x8C, 0x7E,
  0xFC, 0x63, 0x18, 0xC6, 0x31, 0x8C, 0x7E, 0xFC, 0x63, 0x18, 0xC6, 0x31,
  0x8C, 0x7E, 0xFC, 0x63, 0x18, 0xC6, 0x31, 0x8C, 0x7E, 0xFC, 0x63, 0x18,
  0xC6, 0x31, 0x8C, 0x7E, 0xFC, 0x63, 0x18, 0xC6, 0x31, 0x8C, 0x7E, 0xFC,
  0x63, 0x18, 0xC6, 0x31, 0x8C, 0x7E, 0xFC, 0x63, 0x18, 0xC6, 0x31, 0x8C,
  0x7E, 0xFC, 0x63, 0x18, 0xC6, 0x31, 0x8C, 0x7E, 0xFC, 0x63, 0x18, 0xC6,
  0x31, 0x8C, 0x7E, 0xFC, 0x63, 0x18, 0xC6, 0x31, 0x8C, 0x7E, 0xFC, 0x63,
  0x18, 0xC6, 0x31, 0x8C, 0x7E, 0xFC, 0x63, 0x18, 0xC6, 0x31, 0x8C, 0x7E,
  0xFC, 0x63, 0x18, 0xC6, 0x31, 0x8C, 0x7E, 0xFC, 0x63, 0x18, 0xC6, 0x31,
  0x8C, 0x7E, 0xFC, 0x63, 0x18, 0xC6, 0x31, 0x8C, 0x7E, 0xFC, 0x63, 0x18,
  0xC6, 0x31, 0x8C, 0x7E, 0xFC, 0x63, 0x18, 0xC6, 0x31, 0x8C, 0x7E, 0xFC,
  0x63, 0x18, 0xC6, 0x31, 0x8C, 0x7E, 0xFC, 0x63, 0x18, 0xC6, 0x31, 0x8C,
  0x7E, 0xFC, 0x63, 0x18, 0xC6, 0x31, 0x8C, 0x7E, 0xFC, 0x63, 0x18, 0xC6,
  0x31, 0x8C, 0x7E, 0xFC, 0x63, 0x18, 0xC6, 0x31, 0x8C, 0x7E, 0xFC, 0x63,
  0x18, 0xC6, 0x31, 0x8C, 0x7E, 0xFC, 0x63, 0x18, 0xC6, 0x31, 0x8C, 0x7E,
  0xFC, 0x63, 0x18, 0xC6, 0x31, 0x8C, 0x7E, 0xFC, 0x63, 0x18, 0xC6, 0x31,
  0x8C, 0x7E, 0xFC, 0x63, 0x18, 0xC6, 0x31, 0x8C, 0x7E, 0xFC, 0x63, 0x18,
  0xC6, 0x31, 0x8C, 0x7E, 0xFC, 0x63, 0x18, 0xC6, 0x31, 0x8C, 0x7E, 0xFC,
  0x63, 0x18, 0xC6, 0x31, 0x8C, 0x7E, 0xFC, 0x63, 0x18, 0xC6, 0x31, 0x8C,
  0x7E, 0xFC, 0x63, 0x18, 0xC6, 0x31, 0x8C, 0x7E, 0xFC, 0x63, 0x18, 0xC6,
  0x31, 0x8C, 0x7E, 0xFC, 0x63, 0x18, 0xC6, 0x31, 0x8C, 0x7E, 0xFC, 0x63,
  0x18, 0xC6, 0x31, 0x8C, 0x7E, 0xFC, 0x63, 0x18, 0xC6, 0x31, 0x8C, 0x7E,
  0xFC, 0x63, 0x18, 0xC6, 0x31, 0x8C, 0x7E, 0xFC, 0x63, 0x18, 0xC6, 0x31,
  0x8C, 0x7E, 0xFC, 0x63, 0x18, 0xC6, 0x31, 0x8C, 0x7E, 0xFC, 0x63, 0x18,
  0xC6, 0x31, 0x8C, 0x7E, 0xFC, 0x63, 0x18, 0xC6, 0x31, 0x8C, 0x7E, 0xFC,
  0x63, 0x18, 0xC6, 0x31, 0x8C, 0x7E, 0xFC, 0x63, 0x18, 0xC6, 0x31, 0x8C,
  0x7E, 0xFC, 0x63, 0x18, 0xC6, 0x31, 0x8C, 0x7E, 0xFC, 0x63, 0x18, 0xC6,
  0x31, 0x8C, 0x7E, 0xFC, 0x63, 0x18, 0xC6, 0x31, 0x8C, 0x7E, 0xFC, 0x63,
  0x18, 0xC6, 0x31, 0x8C, 0x7E, 0xFC, 0x63, 0x18, 0xC6, 0x31, 0x8C, 0x7E,
  0xFC, 0x63, 0x18, 0xC6, 0x31, 0x8C, 0x7E, 0xFC, 0x63, 0x18, 0xC6, 0x31,
  0x8C, 0x7E, 0xFC, 0x63, 0x18, 0xC6, 0x31, 0x8C, 0x7E, 0xFC, 0x63, 0x18,
  0xC6, 0x31, 0x8C, 0x7E, 0xFC, 0x63, 0x18, 0xC6, 0x31, 0x8C, 0x7E, 0xFC,
  0x63, 0x18, 0xC6, 0x31, 0x8C, 0x7E, 0xFC, 0x63, 0x18, 0xC6, 0x31, 0x8C,
  0x7E, 0xFC, 0x63, 0x18, 0xC6, 0x31, 0x8C, 0x7E, 0xFC, 0x63, 0x18, 0xC6,
  0x31, 0x8C, 0x7E, 0xFC, 0x63, 0x18, 0xC6, 0x31, 0x8C, 0x7E, 0xFC, 0x63,
  0x18, 0xC6, 0x31, 0x8C, 0x7E, 0xFC, 0x63, 0x18, 0xC6, 0x31, 0x8C, 0x7E,
  0xFC, 0x63, 0x18, 0xC6, 0x31, 0x8C, 0x7E, 0xFC, 0x63, 0x18, 0xC6, 0x31,
  0x8C, 0x7E, 0xFC, 0x63, 0x18, 0xC6, 0x31, 0x8C, 0x7E, 0xFC, 0x63, 0x18,
  0xC6, 0x31, 0x8C, 0x7E, 0xFC, 0x63, 0x18, 0xC6, 0x31, 0x8C, 0x7E, 0xFC,
  0x63, 0x18, 0xC6, 0x31, 0x8C, 0x7E, 0xFC, 0x63, 0x18, 0xC6, 0x31, 0x8C,
  0x7E, 0xFC, 0x63, 0x18, 0xC6, 0x31, 0x8C, 0x7E, 0xFC, 0x63, 0x18, 0xC6,
  0x31, 0x8C, 0x7E, 0xFC, 0x63, 0x18, 0xC6, 0x31, 0x8C, 0x7E, 0xFC, 0x63,
  0x18, 0xC6, 0x31, 0x8C, 0x7E, 0xFC, 0x63, 0x18, 0xC6, 0x31, 0x8C, 0x7E,
  0xFC, 0x63, 0x18, 0xC6, 0x31, 0x8C, 0x7E, 0xFC, 0x63, 0x18, 0xC6, 0x31,
  0x8C, 0x7E, 0xFC, 0x63, 0x18, 0xC6, 0x31, 0x8C, 0x7E, 0xFC, 0x63, 0x18,
  0xC6, 0x31, 0x8C, 0x7E, 0xFC, 0x63, 0x18, 0xC6, 0x31, 0x8C, 0x7E, 0xFC,
  0x63, 0x18, 0xC6, 0x31, 0x8C, 0x7E, 0xFC, 0x63, 0x18, 0xC6, 0x31, 0x8C,
  0x7E, 0xFC, 0x63, 0x18, 0xC6, 0x31, 0x8C, 0x7E, 0xFC, 0x63, 0x18, 0xC6,
  0x31, 0x8C, 0x7E, 0xFC, 0x63, 0x18, 0xC6, 0x31, 0x8C, 0x7E, 0xFC, 0x63,
  0x18, 0xC6, 0x31, 0x8C, 0x7E, 0xFC, 0x63, 0x18, 0xC6, 0x31, 0x8C, 0x7E,
  0xFC, 0x63, 0x18, 0xC6, 0x31, 0x8C, 0x7E, 0xFC, 0x63, 0x18, 0xC6, 0x31,
  0x8C, 0x7E, 0xFC, 0x63, 0x18, 0xC6, 0x31, 0x8C, 0x7E, 0xFC, 0x63, 0x18,
  0xC6, 0x31, 0x8C, 0x7E, 0xFC, 0x63, 0x18, 0xC6, 0x31, 0x8C, 0x7E, 0xFC,
  0x63, 0x18, 0xC6, 0x31, 0x8C, 0x7E, 0xFC, 0x63, 0x18, 0xC6, 0x31, 0x8C,
  0x7E, 0xFC, 0x63, 0x18, 0xC6, 0x31, 0x8C, 0x7E, 0xFC, 0x63, 0x18, 0xC6,
  0x31, 0x8C, 0x7E, 0xFC, 0x63, 0x18, 0xC6, 0x31, 0x8C, 0x7E, 0xFC, 0x63,
  0x18, 0xC6, 0x31, 0x8C, 0x7E, 0xFC, 0x63, 0x18, 0xC6, 0x31, 0x8C, 0x7E,
  0xFC, 0x63, 0x18, 0xC6, 0x31, 0x8C, 0x7E, 0xFC, 0x63, 0x18, 0xC6, 0x31,
  0x8C, 0x7E, 0xFC, 0x63, 0x18, 0xC6, 0x31, 0x8C, 0x7E, 0xFC, 0x63, 0x18,
  0xC6, 0x31, 0x8C, 0x7E, 0xFC, 0x63, 0x18, 0xC6, 0x31, 0x8C, 0x7E, 0xFC,
  0x63, 0x18, 0xC6, 0x31, 0x8C, 0x7E, 0xFC, 0x63, 0x18, 0xC6, 0x31, 0x8C,
  0x7E, 0xFC, 0x63, 0x18, 0xC6, 0x31, 0x8C, 0x7E, 0xFC, 0x63, 0x18, 0xC6,
  0x31, 0x8C, 0x7E, 0xFC, 0x63, 0x18, 0xC6, 0x31, 0x8C, 0x7E, 0xFC, 0x63,
  0x18, 0xC6, 0x31, 0x8C, 0x7E, 0xFC, 0x63, 0x18, 0xC6, 0x31, 0x8C, 0x7E,
  0xFC, 0x63, 0x18, 0xC6, 0x31, 0x8C, 0x7E, 0xFC, 0x63, 0x18, 0xC6, 0x31,
  0x8C, 0x7E, 0xFC, 0x63, 0x18, 0xC6, 0x31, 0x8C, 0x7E, 0xFC, 0x63, 0x18,
  0xC6, 0x31, 0x8C, 0x7E, 0xFC, 0x63, 0x18, 0xC6, 0x31, 0x8C, 0x7E, 0xFC,
  0x63, 0x18, 0xC6, 0x31, 0x8C, 0x7E, 0xFC, 0x63, 0x18, 0xC6, 0x31, 0x8C,
  0x7E, 0xFC, 0x63, 0x18, 0xC6, 0x31, 0x8C, 0x7E, 0xFC, 0x63, 0x18, 0xC6,
  0x31, 0x8C, 0x7E, 0xFC, 0x63, 0x18, 0xC6, 0x31, 0x8C, 0x7E, 0xFC, 0x63,
  0x18, 0xC6, 0x31, 0x8C, 0x7E, 0xFC, 0x63, 0x18, 0xC6, 0x31, 0x8C, 0x7E,
  0xFC, 0x63, 0x18, 0xC6, 0x31, 0x8C, 0x7E, 0xFC, 0x63, 0x18, 0xC6, 0x31,
  0x8C, 0x7E, 0xFC, 0x63, 0x18, 0xC6, 0x31, 0x8C, 0x7E, 0xFC, 0x63, 0x18,
  0xC6, 0x31, 0x8C, 0x7E, 0xFC, 0x63, 0x18, 0xC6, 0x31, 0x8C, 0x7E, 0xFC,
  0x63, 0x18, 0xC6, 0x31, 0x8C, 0x7E, 0xFC, 0x63, 0x18, 0xC6, 0x31, 0x8C,
  0x7E, 0xFC, 0x63, 0x18, 0xC6, 0x31, 0x8C, 0x7E, 0xFC, 0x63, 0x18, 0xC6,
  0x31, 0x8C, 0x7E, 0xFC, 0x63, 0x18, 0xC6, 0x31, 0x8C, 0x7E, 0xFC, 0x63,
  0x18, 0xC6, 0x31, 0x8C, 0x7E, 0xFC, 0x63, 0x18, 0xC6, 0x31, 0x8C, 0x7E,
  0xFC, 0x63, 0x18, 0xC6, 0x31, 0x8C, 0x7E, 0xFC, 0x63, 0x18, 0xC6, 0x31,
  0x8C, 0x7E, 0xFC, 0x63, 0x18, 0xC6, 0x31, 0x8C, 0x7E, 0xFC, 0x63, 0x18,
  0xC6, 0x31, 0x8C, 0x7E, 0xFC, 0x63, 0x18, 0xC6, 0x31, 0x8C, 0x7E, 0xFC,
  0x63, 0x18, 0xC6, 0x31, 0x8C, 0x7E, 0xFC, 0x63, 0x18, 0xC6, 0x31, 0x8C,
  0x7E, 0xFC, 0x63, 0x18, 0xC6, 0x31, 0x8C, 0x7E, 0xFC, 0x63, 0x18, 0xC6,
  0x31, 0x8C, 0x7E, 0xFC, 0x63, 0x18, 0xC6, 0x31, 0x8C, 0x7E, 0xFC, 0x63,
  0x18, 0xC6, 0x31, 0x8C, 0x7E, 0xFC, 0x63, 0x18, 0xC6, 0x31, 0x8C, 0x7E,
  0xFC, 0x63, 0x18, 0xC6, 0x31, 0x8C, 0x7E, 0xFC, 0x63, 0x18, 0xC6, 0x31,
  0x8C, 0x7E, 0xFC, 0x63, 0x18, 0xC6, 0x31, 0x8C, 0x7E, 0xFC, 0x63, 0x18,
  0xC6, 0x31, 0x8C, 0x7E, 0xFC, 0x63, 0x18, 0xC6, 0x31, 0x8C, 0x7E, 0xFC,
  0x63, 0x18, 0xC6, 0x31, 0x8C, 0x7E, 0xFC, 0x63, 0x18, 0xC6, 0x31, 0x8C,
  0x7E, 0xFC, 0x63, 0x18, 0xC6, 0x31, 0x8C, 0x7E, 0xFC, 0x63, 0x18, 0xC6,
  0x31, 0x8C, 0x7E, 0xFC, 0x63, 0x18, 0xC6, 0x31, 0x8C, 0x7E, 0xFC, 0x63,
  0x18, 0xC6, 0x31, 0x8C, 0x7E, 0xFC, 0x63, 0x18, 0xC6, 0x31, 0x8C, 0x7E,
  0xFC, 0x63, 0x18, 0xC6, 0x31, 0x8C, 0x7E, 0xFC, 0x63, 0x18, 0xC6, 0x31,
  0x8C, 0x7E, 0xFC, 0x63, 0x18, 0xC6, 0x31, 0x8C, 0x7E, 0xFC, 0x63, 0x18,
  0xC6, 0x31, 0x8C, 0x7E, 0xFC, 0x63, 0x18, 0xC6, 0x31, 0x8C, 0x7E, 0xFC,
  0x63, 0x18, 0xC6, 0x31, 0x8C, 0x7E, 0xFC, 0x63, 0x18, 0xC6, 0x31, 0x8C,
  0x7E, 0xFC, 0x63, 0x18, 0xC6, 0x31, 0x8C, 0x7E, 0xFC, 0x63, 0x18, 0xC6,
  0x31, 0x8C, 0x7E, 0xFC, 0x63, 0x18, 0xC6, 0x31, 0x8C, 0x7E, 0xFC, 0x63,
  0x18, 0xC6, 0x31, 0x8C, 0x7E, 0xFC, 0x63, 0x18, 0xC6, 0x31, 0x8C, 0x7E,
  0xFC, 0x63, 0x18, 0xC6, 0x31, 0x8C, 0x7E, 0xFC, 0x63, 0x18, 0xC6, 0x31,
  0x8C, 0x7E, 0xFC, 0x63, 0x18, 0xC6, 0x31, 0x8C, 0x7E, 0xFC, 0x63, 0x18,
  0xC6, 0x31, 0x8C, 0x7E, 0xFC, 0x63, 0x18, 0xC6, 0x31, 0x8C, 0x7E, 0xFC,
  0x63, 0x18, 0xC6, 0x31, 0x8C, 0x7E, 0xFC, 0x63, 0x18, 0xC6, 0x31, 0x8C,
  0x7E, 0xFC, 0x63, 0x18, 0xC6, 0x31, 0x8C, 0x7E, 0xFC, 0x63, 0x18, 0xC6,
  0x31, 0x8C, 0x7E, 0xFC, 0x63, 0x18, 0xC6, 0x31, 0x8C, 0x7E, 0xFC, 0x63,
  0x18, 0xC6, 0x31, 0x8C, 0x7E, 0xFC, 0x63, 0x18, 0xC6, 0x31, 0x8C, 0x7E,
  0xFC, 0x63, 0x18, 0xC6, 0x31, 0x8C, 0x7E, 0xFC, 0x63, 0x18, 0xC6, 0x31,
  0x8C, 0x7E, 0xFC, 0x63, 0x18, 0xC6, 0x31, 0x8C, 0x7E, 0xFC, 0x63, 0x18,
  0xC6, 0x31, 0x8C, 0x7E, 0xFC, 0x63, 0x18, 0xC6, 0x31, 0x8C, 0x7E, 0xFC,
  0x63, 0x18, 0xC6, 0x31, 0x8C, 0x7E, 0xFC, 0x63, 0x18, 0xC6, 0x31, 0x8C,
  0x7E, 0xFC, 0x63, 0x18, 0xC6, 0x31, 0x8C, 0x7E, 0xFC, 0x63, 0x18, 0xC6,
  0x31, 0x8C, 0x7E, 0xFC, 0x63, 0x18, 0xC6, 0x31, 0x8C, 0x7E, 0xFC, 0x63,
  0x18, 0xC6, 0x31, 0x8C, 0x7E, 0xFC, 0x63, 0x18, 0xC6, 0x31, 0x8C, 0x7E,
  0xFC, 0x63, 0x18, 0xC6, 0x31, 0x8C, 0x7E, 0xFC, 0x63, 0x18, 0xC6, 0x31,
  0x8C, 0x7E, 0xFC, 0x63, 0x18, 0xC6, 0x31, 0x8C, 0x7E, 0xFC, 0x63, 0x18,
  0xC6, 0x31, 0x8C, 0x7E, 0xFC, 0x63, 0x18, 0xC6, 0x31, 0x8C, 0x7E, 0xFC,
  0x63, 0x18, 0xC6, 0x31, 0x8C, 0x7E, 0xFC, 0x63, 0x18, 0xC6, 0x31, 0x8C,
  0x7E, 0xFC, 0x63, 0x18, 0xC6, 0x31, 0x8C, 0x7E, 0xFC, 0x63, 0x18, 0xC6,
  0x31, 0x8C, 0x7E, 0xFC, 0x63, 0x18, 0xC6, 0x31, 0x8C, 0x7E, 0xFC, 0x63,
  0x18, 0xC6, 0x31, 0x8C, 0x7E, 0xFC, 0x63, 0x18, 0xC6, 0x31, 0x8C, 0x7E,
  0xFC, 0x63, 0x18, 0xC6, 0x31, 0x8C, 0x7E, 0xFC, 0x63, 0x18, 0xC6, 0x31,
  0x8C, 0x7E, 0xFC, 0x63, 0x18, 0xC6, 0x31, 0x8C, 0x7E, 0xFC, 0x63, 0x18,
  0xC6, 0x31, 0x8C, 0x7E, 0xFC, 0x63, 0x18, 0xC6, 0x31, 0x8C, 0x7E, 0xFC,
  0x63, 0x18, 0xC6, 0x31, 0x8C, 0x7E, 0xFC, 0x63, 0x18, 0xC6, 0x31, 0x8C,
  0x7E, 0xFC, 0x63, 0x18, 0xC6, 0x31, 0x8C, 0x7E, 0xFC, 0x63, 0x18, 0xC6,
  0x31, 0x8C, 0x7E, 0xFC, 0x63, 0x18, 0xC6, 0x31, 0x8C, 0x7E, 0xFC, 0x63,
  0x18, 0xC6, 0x31, 0x8C, 0x7E, 0xFC, 0x63, 0x18, 0xC6, 0x31, 0x8C, 0x7E,
  0xFC, 0x63, 0x18, 0xC6, 0x31, 0x8C, 0x7E, 0xFC, 0x63, 0x18, 0xC6, 0x31,
  0x8C, 0x7E, 0xFC, 0x63, 0x18, 0xC6, 0x31, 0x8C, 0x7E, 0xFC, 0x63, 0x18,
  0xC6, 0x31, 0x8C, 0x7E, 0xFC, 0x63, 0x18, 0xC6, 0x31, 0x8C, 0x7E, 0xFC,
  0x63, 0x18, 0xC6, 0x31, 0x8C, 0x7E, 0xFC, 0x63, 0x18, 0xC6, 0x31, 0x8C,
  0x7E, 0xFC, 0x63, 0x18, 0xC6, 0x31, 0x8C, 0x7E, 0xFC, 0x63, 0x18, 0xC6,
  0x31, 0x8C, 0x7E, 0xFC, 0x63, 0x18, 0xC6, 0x31, 0x8C, 0x7E, 0xFC, 0x63,
  0x18, 0xC6, 0x31, 0x8C, 0x7E, 0xFC, 0x63, 0x18, 0xC6, 0x31, 0x8C, 0x7E,
  0xFC, 0x63, 0x18, 0xC6, 0x31, 0x8C, 0x7E, 0xFC, 0x63, 0x18, 0xC6, 0x31,
  0x8C, 0x7E, 0xFC, 0x63, 0x18, 0xC6, 0x31, 0x8C, 0x7E, 0xFC, 0x63, 0x18,
  0xC6, 0x31, 0x8C, 0x7E, 0xFC, 0x63, 0x18, 0xC6, 0x31, 0x8C, 0x7E, 0xFC,
  0x63, 0x18, 0xC6, 0x31, 0x8C, 0x7E, 0xFC, 0x63, 0x18, 0xC6, 0x31, 0x8C,
  0x7E, 0xFC, 0x63, 0x18, 0xC6, 0x31, 0x8C, 0x7E, 0xFC, 0x63, 0x18, 0xC6,
  0x31, 0x8C, 0x7E, 0xFC, 0x63, 0x18, 0xC6, 0x31, 0x8C, 0x7E, 0xFC, 0x63,
  0x18, 0xC6, 0x31, 0x8C, 0x7E, 0xFC, 0x63, 0x18, 0xC6, 0x31, 0x8C, 0x7E,
  0xFC, 0x63, 0x18, 0xC6, 0x31, 0x8C, 0x7E, 0xFC, 0x63, 0x18, 0xC6, 0x31,
  0x8C, 0x7E, 0xFC, 0x63, 0x18, 0xC6, 0x31, 0x8C, 0x7E, 0xFC, 0x63, 0x18,
  0xC6, 0x31, 0x8C, 0x7E, 0xFC, 0x63, 0x18, 0xC6, 0x31, 0x8C, 0x7E, 0xFC,
  0x63, 0x18, 0xC6, 0x31, 0x8C, 0x7E, 0xFC, 0x63, 0x18, 0xC6, 0x31, 0x8C,
  0x7E, 0xFC, 0x63, 0x18, 0xC6, 0x31, 0x8C, 0x7E, 0xFC, 0x63, 0x18, 0xC6,
  0x31, 0x8C, 0x7E, 0xFC, 0x63, 0x18, 0xC6, 0x31, 0x8C, 0x7E, 0xFC, 0x63,
  0x18, 0xC6, 0x31, 0x8C, 0x7E, 0xFC, 0x63, 0x18, 0xC6, 0x31, 0x8C, 0x7E,
  0xFC, 0x63, 0x18, 0xC6, 0x31, 0x8C, 0x7E, 0xFC, 0x63, 0x18, 0xC6, 0x31,
  0x8C, 0x7E, 0xFC, 0x63, 0x18, 0xC6, 0x31, 0x8C, 0x7E, 0xFC, 0x63, 0x18,
  0xC6, 0x31, 0x8C, 0x7E, 0xFC, 0x63, 0x18, 0xC6, 0x31, 0x8C, 0x7E, 0xFC,
  0x63, 0x18, 0xC6, 0x31, 0x8C, 0x7E, 0xFC, 0x63, 0x18, 0xC6, 0x31, 0x8C,
  0x7E, 0xFC, 0x63, 0x18, 0xC6, 0x31, 0x8C, 0x7E, 0xFC, 0x63, 0x18, 0xC6,
  0x31, 0x8C, 0x7E, 0xFC, 0x63, 0x18, 0xC6, 0x31, 0x8C, 0x7E, 0xFC, 0x63,
  0x18, 0xC6, 0x31, 0x8C, 0x7E, 0xFC, 0x63, 0x18, 0xC6, 0x31, 0x8C, 0x7E,
  0xFC, 0x63, 0x18, 0xC6, 0x31, 0x8C, 0x7E, 0xFC, 0x63, 0x18, 0xC6, 0x31,
  0x8C, 0x7E, 0xFC, 0x63, 0x18, 0xC6, 0x31, 0x8C, 0x7E, 0xFC, 0x63, 0x18,
  0xC6, 0x31, 0x8C, 0x7E, 0xFC, 0x63, 0x18, 0xC6, 0x31, 0x8C, 0x7E, 0xFC,
  0x63, 0x18, 0xC6, 0x31, 0x8C, 0x7E, 0xFC, 0x63, 0x18, 0xC6, 0x31, 0x8C,
  0x7E, 0xFC, 0x63, 0x18, 0xC6, 0x31, 0x8C, 0x7E, 0xFC, 0x63, 0x18, 0xC6,
  0x31, 0x8C, 0x7E, 0xFC, 0x63, 0x18, 0xC6, 0x31, 0x8C, 0x7E, 0xFC, 0x63,
  0x18, 0xC6, 0x31, 0x8C, 0x7E, 0xFC, 0x63, 0x18, 0xC6, 0x31, 0x8C, 0x7E,
  0xFC, 0x63, 0x18, 0xC6, 0x31, 0x8C, 0x7E, 0xFC, 0x63, 0x18, 0xC6, 0x31,
  0x8C, 0x7E, 0xFC, 0x63, 0x18, 0xC6, 0x31, 0x8C, 0x7E, 0xFC, 0x63, 0x18,
  0xC6, 0x31, 0x8C, 0x7E, 0xFC, 0x63, 0x18, 0xC6, 0x31, 0x8C, 0x7E, 0xFC,
  0x63, 0x18, 0xC6, 0x31, 0x8C, 0x7E, 0xFC, 0x63, 0x18, 0xC6, 0x31, 0x8C,
  0x7E, 0xFC, 0x63, 0x18, 0xC6, 0x31, 0x8C, 0x7E, 0xFC, 0x63, 0x18, 0xC6,
  0x31, 0x8C, 0x7E, 0xFC, 0x63, 0x18, 0xC6, 0x31, 0x8C, 0x7E, 0xFC, 0x63,
  0x18, 0xC6, 0x31, 0x8C, 0x7E, 0xFC, 0x63, 0x18, 0xC6, 0x31, 0x8C, 0x7E,
  0xFC, 0x63, 0x18, 0xC6, 0x31, 0x8C, 0x7E, 0xFC, 0x63, 0x18, 0xC6, 0x31,
  0x8C, 0x7E, 0xFC, 0x63, 0x18, 0xC6, 0x31, 0x8C, 0x7E, 0xFC, 0x63, 0x18,
  0xC6, 0x31, 0x8C, 0x7E, 0xFC, 0x63, 0x18, 0xC6, 0x31, 0x8C, 0x7E, 0xFC,
  0x63, 0x18, 0xC6, 0x31, 0x8C, 0x7E, 0xFC, 0x63, 0x18, 0xC6, 0x31, 0x8C,
  0x7E, 0xFC, 0x63, 0x18, 0xC6, 0x31, 0x8C, 0x7E, 0xFC, 0x63, 0x18, 0xC6,
  0x31, 0x8C, 0x7E, 0xFC, 0x63, 0x18, 0xC6, 0x31, 0x8C, 0x7E, 0xFC, 0x63,
  0x18, 0xC6, 0x31, 0x8C, 0x7E, 0xFC, 0x63, 0x18, 0xC6, 0x31, 0x8C, 0x7E,
  0xFC, 0x63, 0x18, 0xC6, 0x31, 0x8C, 0x7E, 0xFC, 0x63, 0x18, 0xC6, 0x31,
  0x8C, 0x7E, 0xFC, 0x63, 0x18, 0xC6, 0x31, 0x8C, 0x7E, 0xFC, 0x63, 0x18,
  0xC6, 0x31, 0x8C, 0x7E, 0xFC, 0x63, 0x18, 0xC6, 0x31, 0x8C, 0x7E, 0xFC,
  0x63, 0x18, 0xC6, 0x31, 0x8C, 0x7E, 0xFC, 0x63, 0x18, 0xC6, 0x31, 0x8C,
  0x7E, 0xFC, 0x63, 0x18, 0xC6, 0x31, 0x8C, 0x7E, 0xFC, 0x63, 0x18, 0xC6,
  0x31, 0x8C, 0x7E, 0xFC, 0x63, 0x18, 0xC6, 0x31, 0x8C, 0x7E, 0xFC, 0x63,
  0x18, 0xC6, 0x31, 0x8C, 0x7E, 0xFC, 0x63, 0x18, 0xC6, 0x31, 0x8C, 0x7E,
  0xFC, 0x63, 0x18, 0xC6, 0x31, 0x8C, 0x7E, 0xFC, 0x63, 0x18, 0xC6, 0x31,
  0x8C, 0x7E, 0xFC, 0x63, 0x18, 0xC6, 0x31, 0x8C, 0x7E, 0xFC, 0x63, 0x18,
  0xC6, 0x31, 0x8C, 0x7E, 0xFC, 0x63, 0x18, 0xC6, 0x31, 0x8C, 0x7E, 0xFC,
  0x63, 0x18, 0xC6, 0x31, 0x8C, 0x7E, 0xFC, 0x63, 0x18, 0xC6, 0x31, 0x8C,
  0x7E, 0xFC, 0x63, 0x18, 0xC6, 0x31, 0x8C, 0x7E, 0xFC, 0x63, 0x18, 0xC6,
  0x31, 0x8C, 0x7E, 0xFC, 0x63, 0x18, 0xC6, 0x31, 0x8C, 0x7E, 0xFC, 0x63,
  0x18, 0xC6, 0x31, 0x8C, 0x7E, 0xFC, 0x63, 0x18, 0xC6, 0x31, 0x8C, 0x7E,
  0xFC, 0x63, 0x18, 0xC6, 0x31, 0x8C, 0x7E, 0xFC, 0x63, 0x18, 0xC6, 0x31,
  0x8C, 0x7E, 0xFC, 0x63, 0x18, 0xC6, 0x31, 0x8C, 0x7E, 0xFC, 0x63, 0x18,
  0xC6, 0x31, 0x8C, 0x7E, 0xFC, 0x63, 0x18, 0xC6, 0x31, 0x8C, 0x7E, 0xFC,
  0x63, 0x18, 0xC6, 0x31, 0x8C, 0x7E, 0xFC, 0x63, 0x18, 0xC6, 0x31, 0x8C,
  0x7E, 0xFC, 0x63, 0x18, 0xC6, 0x31, 0x8C, 0x7E, 0xFC, 0x63, 0x18, 0xC6,
  0x31, 0x8C, 0x7E, 0xFC, 0x63, 0x18, 0xC6, 0x31, 0x8C, 0x7E, 0xFC, 0x63,
  0x18, 0xC6, 0x31, 0x8C, 0x7E, 0xFC, 0x63, 0x18, 0xC6, 0x31, 0x8C, 0x7E,
  0xFC, 0x63, 0x18, 0xC6, 0x31, 0x8C, 0x7E, 0xFC, 0x63, 0x18, 0xC6, 0x31,
  0x8C, 0x7E, 0xFC, 0x63, 0x18, 0xC6, 0x31, 0x8C, 0x7E, 0xFC, 0x63, 0x18,
  0xC6, 0x31, 0x8C, 0x7E, 0xFC, 0x63, 0x18, 0xC6, 0x31, 0x8C, 0x7E, 0xFC,
  0x63, 0x18, 0xC6, 0x31, 0x8C, 0x7E, 0xFC, 0x63, 0x18, 0xC6, 0x31, 0x8C,
  0x7E, 0xFC, 0x63, 0x18, 0xC6, 0x31, 0x8C, 0x7E, 0xFC, 0x63, 0x18, 0xC6,
  0x31, 0x8C, 0x7E, 0xFC, 0x63, 0x18, 0xC6, 0x31, 0x8C, 0x7E, 0xFC, 0x63,
  0x18, 0xC6, 0x31, 0x8C, 0x7E, 0xFC, 0x63, 0x18, 0xC6, 0x31, 0x8C, 0x7E,
  0xFC, 0x63, 0x18, 0xC6, 0x31, 0x8C, 0x7E, 0xFC, 0x63, 0x18, 0xC6, 0x31,
  0x8C, 0x7E, 0xFC, 0x63, 0x18, 0xC6, 0x31, 0x8C, 0x7E, 0xFC, 0x63, 0x18,
  0xC6, 0x31, 0x8C, 0x7E, 0xFC, 0x63, 0x18, 0xC6, 0x31, 0x8C, 0x7E, 0xFC,
  0x63, 0x18, 0xC6, 0x31, 0x8C, 0x7E, 0xFC, 0x63, 0x18, 0xC6, 0x31, 0x8C,
  0x7E, 0xFC, 0x63, 0x18, 0xC6, 0x31, 0x8C, 0x7E, 0xFC, 0x63, 0x18, 0xC6,
  0x31, 0x8C, 0x7E, 0xFC, 0x63, 0x18, 0xC6, 0x31, 0x8C, 0x7E, 0xFC, 0x63,
  0x18, 0xC6, 0x31, 0x8C, 0x7E, 0xFC, 0x63, 0x18, 0xC6, 0x31, 0x8C, 0x7E,
  0xFC, 0x63, 0x18, 0xC6, 0x31, 0x8C, 0x7E, 0xFC, 0x63, 0x18, 0xC6, 0x31,
  0x8C, 0x7E, 0xFC, 0x63, 0x18, 0xC6, 0x31, 0x8C, 0x7E, 0xFC, 0x63, 0x18,
  0xC6, 0x31, 0x8C, 0x7E, 0xFC, 0x63, 0x18, 0xC6, 0x31, 0x8C, 0x7E, 0xFC,
  0x63, 0x18, 0xC6, 0x31, 0x8C, 0x7E, 0xFC, 0x63, 0x18, 0xC6, 0x31, 0x8C,
  0x7E, 0xFC, 0x63, 0x18, 0xC6, 0x31, 0x8C, 0x7E, 0xFC, 0x63, 0x18, 0xC6,
  0x31, 0x8C, 0x7E, 0xFC, 0x63, 0x18, 0xC6, 0x31, 0x8C, 0x7E, 0xFC, 0x63,
  0x18, 0xC6, 0x31, 0x8C, 0x7E, 0xFC, 0x63, 0x18, 0xC6, 0x31, 0x8C, 0x7E,
  0xFC, 0x63, 0x18, 0xC6, 0x31, 0x8C, 0x7E, 0xFC, 0x63, 0x18, 0xC6, 0x31,
  0x8C, 0x7E, 0xFC, 0x63, 0x18, 0xC6, 0x31, 0x8C, 0x7E, 0xFC, 0x63, 0x18,
  0xC6, 0x31, 0x8C, 0x7E, 0xFC, 0x63, 0x18, 0xC6, 0x31, 0x8C, 0x7E, 0xFC,
  0x63, 0x18, 0xC6, 0x31, 0x8C, 0x7E, 0xFC, 0x63, 0x18, 0xC6, 0x31, 0x8C,
  0x7E, 0xFC, 0x63, 0x18, 0xC6, 0x31, 0x8C, 0x7E, 0xFC, 0x63, 0x18, 0xC6,
  0x31, 0x8C, 0x7E, 0xFC, 0x63, 0x18, 0xC6, 0x31, 0x8C, 0x7E, 0xFC, 0x63,
  0x18, 0xC6, 0x31, 0x8C, 0x7E, 0xFC, 0x63, 0x18, 0xC6, 0x31, 0x8C, 0x7E,
  0xFC, 0x63, 0x18, 0xC6, 0x31, 0x8C, 0x7E, 0xFC, 0x63, 0x18, 0xC6, 0x31,
  0x8C, 0x7E, 0xFC, 0x63, 0x18, 0xC6, 0x31, 0x8C, 0x7E, 0xFC, 0x63, 0x18,
  0xC6, 0x31, 0x8C, 0x7E, 0xFC, 0x63, 0x18, 0xC6, 0x31, 0x8C, 0x7E, 0xFC,
  0x63, 0x18, 0xC6, 0x31, 0x8C, 0x7E, 0xFC, 0x63, 0x18, 0xC6, 0x31, 0x8C,
  0x7E, 0xFC, 0x63, 0x18, 0xC6, 0x31, 0x8C, 0x7E, 0xFC, 0x63, 0x18, 0xC6,
  0x31, 0x8C, 0x7E, 0xFC, 0x63, 0x18, 0xC6, 0x31, 0x8C, 0x7E, 0xFC, 0x63,
  0x18, 0xC6, 0x31, 0x8C, 0x7E, 0xFC, 0x63, 0x18, 0xC6, 0x31, 0x8C, 0x7E,
  0xFC, 0x63, 0x18, 0xC6, 0x31, 0x8C, 0x7E, 0xFC, 0x63, 0x18, 0xC6, 0x31,
  0x8C, 0x7E, 0xFC, 0x63, 0x18, 0xC6, 0x31, 0x8C, 0x7E, 0xFC, 0x63, 0x18,
  0xC6, 0x31, 0x8C, 0x7E, 0xFC, 0x63, 0x18, 0xC6, 0x31, 0x8C, 0x7E, 0xFC,
  0x63, 0x18, 0xC6, 0x31, 0x8C, 0x7E, 0xFC, 0x63, 0x18, 0xC6, 0x31, 0x8C,
  0x7E, 0xFC, 0x63, 0x18, 0xC6, 0x31, 0x8C, 0x7E, 0xFC, 0x63, 0x18, 0xC6,
  0x31, 0x8C, 0x7E, 0xFC, 0x63, 0x18, 0xC6, 0x31, 0x8C, 0x7E, 0xFC, 0x63,
  0x18, 0xC6, 0x31, 0x8C, 0x7E, 0xFC, 0x63, 0x18, 0xC6, 0x31, 0x8C, 0x7E,
  0xFC, 0x63, 0x18, 0xC6, 0x31, 0x8C, 0x7E, 0xFC, 0x63, 0x18, 0xC6, 0x31,
  0x8C, 0x7E, 0xFC, 0x63, 0x18, 0xC6, 0x31, 0x8C, 0x7E, 0xFC, 0x63, 0x18,
  0xC6, 0x31, 0x8C, 0x7E, 0xFC, 0x63, 0x18, 0xC6, 0x31, 0x8C, 0x7E, 0xFC,
  0x63, 0x18, 0xC6, 0x31, 0x8C, 0x7E, 0xFC, 0x63, 0x18, 0xC6, 0x31, 0x8C,
  0x7E, 0xFC, 0x63, 0x18, 0xC6, 0x31, 0x8C, 0x7E, 0xFC, 0x63, 0x18, 0xC6,
  0x31, 0x8C, 0x7E, 0xFC, 0x63, 0x18, 0xC6, 0x31, 0x8C, 0x7E, 0xFC, 0x63,
  0x18, 0xC6, 0x31, 0x8C, 0x7E, 0xFC, 0x63, 0x18, 0xC6, 0x31, 0x8C, 0x7E,
  0xF0, 0x9E, 0x74, 0x51, 0xF1, 0x10, 0xF5, 0x10, 0xF0, 0xBB, 0xBB, 0x44,
  0xE0, 0xE8, 0xF0, 0xF0, 0x84, 0x10, 0xB1, 0x80, 0xF0, 0xC0, 0xFF, 0xFC,
  0x63, 0x18, 0xC6, 0x31, 0x8C, 0x7E, 0xFC, 0x63, 0x18, 0xC6, 0x31, 0x8C,
  0x7E, 0xF0, 0xF0, 0xFC, 0x63, 0x18, 0xC6, 0x31, 0x8C, 0x7E, 0xFC, 0x63,
  0x18, 0xC6, 0x31, 0x8C, 0x7E, 0xFC, 0x63, 0x18, 0xC6, 0x31, 0x8C, 0x7E,
  0xFC, 0x63, 0x18, 0xC6, 0x31, 0x8C, 0x7E, 0xE8, 0xFC, 0x63, 0x18, 0xC6,
  0x31, 0x8C, 0x7E, 0xFC, 0x63, 0x18, 0xC6, 0x31, 0x8C, 0x7E, 0xFC, 0x63,
  0x18, 0xC6, 0x31, 0x8C, 0x7E, 0xFC, 0x63, 0x18, 0xC6, 0x31, 0x8C, 0x7E,
  0xFC, 0x63, 0x18, 0xC6, 0x31, 0x8C, 0x7E, 0xFC, 0x63, 0x18, 0xC6, 0x31,
  0x8C, 0x7E, 0xFC, 0x63, 0x18, 0xC6, 0x31, 0x8C, 0x7E, 0xFC, 0x63, 0x18,
  0xC6, 0x31, 0x8C, 0x7E, 0x71, 0x9C, 0x63, 0x98, 0x66, 0x7D, 0x9B, 0xE6,
  0x61, 0x9C, 0x63, 0x98, 0x60, 0xF9, 0xF8, 0x30, 0x60, 0xC1, 0x83, 0x06,
  0xFF, 0xFC, 0x73, 0xC6, 0x31, 0x8C, 0x67, 0xFE, 0xC0, 0xFF, 0xFC, 0x30,
  0x60, 0xC1, 0x83, 0x06, 0x0C, 0x18, 0xFE, 0xFF, 0x07, 0x03, 0xC3, 0xC3,
  0xC3, 0xC3, 0xC3, 0xC3, 0xFF, 0xFF, 0xF0, 0xFF, 0x32, 0x66, 0x66, 0x66,
  0xFE, 0xFF, 0xC7, 0xC3, 0xC3, 0xC3, 0xC3, 0xC3, 0xC3, 0xC3, 0xDE, 0xDE,
  0xC3, 0xC3, 0xC3, 0xC3, 0xC3, 0xE7, 0x7E, 0x3C, 0xFF, 0xE8, 0xF9, 0xF8,
  0x38, 0x30, 0x60, 0xC1, 0x83, 0x06, 0x0C, 0x18, 0x30, 0x60, 0xC0, 0xF9,
  0xF8, 0x38, 0x30, 0x60, 0xC1, 0x87, 0xFD, 0xF0, 0xC1, 0x83, 0xFF, 0xF0,
  0x61, 0xC3, 0x06, 0x0C, 0x18, 0x60, 0xC0, 0xFE, 0xFF, 0xC3, 0xC3, 0xC3,
  0xC3, 0xC3, 0xC3, 0xFF, 0xFF, 0xCE, 0xDF, 0x63, 0x63, 0xC3, 0xC3, 0xC3,
  0xC3, 0xCF, 0xCF, 0x6D, 0xB6, 0xDB, 0x6D, 0xB6, 0xC0, 0xEF, 0x33, 0x33,
  0x33, 0xFF, 0xFC, 0xFE, 0x67, 0xC3, 0xC3, 0xC3, 0xC3, 0xE7, 0x7E, 0x3C,
  0x10, 0x0E, 0x03, 0x88, 0x62, 0x18, 0xC7, 0x31, 0xDC, 0x36, 0x0F, 0x9F,
  0x87, 0x00, 0x3C, 0x7E, 0xC7, 0xC3, 0xC3, 0xF3, 0x63, 0x03, 0x03, 0x03,
  0x03, 0x03, 0x03, 0x03, 0x3C, 0x7E, 0xC7, 0xC3, 0xE3, 0x73, 0x03, 0x07,
  0xFE, 0xFC, 0xE3, 0xE3, 0x63, 0x73, 0x3F, 0x3E, 0x30, 0x30, 0x30, 0x30,
  0x30, 0x30, 0x30, 0xE3, 0x63, 0x73, 0x37, 0x3E, 0x1E, 0x0E, 0x06, 0xFF,
  0xFF, 0xFF, 0xFF, 0x03, 0x06, 0xC6, 0xC6, 0xCE, 0xCC, 0xCC, 0xCC, 0xC0,
  0xC0, 0xC0, 0xC0, 0xFD, 0xFC, 0x18, 0x30, 0x60, 0xC1, 0x83, 0x06, 0x0C,
  0xCC, 0x79, 0x8F, 0x31, 0xE6, 0x3F, 0x87, 0xE1, 0x98, 0x73, 0xFC, 0x7F,
  0x00, 0x7F, 0x9F, 0xF3, 0x1C, 0xC3, 0x30, 0xCC, 0x33, 0x0C, 0xC3, 0xF0,
  0xF8, 0x30 };

const GFXglyph opensanshebrew_bold_webfont8pt8bGlyphs[] PROGMEM = {
  {     0,   1,   1,   4,    0,    0 },   // 0x20 ' '
  {     1,   2,  12,   5,    1,  -11 },   // 0x21 '!'
  {     4,   6,   4,   8,    1,  -11 },   // 0x22 '"'
  {     7,  10,  11,  10,    1,  -10 },   // 0x23 '#'
  {    21,   7,  12,   9,    1,  -11 },   // 0x24 '$'
  {    32,  13,  12,  14,    1,  -11 },   // 0x25 '%'
  {    52,  11,  12,  12,    1,  -11 },   // 0x26 '&'
  {    69,   2,   4,   4,    1,  -11 },   // 0x27 '''
  {    70,   4,  14,   5,    1,  -11 },   // 0x28 '('
  {    77,   4,  14,   5,    1,  -11 },   // 0x29 ')'
  {    84,   8,   7,   9,    0,  -11 },   // 0x2A '*'
  {    91,   6,   6,   9,    2,   -8 },   // 0x2B '+'
  {    96,   3,   4,   5,    0,   -1 },   // 0x2C ','
  {    98,   4,   2,   5,    0,   -4 },   // 0x2D '-'
  {    99,   2,   2,   5,    1,   -1 },   // 0x2E '.'
  {   100,   7,  12,   7,    0,  -11 },   // 0x2F '/'
  {   111,   7,  12,   9,    1,  -11 },   // 0x30 '0'
  {   122,   5,  12,   9,    1,  -11 },   // 0x31 '1'
  {   130,   8,  12,   9,    1,  -11 },   // 0x32 '2'
  {   142,   7,  12,   9,    1,  -11 },   // 0x33 '3'
  {   153,   8,  12,   9,    0,  -11 },   // 0x34 '4'
  {   165,   7,  12,   9,    1,  -11 },   // 0x35 '5'
  {   176,   7,  12,   9,    1,  -11 },   // 0x36 '6'
  {   187,   9,  11,   9,    0,  -10 },   // 0x37 '7'
  {   200,   7,  12,   9,    1,  -11 },   // 0x38 '8'
  {   211,   7,  12,   9,    1,  -11 },   // 0x39 '9'
  {   222,   2,   9,   5,    1,   -8 },   // 0x3A ':'
  {   225,   3,  11,   5,    0,   -8 },   // 0x3B ';'
  {   230,   7,   8,   9,    1,   -9 },   // 0x3C '<'
  {   237,   7,   5,   9,    1,   -7 },   // 0x3D '='
  {   242,   7,   8,   9,    1,   -9 },   // 0x3E '>'
  {   249,   7,  12,   8,    0,  -11 },   // 0x3F '?'
  {   260,  13,  13,  14,    1,  -11 },   // 0x40 '@'
  {   282,  10,  12,  11,    0,  -11 },   // 0x41 'A'
  {   297,   8,  12,  11,    1,  -11 },   // 0x42 'B'
  {   309,   8,  12,  10,    1,  -11 },   // 0x43 'C'
  {   321,   9,  12,  12,    1,  -11 },   // 0x44 'D'
  {   335,   6,  12,   9,    1,  -11 },   // 0x45 'E'
  {   344,   6,  12,   9,    1,  -11 },   // 0x46 'F'
  {   353,   9,  12,  12,    1,  -11 },   // 0x47 'G'
  {   367,   9,  12,  12,    1,  -11 },   // 0x48 'H'
  {   381,   2,  12,   5,    1,  -11 },   // 0x49 'I'
  {   384,   5,  15,   5,   -2,  -11 },   // 0x4A 'J'
  {   394,   9,  12,  11,    1,  -11 },   // 0x4B 'K'
  {   408,   7,  12,   9,    1,  -11 },   // 0x4C 'L'
  {   419,  12,  12,  15,    1,  -11 },   // 0x4D 'M'
  {   437,  10,  12,  13,    1,  -11 },   // 0x4E 'N'
  {   452,  10,  12,  13,    1,  -11 },   // 0x4F 'O'
  {   467,   8,  12,  10,    1,  -11 },   // 0x50 'P'
  {   479,  10,  14,  13,    1,  -11 },   // 0x51 'Q'
  {   497,  10,  12,  11,    1,  -11 },   // 0x52 'R'
  {   512,   7,  12,   9,    1,  -11 },   // 0x53 'S'
  {   523,   8,  12,   9,    0,  -11 },   // 0x54 'T'
  {   535,   9,  12,  12,    1,  -11 },   // 0x55 'U'
  {   549,  10,  12,  10,    0,  -11 },   // 0x56 'V'
  {   564,  15,  12,  15,    0,  -11 },   // 0x57 'W'
  {   587,  11,  12,  11,    0,  -11 },   // 0x58 'X'
  {   604,  10,  12,  10,    0,  -11 },   // 0x59 'Y'
  {   619,   9,  12,   9,    0,  -11 },   // 0x5A 'Z'
  {   633,   4,  15,   5,    1,  -11 },   // 0x5B '['
  {   641,   7,  12,   7,    0,  -11 },   // 0x5C '\'
  {   652,   4,  15,   5,    0,  -11 },   // 0x5D ']'
  {   660,   8,   7,   9,    0,  -11 },   // 0x5E '^'
  {   667,   7,   1,   7,    0,    3 },   // 0x5F '_'
  {   668,   4,   2,  10,    3,  -11 },   // 0x60 '`'
  {   669,   7,   9,  10,    1,   -8 },   // 0x61 'a'
  {   677,   8,  12,  10,    1,  -11 },   // 0x62 'b'
  {   689,   7,   9,   8,    1,   -8 },   // 0x63 'c'
  {   697,   8,  12,  10,    1,  -11 },   // 0x64 'd'
  {   709,   8,   9,   9,    1,   -8 },   // 0x65 'e'
  {   718,   6,  12,   6,    1,  -11 },   // 0x66 'f'
  {   727,   9,  13,   9,    0,   -8 },   // 0x67 'g'
  {   742,   8,  12,  11,    1,  -11 },   // 0x68 'h'
  {   754,   2,  12,   5,    1,  -11 },   // 0x69 'i'
  {   757,   4,  16,   5,   -1,  -11 },   // 0x6A 'j'
  {   765,   8,  12,  10,    1,  -11 },   // 0x6B 'k'
  {   777,   2,  12,   5,    1,  -11 },   // 0x6C 'l'
  {   780,  13,   9,  16,    1,   -8 },   // 0x6D 'm'
  {   795,   8,   9,  11,    1,   -8 },   // 0x6E 'n'
  {   804,   8,   9,  10,    1,   -8 },   // 0x6F 'o'
  {   813,   8,  13,  10,    1,   -8 },   // 0x70 'p'
  {   826,   8,  13,  10,    1,   -8 },   // 0x71 'q'
  {   839,   5,   9,   7,    1,   -8 },   // 0x72 'r'
  {   845,   6,   9,   8,    1,   -8 },   // 0x73 's'
  {   852,   5,  10,   7,    1,   -9 },   // 0x74 't'
  {   859,   8,   9,  11,    1,   -8 },   // 0x75 'u'
  {   868,   9,   9,   9,    0,   -8 },   // 0x76 'v'
  {   879,  13,   9,  14,    0,   -8 },   // 0x77 'w'
  {   894,   9,   9,   9,    0,   -8 },   // 0x78 'x'
  {   905,   9,  13,   9,    0,   -8 },   // 0x79 'y'
  {   920,   7,   9,   8,    0,   -8 },   // 0x7A 'z'
  {   928,   5,  15,   6,    0,  -11 },   // 0x7B '{'
  {   938,   2,  16,   9,    4,  -11 },   // 0x7C '|'
  {   942,   5,  15,   6,    1,  -11 },   // 0x7D '}'
  {   952,   7,   3,   9,    1,   -6 },   // 0x7E '~'
  {   955,   5,  11,   6,    1,  -10 },   // 0x7F
  {   962,   5,  11,   6,    1,  -10 },   // 0x80
  {   969,   5,  11,   6,    1,  -10 },   // 0x81
  {   976,   5,  11,   6,    1,  -10 },   // 0x82
  {   983,   5,  11,   6,    1,  -10 },   // 0x83
  {   990,   5,  11,   6,    1,  -10 },   // 0x84
  {   997,   5,  11,   6,    1,  -10 },   // 0x85
  {  1004,   5,  11,   6,    1,  -10 },   // 0x86
  {  1011,   5,  11,   6,    1,  -10 },   // 0x87
  {  1018,   5,  11,   6,    1,  -10 },   // 0x88
  {  1025,   5,  11,   6,    1,  -10 },   // 0x89
  {  1032,   5,  11,   6,    1,  -10 },   // 0x8A
  {  1039,   5,  11,   6,    1,  -10 },   // 0x8B
  {  1046,   5,  11,   6,    1,  -10 },   // 0x8C
  {  1053,   5,  11,   6,    1,  -10 },   // 0x8D
  {  1060,   5,  11,   6,    1,  -10 },   // 0x8E
  {  1067,   5,  11,   6,    1,  -10 },   // 0x8F
  {  1074,   5,  11,   6,    1,  -10 },   // 0x90
  {  1081,   5,  11,   6,    1,  -10 },   // 0x91
  {  1088,   5,  11,   6,    1,  -10 },   // 0x92
  {  1095,   5,  11,   6,    1,  -10 },   // 0x93
  {  1102,   5,  11,   6,    1,  -10 },   // 0x94
  {  1109,   5,  11,   6,    1,  -10 },   // 0x95
  {  1116,   5,  11,   6,    1,  -10 },   // 0x96
  {  1123,   5,  11,   6,    1,  -10 },   // 0x97
  {  1130,   5,  11,   6,    1,  -10 },   // 0x98
  {  1137,   5,  11,   6,    1,  -10 },   // 0x99
  {  1144,   5,  11,   6,    1,  -10 },   // 0x9A
  {  1151,   5,  11,   6,    1,  -10 },   // 0x9B
  {  1158,   5,  11,   6,    1,  -10 },   // 0x9C
  {  1165,   5,  11,   6,    1,  -10 },   // 0x9D
  {  1172,   5,  11,   6,    1,  -10 },   // 0x9E
  {  1179,   5,  11,   6,    1,  -10 },   // 0x9F
  {  1186,   1,   1,   4,    0,    0 },   // 0xA0
  {  1187,   5,  11,   6,    1,  -10 },   // 0xA1
  {  1194,   6,  12,   9,    1,  -11 },   // 0xA2
  {  1203,   7,  12,   9,    1,  -11 },   // 0xA3
  {  1214,   5,  11,   6,    1,  -10 },   // 0xA4
  {  1221,   8,  12,   9,    0,  -11 },   // 0xA5
  {  1233,   5,  11,   6,    1,  -10 },   // 0xA6
  {  1240,   5,  11,   6,    1,  -10 },   // 0xA7
  {  1247,   5,   2,  10,    2,  -11 },   // 0xA8
  {  1249,  11,  12,  13,    1,  -11 },   // 0xA9
  {  1266,   5,  11,   6,    1,  -10 },   // 0xAA
  {  1273,   8,   7,  10,    1,   -7 },   // 0xAB
  {  1280,   5,  11,   6,    1,  -10 },   // 0xAC
  {  1287,   5,   2,   5,    0,   -4 },   // 0xAD
  {  1289,  11,  12,  13,    1,  -11 },   // 0xAE
  {  1306,   5,  11,   6,    1,  -10 },   // 0xAF
  {  1313,   5,  11,   6,    1,  -10 },   // 0xB0
  {  1320,   5,  11,   6,    1,  -10 },   // 0xB1
  {  1327,   5,  11,   6,    1,  -10 },   // 0xB2
  {  1334,   5,  11,   6,    1,  -10 },   // 0xB3
  {  1341,   4,   2,  10,    3,  -11 },   // 0xB4
  {  1342,   5,  11,   6,    1,  -10 },   // 0xB5
  {  1349,   5,  11,   6,    1,  -10 },   // 0xB6
  {  1356,   5,  11,   6,    1,  -10 },   // 0xB7
  {  1363,   4,   4,   3,   -1,    1 },   // 0xB8
  {  1365,   5,  11,   6,    1,  -10 },   // 0xB9
  {  1372,   5,  11,   6,    1,  -10 },   // 0xBA
  {  1379,   8,   7,  10,    1,   -7 },   // 0xBB
  {  1386,   5,  11,   6,    1,  -10 },   // 0xBC
  {  1393,   5,  11,   6,    1,  -10 },   // 0xBD
  {  1400,   5,  11,   6,    1,  -10 },   // 0xBE
  {  1407,   5,  11,   6,    1,  -10 },   // 0xBF
  {  1414,   5,  11,   6,    1,  -10 },   // 0xC0
  {  1421,   5,  11,   6,    1,  -10 },   // 0xC1
  {  1428,   5,  11,   6,    1,  -10 },   // 0xC2
  {  1435,   5,  11,   6,    1,  -10 },   // 0xC3
  {  1442,   5,  11,   6,    1,  -10 },   // 0xC4
  {  1449,   5,  11,   6,    1,  -10 },   // 0xC5
  {  1456,   5,  11,   6,    1,  -10 },   // 0xC6
  {  1463,   5,  11,   6,    1,  -10 },   // 0xC7
  {  1470,   5,  11,   6,    1,  -10 },   // 0xC8
  {  1477,   5,  11,   6,    1,  -10 },   // 0xC9
  {  1484,   5,  11,   6,    1,  -10 },   // 0xCA
  {  1491,   5,  11,   6,    1,  -10 },   // 0xCB
  {  1498,   5,  11,   6,    1,  -10 },   // 0xCC
  {  1505,   5,  11,   6,    1,  -10 },   // 0xCD
  {  1512,   5,  11,   6,    1,  -10 },   // 0xCE
  {  1519,   5,  11,   6,    1,  -10 },   // 0xCF
  {  1526,   5,  11,   6,    1,  -10 },   // 0xD0
  {  1533,   5,  11,   6,    1,  -10 },   // 0xD1
  {  1540,   5,  11,   6,    1,  -10 },   // 0xD2
  {  1547,   5,  11,   6,    1,  -10 },   // 0xD3
  {  1554,   5,  11,   6,    1,  -10 },   // 0xD4
  {  1561,   5,  11,   6,    1,  -10 },   // 0xD5
  {  1568,   5,  11,   6,    1,  -10 },   // 0xD6
  {  1575,   5,  11,   6,    1,  -10 },   // 0xD7
  {  1582,   5,  11,   6,    1,  -10 },   // 0xD8
  {  1589,   5,  11,   6,    1,  -10 },   // 0xD9
  {  1596,   5,  11,   6,    1,  -10 },   // 0xDA
  {  1603,   5,  11,   6,    1,  -10 },   // 0xDB
  {  1610,   5,  11,   6,    1,  -10 },   // 0xDC
  {  1617,   5,  11,   6,    1,  -10 },   // 0xDD
  {  1624,   5,  11,   6,    1,  -10 },   // 0xDE
  {  1631,   5,  11,   6,    1,  -10 },   // 0xDF
  {  1638,   5,  11,   6,    1,  -10 },   // 0xE0
  {  1645,   5,  11,   6,    1,  -10 },   // 0xE1
  {  1652,   5,  11,   6,    1,  -10 },   // 0xE2
  {  1659,   5,  11,   6,    1,  -10 },   // 0xE3
  {  1666,   5,  11,   6,    1,  -10 },   // 0xE4
  {  1673,   5,  11,   6,    1,  -10 },   // 0xE5
  {  1680,   5,  11,   6,    1,  -10 },   // 0xE6
  {  1687,   5,  11,   6,    1,  -10 },   // 0xE7
  {  1694,   5,  11,   6,    1,  -10 },   // 0xE8
  {  1701,   5,  11,   6,    1,  -10 },   // 0xE9
  {  1708,   5,  11,   6,    1,  -10 },   // 0xEA
  {  1715,   5,  11,   6,    1,  -10 },   // 0xEB
  {  1722,   5,  11,   6,    1,  -10 },   // 0xEC
  {  1729,   5,  11,   6,    1,  -10 },   // 0xED
  {  1736,   5,  11,   6,    1,  -10 },   // 0xEE
  {  1743,   5,  11,   6,    1,  -10 },   // 0xEF
  {  1750,   5,  11,   6,    1,  -10 },   // 0xF0
  {  1757,   5,  11,   6,    1,  -10 },   // 0xF1
  {  1764,   5,  11,   6,    1,  -10 },   // 0xF2
  {  1771,   5,  11,   6,    1,  -10 },   // 0xF3
  {  1778,   5,  11,   6,    1,  -10 },   // 0xF4
  {  1785,   5,  11,   6,    1,  -10 },   // 0xF5
  {  1792,   5,  11,   6,    1,  -10 },   // 0xF6
  {  1799,   5,  11,   6,    1,  -10 },   // 0xF7
  {  1806,   5,  11,   6,    1,  -10 },   // 0xF8
  {  1813,   5,  11,   6,    1,  -10 },   // 0xF9
  {  1820,   5,  11,   6,    1,  -10 },   // 0xFA
  {  1827,   5,  11,   6,    1,  -10 },   // 0xFB
  {  1834,   5,  11,   6,    1,  -10 },   // 0xFC
  {  1841,   5,  11,   6,    1,  -10 },   // 0xFD
  {  1848,   5,  11,   6,    1,  -10 },   // 0xFE
  {  1855,   5,  11,   6,    1,  -10 },   // 0xFF
  {  1862,   5,  11,   6,    1,  -10 },   // 0x100
  {  1869,   5,  11,   6,    1,  -10 },   // 0x101
  {  1876,   5,  11,   6,    1,  -10 },   // 0x102
  {  1883,   5,  11,   6,    1,  -10 },   // 0x103
  {  1890,   5,  11,   6,    1,  -10 },   // 0x104
  {  1897,   5,  11,   6,    1,  -10 },   // 0x105
  {  1904,   5,  11,   6,    1,  -10 },   // 0x106
  {  1911,   5,  11,   6,    1,  -10 },   // 0x107
  {  1918,   5,  11,   6,    1,  -10 },   // 0x108
  {  1925,   5,  11,   6,    1,  -10 },   // 0x109
  {  1932,   5,  11,   6,    1,  -10 },   // 0x10A
  {  1939,   5,  11,   6,    1,  -10 },   // 0x10B
  {  1946,   5,  11,   6,    1,  -10 },   // 0x10C
  {  1953,   5,  11,   6,    1,  -10 },   // 0x10D
  {  1960,   5,  11,   6,    1,  -10 },   // 0x10E
  {  1967,   5,  11,   6,    1,  -10 },   // 0x10F
  {  1974,   5,  11,   6,    1,  -10 },   // 0x110
  {  1981,   5,  11,   6,    1,  -10 },   // 0x111
  {  1988,   5,  11,   6,    1,  -10 },   // 0x112
  {  1995,   5,  11,   6,    1,  -10 },   // 0x113
  {  2002,   5,  11,   6,    1,  -10 },   // 0x114
  {  2009,   5,  11,   6,    1,  -10 },   // 0x115
  {  2016,   5,  11,   6,    1,  -10 },   // 0x116
  {  2023,   5,  11,   6,    1,  -10 },   // 0x117
  {  2030,   5,  11,   6,    1,  -10 },   // 0x118
  {  2037,   5,  11,   6,    1,  -10 },   // 0x119
  {  2044,   5,  11,   6,    1,  -10 },   // 0x11A
  {  2051,   5,  11,   6,    1,  -10 },   // 0x11B
  {  2058,   5,  11,   6,    1,  -10 },   // 0x11C
  {  2065,   5,  11,   6,    1,  -10 },   // 0x11D
  {  2072,   5,  11,   6,    1,  -10 },   // 0x11E
  {  2079,   5,  11,   6,    1,  -10 },   // 0x11F
  {  2086,   5,  11,   6,    1,  -10 },   // 0x120
  {  2093,   5,  11,   6,    1,  -10 },   // 0x121
  {  2100,   5,  11,   6,    1,  -10 },   // 0x122
  {  2107,   5,  11,   6,    1,  -10 },   // 0x123
  {  2114,   5,  11,   6,    1,  -10 },   // 0x124
  {  2121,   5,  11,   6,    1,  -10 },   // 0x125
  {  2128,   5,  11,   6,    1,  -10 },   // 0x126
  {  2135,   5,  11,   6,    1,  -10 },   // 0x127
  {  2142,   5,  11,   6,    1,  -10 },   // 0x128
  {  2149,   5,  11,   6,    1,  -10 },   // 0x129
  {  2156,   5,  11,   6,    1,  -10 },   // 0x12A
  {  2163,   5,  11,   6,    1,  -10 },   // 0x12B
  {  2170,   5,  11,   6,    1,  -10 },   // 0x12C
  {  2177,   5,  11,   6,    1,  -10 },   // 0x12D
  {  2184,   5,  11,   6,    1,  -10 },   // 0x12E
  {  2191,   5,  11,   6,    1,  -10 },   // 0x12F
  {  2198,   5,  11,   6,    1,  -10 },   // 0x130
  {  2205,   5,  11,   6,    1,  -10 },   // 0x131
  {  2212,   5,  11,   6,    1,  -10 },   // 0x132
  {  2219,   5,  11,   6,    1,  -10 },   // 0x133
  {  2226,   5,  11,   6,    1,  -10 },   // 0x134
  {  2233,   5,  11,   6,    1,  -10 },   // 0x135
  {  2240,   5,  11,   6,    1,  -10 },   // 0x136
  {  2247,   5,  11,   6,    1,  -10 },   // 0x137
  {  2254,   5,  11,   6,    1,  -10 },   // 0x138
  {  2261,   5,  11,   6,    1,  -10 },   // 0x139
  {  2268,   5,  11,   6,    1,  -10 },   // 0x13A
  {  2275,   5,  11,   6,    1,  -10 },   // 0x13B
  {  2282,   5,  11,   6,    1,  -10 },   // 0x13C
  {  2289,   5,  11,   6,    1,  -10 },   // 0x13D
  {  2296,   5,  11,   6,    1,  -10 },   // 0x13E
  {  2303,   5,  11,   6,    1,  -10 },   // 0x13F
  {  2310,   5,  11,   6,    1,  -10 },   // 0x140
  {  2317,   5,  11,   6,    1,  -10 },   // 0x141
  {  2324,   5,  11,   6,    1,  -10 },   // 0x142
  {  2331,   5,  11,   6,    1,  -10 },   // 0x143
  {  2338,   5,  11,   6,    1,  -10 },   // 0x144
  {  2345,   5,  11,   6,    1,  -10 },   // 0x145
  {  2352,   5,  11,   6,    1,  -10 },   // 0x146
  {  2359,   5,  11,   6,    1,  -10 },   // 0x147
  {  2366,   5,  11,   6,    1,  -10 },   // 0x148
  {  2373,   5,  11,   6,    1,  -10 },   // 0x149
  {  2380,   5,  11,   6,    1,  -10 },   // 0x14A
  {  2387,   5,  11,   6,    1,  -10 },   // 0x14B
  {  2394,   5,  11,   6,    1,  -10 },   // 0x14C
  {  2401,   5,  11,   6,    1,  -10 },   // 0x14D
  {  2408,   5,  11,   6,    1,  -10 },   // 0x14E
  {  2415,   5,  11,   6,    1,  -10 },   // 0x14F
  {  2422,   5,  11,   6,    1,  -10 },   // 0x150
  {  2429,   5,  11,   6,    1,  -10 },   // 0x151
  {  2436,   5,  11,   6,    1,  -10 },   // 0x152
  {  2443,   5,  11,   6,    1,  -10 },   // 0x153
  {  2450,   5,  11,   6,    1,  -10 },   // 0x154
  {  2457,   5,  11,   6,    1,  -10 },   // 0x155
  {  2464,   5,  11,   6,    1,  -10 },   // 0x156
  {  2471,   5,  11,   6,    1,  -10 },   // 0x157
  {  2478,   5,  11,   6,    1,  -10 },   // 0x158
  {  2485,   5,  11,   6,    1,  -10 },   // 0x159
  {  2492,   5,  11,   6,    1,  -10 },   // 0x15A
  {  2499,   5,  11,   6,    1,  -10 },   // 0x15B
  {  2506,   5,  11,   6,    1,  -10 },   // 0x15C
  {  2513,   5,  11,   6,    1,  -10 },   // 0x15D
  {  2520,   5,  11,   6,    1,  -10 },   // 0x15E
  {  2527,   5,  11,   6,    1,  -10 },   // 0x15F
  {  2534,   5,  11,   6,    1,  -10 },   // 0x160
  {  2541,   5,  11,   6,    1,  -10 },   // 0x161
  {  2548,   5,  11,   6,    1,  -10 },   // 0x162
  {  2555,   5,  11,   6,    1,  -10 },   // 0x163
  {  2562,   5,  11,   6,    1,  -10 },   // 0x164
  {  2569,   5,  11,   6,    1,  -10 },   // 0x165
  {  2576,   5,  11,   6,    1,  -10 },   // 0x166
  {  2583,   5,  11,   6,    1,  -10 },   // 0x167
  {  2590,   5,  11,   6,    1,  -10 },   // 0x168
  {  2597,   5,  11,   6,    1,  -10 },   // 0x169
  {  2604,   5,  11,   6,    1,  -10 },   // 0x16A
  {  2611,   5,  11,   6,    1,  -10 },   // 0x16B
  {  2618,   5,  11,   6,    1,  -10 },   // 0x16C
  {  2625,   5,  11,   6,    1,  -10 },   // 0x16D
  {  2632,   5,  11,   6,    1,  -10 },   // 0x16E
  {  2639,   5,  11,   6,    1,  -10 },   // 0x16F
  {  2646,   5,  11,   6,    1,  -10 },   // 0x170
  {  2653,   5,  11,   6,    1,  -10 },   // 0x171
  {  2660,   5,  11,   6,    1,  -10 },   // 0x172
  {  2667,   5,  11,   6,    1,  -10 },   // 0x173
  {  2674,   5,  11,   6,    1,  -10 },   // 0x174
  {  2681,   5,  11,   6,    1,  -10 },   // 0x175
  {  2688,   5,  11,   6,    1,  -10 },   // 0x176
  {  2695,   5,  11,   6,    1,  -10 },   // 0x177
  {  2702,   5,  11,   6,    1,  -10 },   // 0x178
  {  2709,   5,  11,   6,    1,  -10 },   // 0x179
  {  2716,   5,  11,   6,    1,  -10 },   // 0x17A
  {  2723,   5,  11,   6,    1,  -10 },   // 0x17B
  {  2730,   5,  11,   6,    1,  -10 },   // 0x17C
  {  2737,   5,  11,   6,    1,  -10 },   // 0x17D
  {  2744,   5,  11,   6,    1,  -10 },   // 0x17E
  {  2751,   5,  11,   6,    1,  -10 },   // 0x17F
  {  2758,   5,  11,   6,    1,  -10 },   // 0x180
  {  2765,   5,  11,   6,    1,  -10 },   // 0x181
  {  2772,   5,  11,   6,    1,  -10 },   // 0x182
  {  2779,   5,  11,   6,    1,  -10 },   // 0x183
  {  2786,   5,  11,   6,    1,  -10 },   // 0x184
  {  2793,   5,  11,   6,    1,  -10 },   // 0x185
  {  2800,   5,  11,   6,    1,  -10 },   // 0x186
  {  2807,   5,  11,   6,    1,  -10 },   // 0x187
  {  2814,   5,  11,   6,    1,  -10 },   // 0x188
  {  2821,   5,  11,   6,    1,  -10 },   // 0x189
  {  2828,   5,  11,   6,    1,  -10 },   // 0x18A
  {  2835,   5,  11,   6,    1,  -10 },   // 0x18B
  {  2842,   5,  11,   6,    1,  -10 },   // 0x18C
  {  2849,   5,  11,   6,    1,  -10 },   // 0x18D
  {  2856,   5,  11,   6,    1,  -10 },   // 0x18E
  {  2863,   5,  11,   6,    1,  -10 },   // 0x18F
  {  2870,   5,  11,   6,    1,  -10 },   // 0x190
  {  2877,   5,  11,   6,    1,  -10 },   // 0x191
  {  2884,   5,  11,   6,    1,  -10 },   // 0x192
  {  2891,   5,  11,   6,    1,  -10 },   // 0x193
  {  2898,   5,  11,   6,    1,  -10 },   // 0x194
  {  2905,   5,  11,   6,    1,  -10 },   // 0x195
  {  2912,   5,  11,   6,    1,  -10 },   // 0x196
  {  2919,   5,  11,   6,    1,  -10 },   // 0x197
  {  2926,   5,  11,   6,    1,  -10 },   // 0x198
  {  2933,   5,  11,   6,    1,  -10 },   // 0x199
  {  2940,   5,  11,   6,    1,  -10 },   // 0x19A
  {  2947,   5,  11,   6,    1,  -10 },   // 0x19B
  {  2954,   5,  11,   6,    1,  -10 },   // 0x19C
  {  2961,   5,  11,   6,    1,  -10 },   // 0x19D
  {  2968,   5,  11,   6,    1,  -10 },   // 0x19E
  {  2975,   5,  11,   6,    1,  -10 },   // 0x19F
  {  2982,   5,  11,   6,    1,  -10 },   // 0x1A0
  {  2989,   5,  11,   6,    1,  -10 },   // 0x1A1
  {  2996,   5,  11,   6,    1,  -10 },   // 0x1A2
  {  3003,   5,  11,   6,    1,  -10 },   // 0x1A3
  {  3010,   5,  11,   6,    1,  -10 },   // 0x1A4
  {  3017,   5,  11,   6,    1,  -10 },   // 0x1A5
  {  3024,   5,  11,   6,    1,  -10 },   // 0x1A6
  {  3031,   5,  11,   6,    1,  -10 },   // 0x1A7
  {  3038,   5,  11,   6,    1,  -10 },   // 0x1A8
  {  3045,   5,  11,   6,    1,  -10 },   // 0x1A9
  {  3052,   5,  11,   6,    1,  -10 },   // 0x1AA
  {  3059,   5,  11,   6,    1,  -10 },   // 0x1AB
  {  3066,   5,  11,   6,    1,  -10 },   // 0x1AC
  {  3073,   5,  11,   6,    1,  -10 },   // 0x1AD
  {  3080,   5,  11,   6,    1,  -10 },   // 0x1AE
  {  3087,   5,  11,   6,    1,  -10 },   // 0x1AF
  {  3094,   5,  11,   6,    1,  -10 },   // 0x1B0
  {  3101,   5,  11,   6,    1,  -10 },   // 0x1B1
  {  3108,   5,  11,   6,    1,  -10 },   // 0x1B2
  {  3115,   5,  11,   6,    1,  -10 },   // 0x1B3
  {  3122,   5,  11,   6,    1,  -10 },   // 0x1B4
  {  3129,   5,  11,   6,    1,  -10 },   // 0x1B5
  {  3136,   5,  11,   6,    1,  -10 },   // 0x1B6
  {  3143,   5,  11,   6,    1,  -10 },   // 0x1B7
  {  3150,   5,  11,   6,    1,  -10 },   // 0x1B8
  {  3157,   5,  11,   6,    1,  -10 },   // 0x1B9
  {  3164,   5,  11,   6,    1,  -10 },   // 0x1BA
  {  3171,   5,  11,   6,    1,  -10 },   // 0x1BB
  {  3178,   5,  11,   6,    1,  -10 },   // 0x1BC
  {  3185,   5,  11,   6,    1,  -10 },   // 0x1BD
  {  3192,   5,  11,   6,    1,  -10 },   // 0x1BE
  {  3199,   5,  11,   6,    1,  -10 },   // 0x1BF
  {  3206,   5,  11,   6,    1,  -10 },   // 0x1C0
  {  3213,   5,  11,   6,    1,  -10 },   // 0x1C1
  {  3220,   5,  11,   6,    1,  -10 },   // 0x1C2
  {  3227,   5,  11,   6,    1,  -10 },   // 0x1C3
  {  3234,   5,  11,   6,    1,  -10 },   // 0x1C4
  {  3241,   5,  11,   6,    1,  -10 },   // 0x1C5
  {  3248,   5,  11,   6,    1,  -10 },   // 0x1C6
  {  3255,   5,  11,   6,    1,  -10 },   // 0x1C7
  {  3262,   5,  11,   6,    1,  -10 },   // 0x1C8
  {  3269,   5,  11,   6,    1,  -10 },   // 0x1C9
  {  3276,   5,  11,   6,    1,  -10 },   // 0x1CA
  {  3283,   5,  11,   6,    1,  -10 },   // 0x1CB
  {  3290,   5,  11,   6,    1,  -10 },   // 0x1CC
  {  3297,   5,  11,   6,    1,  -10 },   // 0x1CD
  {  3304,   5,  11,   6,    1,  -10 },   // 0x1CE
  {  3311,   5,  11,   6,    1,  -10 },   // 0x1CF
  {  3318,   5,  11,   6,    1,  -10 },   // 0x1D0
  {  3325,   5,  11,   6,    1,  -10 },   // 0x1D1
  {  3332,   5,  11,   6,    1,  -10 },   // 0x1D2
  {  3339,   5,  11,   6,    1,  -10 },   // 0x1D3
  {  3346,   5,  11,   6,    1,  -10 },   // 0x1D4
  {  3353,   5,  11,   6,    1,  -10 },   // 0x1D5
  {  3360,   5,  11,   6,    1,  -10 },   // 0x1D6
  {  3367,   5,  11,   6,    1,  -10 },   // 0x1D7
  {  3374,   5,  11,   6,    1,  -10 },   // 0x1D8
  {  3381,   5,  11,   6,    1,  -10 },   // 0x1D9
  {  3388,   5,  11,   6,    1,  -10 },   // 0x1DA
  {  3395,   5,  11,   6,    1,  -10 },   // 0x1DB
  {  3402,   5,  11,   6,    1,  -10 },   // 0x1DC
  {  3409,   5,  11,   6,    1,  -10 },   // 0x1DD
  {  3416,   5,  11,   6,    1,  -10 },   // 0x1DE
  {  3423,   5,  11,   6,    1,  -10 },   // 0x1DF
  {  3430,   5,  11,   6,    1,  -10 },   // 0x1E0
  {  3437,   5,  11,   6,    1,  -10 },   // 0x1E1
  {  3444,   5,  11,   6,    1,  -10 },   // 0x1E2
  {  3451,   5,  11,   6,    1,  -10 },   // 0x1E3
  {  3458,   5,  11,   6,    1,  -10 },   // 0x1E4
  {  3465,   5,  11,   6,    1,  -10 },   // 0x1E5
  {  3472,   5,  11,   6,    1,  -10 },   // 0x1E6
  {  3479,   5,  11,   6,    1,  -10 },   // 0x1E7
  {  3486,   5,  11,   6,    1,  -10 },   // 0x1E8
  {  3493,   5,  11,   6,    1,  -10 },   // 0x1E9
  {  3500,   5,  11,   6,    1,  -10 },   // 0x1EA
  {  3507,   5,  11,   6,    1,  -10 },   // 0x1EB
  {  3514,   5,  11,   6,    1,  -10 },   // 0x1EC
  {  3521,   5,  11,   6,    1,  -10 },   // 0x1ED
  {  3528,   5,  11,   6,    1,  -10 },   // 0x1EE
  {  3535,   5,  11,   6,    1,  -10 },   // 0x1EF
  {  3542,   5,  11,   6,    1,  -10 },   // 0x1F0
  {  3549,   5,  11,   6,    1,  -10 },   // 0x1F1
  {  3556,   5,  11,   6,    1,  -10 },   // 0x1F2
  {  3563,   5,  11,   6,    1,  -10 },   // 0x1F3
  {  3570,   5,  11,   6,    1,  -10 },   // 0x1F4
  {  3577,   5,  11,   6,    1,  -10 },   // 0x1F5
  {  3584,   5,  11,   6,    1,  -10 },   // 0x1F6
  {  3591,   5,  11,   6,    1,  -10 },   // 0x1F7
  {  3598,   5,  11,   6,    1,  -10 },   // 0x1F8
  {  3605,   5,  11,   6,    1,  -10 },   // 0x1F9
  {  3612,   5,  11,   6,    1,  -10 },   // 0x1FA
  {  3619,   5,  11,   6,    1,  -10 },   // 0x1FB
  {  3626,   5,  11,   6,    1,  -10 },   // 0x1FC
  {  3633,   5,  11,   6,    1,  -10 },   // 0x1FD
  {  3640,   5,  11,   6,    1,  -10 },   // 0x1FE
  {  3647,   5,  11,   6,    1,  -10 },   // 0x1FF
  {  3654,   5,  11,   6,    1,  -10 },   // 0x200
  {  3661,   5,  11,   6,    1,  -10 },   // 0x201
  {  3668,   5,  11,   6,    1,  -10 },   // 0x202
  {  3675,   5,  11,   6,    1,  -10 },   // 0x203
  {  3682,   5,  11,   6,    1,  -10 },   // 0x204
  {  3689,   5,  11,   6,    1,  -10 },   // 0x205
  {  3696,   5,  11,   6,    1,  -10 },   // 0x206
  {  3703,   5,  11,   6,    1,  -10 },   // 0x207
  {  3710,   5,  11,   6,    1,  -10 },   // 0x208
  {  3717,   5,  11,   6,    1,  -10 },   // 0x209
  {  3724,   5,  11,   6,    1,  -10 },   // 0x20A
  {  3731,   5,  11,   6,    1,  -10 },   // 0x20B
  {  3738,   5,  11,   6,    1,  -10 },   // 0x20C
  {  3745,   5,  11,   6,    1,  -10 },   // 0x20D
  {  3752,   5,  11,   6,    1,  -10 },   // 0x20E
  {  3759,   5,  11,   6,    1,  -10 },   // 0x20F
  {  3766,   5,  11,   6,    1,  -10 },   // 0x210
  {  3773,   5,  11,   6,    1,  -10 },   // 0x211
  {  3780,   5,  11,   6,    1,  -10 },   // 0x212
  {  3787,   5,  11,   6,    1,  -10 },   // 0x213
  {  3794,   5,  11,   6,    1,  -10 },   // 0x214
  {  3801,   5,  11,   6,    1,  -10 },   // 0x215
  {  3808,   5,  11,   6,    1,  -10 },   // 0x216
  {  3815,   5,  11,   6,    1,  -10 },   // 0x217
  {  3822,   5,  11,   6,    1,  -10 },   // 0x218
  {  3829,   5,  11,   6,    1,  -10 },   // 0x219
  {  3836,   5,  11,   6,    1,  -10 },   // 0x21A
  {  3843,   5,  11,   6,    1,  -10 },   // 0x21B
  {  3850,   5,  11,   6,    1,  -10 },   // 0x21C
  {  3857,   5,  11,   6,    1,  -10 },   // 0x21D
  {  3864,   5,  11,   6,    1,  -10 },   // 0x21E
  {  3871,   5,  11,   6,    1,  -10 },   // 0x21F
  {  3878,   5,  11,   6,    1,  -10 },   // 0x220
  {  3885,   5,  11,   6,    1,  -10 },   // 0x221
  {  3892,   5,  11,   6,    1,  -10 },   // 0x222
  {  3899,   5,  11,   6,    1,  -10 },   // 0x223
  {  3906,   5,  11,   6,    1,  -10 },   // 0x224
  {  3913,   5,  11,   6,    1,  -10 },   // 0x225
  {  3920,   5,  11,   6,    1,  -10 },   // 0x226
  {  3927,   5,  11,   6,    1,  -10 },   // 0x227
  {  3934,   5,  11,   6,    1,  -10 },   // 0x228
  {  3941,   5,  11,   6,    1,  -10 },   // 0x229
  {  3948,   5,  11,   6,    1,  -10 },   // 0x22A
  {  3955,   5,  11,   6,    1,  -10 },   // 0x22B
  {  3962,   5,  11,   6,    1,  -10 },   // 0x22C
  {  3969,   5,  11,   6,    1,  -10 },   // 0x22D
  {  3976,   5,  11,   6,    1,  -10 },   // 0x22E
  {  3983,   5,  11,   6,    1,  -10 },   // 0x22F
  {  3990,   5,  11,   6,    1,  -10 },   // 0x230
  {  3997,   5,  11,   6,    1,  -10 },   // 0x231
  {  4004,   5,  11,   6,    1,  -10 },   // 0x232
  {  4011,   5,  11,   6,    1,  -10 },   // 0x233
  {  4018,   5,  11,   6,    1,  -10 },   // 0x234
  {  4025,   5,  11,   6,    1,  -10 },   // 0x235
  {  4032,   5,  11,   6,    1,  -10 },   // 0x236
  {  4039,   5,  11,   6,    1,  -10 },   // 0x237
  {  4046,   5,  11,   6,    1,  -10 },   // 0x238
  {  4053,   5,  11,   6,    1,  -10 },   // 0x239
  {  4060,   5,  11,   6,    1,  -10 },   // 0x23A
  {  4067,   5,  11,   6,    1,  -10 },   // 0x23B
  {  4074,   5,  11,   6,    1,  -10 },   // 0x23C
  {  4081,   5,  11,   6,    1,  -10 },   // 0x23D
  {  4088,   5,  11,   6,    1,  -10 },   // 0x23E
  {  4095,   5,  11,   6,    1,  -10 },   // 0x23F
  {  4102,   5,  11,   6,    1,  -10 },   // 0x240
  {  4109,   5,  11,   6,    1,  -10 },   // 0x241
  {  4116,   5,  11,   6,    1,  -10 },   // 0x242
  {  4123,   5,  11,   6,    1,  -10 },   // 0x243
  {  4130,   5,  11,   6,    1,  -10 },   // 0x244
  {  4137,   5,  11,   6,    1,  -10 },   // 0x245
  {  4144,   5,  11,   6,    1,  -10 },   // 0x246
  {  4151,   5,  11,   6,    1,  -10 },   // 0x247
  {  4158,   5,  11,   6,    1,  -10 },   // 0x248
  {  4165,   5,  11,   6,    1,  -10 },   // 0x249
  {  4172,   5,  11,   6,    1,  -10 },   // 0x24A
  {  4179,   5,  11,   6,    1,  -10 },   // 0x24B
  {  4186,   5,  11,   6,    1,  -10 },   // 0x24C
  {  4193,   5,  11,   6,    1,  -10 },   // 0x24D
  {  4200,   5,  11,   6,    1,  -10 },   // 0x24E
  {  4207,   5,  11,   6,    1,  -10 },   // 0x24F
  {  4214,   5,  11,   6,    1,  -10 },   // 0x250
  {  4221,   5,  11,   6,    1,  -10 },   // 0x251
  {  4228,   5,  11,   6,    1,  -10 },   // 0x252
  {  4235,   5,  11,   6,    1,  -10 },   // 0x253
  {  4242,   5,  11,   6,    1,  -10 },   // 0x254
  {  4249,   5,  11,   6,    1,  -10 },   // 0x255
  {  4256,   5,  11,   6,    1,  -10 },   // 0x256
  {  4263,   5,  11,   6,    1,  -10 },   // 0x257
  {  4270,   5,  11,   6,    1,  -10 },   // 0x258
  {  4277,   5,  11,   6,    1,  -10 },   // 0x259
  {  4284,   5,  11,   6,    1,  -10 },   // 0x25A
  {  4291,   5,  11,   6,    1,  -10 },   // 0x25B
  {  4298,   5,  11,   6,    1,  -10 },   // 0x25C
  {  4305,   5,  11,   6,    1,  -10 },   // 0x25D
  {  4312,   5,  11,   6,    1,  -10 },   // 0x25E
  {  4319,   5,  11,   6,    1,  -10 },   // 0x25F
  {  4326,   5,  11,   6,    1,  -10 },   // 0x260
  {  4333,   5,  11,   6,    1,  -10 },   // 0x261
  {  4340,   5,  11,   6,    1,  -10 },   // 0x262
  {  4347,   5,  11,   6,    1,  -10 },   // 0x263
  {  4354,   5,  11,   6,    1,  -10 },   // 0x264
  {  4361,   5,  11,   6,    1,  -10 },   // 0x265
  {  4368,   5,  11,   6,    1,  -10 },   // 0x266
  {  4375,   5,  11,   6,    1,  -10 },   // 0x267
  {  4382,   5,  11,   6,    1,  -10 },   // 0x268
  {  4389,   5,  11,   6,    1,  -10 },   // 0x269
  {  4396,   5,  11,   6,    1,  -10 },   // 0x26A
  {  4403,   5,  11,   6,    1,  -10 },   // 0x26B
  {  4410,   5,  11,   6,    1,  -10 },   // 0x26C
  {  4417,   5,  11,   6,    1,  -10 },   // 0x26D
  {  4424,   5,  11,   6,    1,  -10 },   // 0x26E
  {  4431,   5,  11,   6,    1,  -10 },   // 0x26F
  {  4438,   5,  11,   6,    1,  -10 },   // 0x270
  {  4445,   5,  11,   6,    1,  -10 },   // 0x271
  {  4452,   5,  11,   6,    1,  -10 },   // 0x272
  {  4459,   5,  11,   6,    1,  -10 },   // 0x273
  {  4466,   5,  11,   6,    1,  -10 },   // 0x274
  {  4473,   5,  11,   6,    1,  -10 },   // 0x275
  {  4480,   5,  11,   6,    1,  -10 },   // 0x276
  {  4487,   5,  11,   6,    1,  -10 },   // 0x277
  {  4494,   5,  11,   6,    1,  -10 },   // 0x278
  {  4501,   5,  11,   6,    1,  -10 },   // 0x279
  {  4508,   5,  11,   6,    1,  -10 },   // 0x27A
  {  4515,   5,  11,   6,    1,  -10 },   // 0x27B
  {  4522,   5,  11,   6,    1,  -10 },   // 0x27C
  {  4529,   5,  11,   6,    1,  -10 },   // 0x27D
  {  4536,   5,  11,   6,    1,  -10 },   // 0x27E
  {  4543,   5,  11,   6,    1,  -10 },   // 0x27F
  {  4550,   5,  11,   6,    1,  -10 },   // 0x280
  {  4557,   5,  11,   6,    1,  -10 },   // 0x281
  {  4564,   5,  11,   6,    1,  -10 },   // 0x282
  {  4571,   5,  11,   6,    1,  -10 },   // 0x283
  {  4578,   5,  11,   6,    1,  -10 },   // 0x284
  {  4585,   5,  11,   6,    1,  -10 },   // 0x285
  {  4592,   5,  11,   6,    1,  -10 },   // 0x286
  {  4599,   5,  11,   6,    1,  -10 },   // 0x287
  {  4606,   5,  11,   6,    1,  -10 },   // 0x288
  {  4613,   5,  11,   6,    1,  -10 },   // 0x289
  {  4620,   5,  11,   6,    1,  -10 },   // 0x28A
  {  4627,   5,  11,   6,    1,  -10 },   // 0x28B
  {  4634,   5,  11,   6,    1,  -10 },   // 0x28C
  {  4641,   5,  11,   6,    1,  -10 },   // 0x28D
  {  4648,   5,  11,   6,    1,  -10 },   // 0x28E
  {  4655,   5,  11,   6,    1,  -10 },   // 0x28F
  {  4662,   5,  11,   6,    1,  -10 },   // 0x290
  {  4669,   5,  11,   6,    1,  -10 },   // 0x291
  {  4676,   5,  11,   6,    1,  -10 },   // 0x292
  {  4683,   5,  11,   6,    1,  -10 },   // 0x293
  {  4690,   5,  11,   6,    1,  -10 },   // 0x294
  {  4697,   5,  11,   6,    1,  -10 },   // 0x295
  {  4704,   5,  11,   6,    1,  -10 },   // 0x296
  {  4711,   5,  11,   6,    1,  -10 },   // 0x297
  {  4718,   5,  11,   6,    1,  -10 },   // 0x298
  {  4725,   5,  11,   6,    1,  -10 },   // 0x299
  {  4732,   5,  11,   6,    1,  -10 },   // 0x29A
  {  4739,   5,  11,   6,    1,  -10 },   // 0x29B
  {  4746,   5,  11,   6,    1,  -10 },   // 0x29C
  {  4753,   5,  11,   6,    1,  -10 },   // 0x29D
  {  4760,   5,  11,   6,    1,  -10 },   // 0x29E
  {  4767,   5,  11,   6,    1,  -10 },   // 0x29F
  {  4774,   5,  11,   6,    1,  -10 },   // 0x2A0
  {  4781,   5,  11,   6,    1,  -10 },   // 0x2A1
  {  4788,   5,  11,   6,    1,  -10 },   // 0x2A2
  {  4795,   5,  11,   6,    1,  -10 },   // 0x2A3
  {  4802,   5,  11,   6,    1,  -10 },   // 0x2A4
  {  4809,   5,  11,   6,    1,  -10 },   // 0x2A5
  {  4816,   5,  11,   6,    1,  -10 },   // 0x2A6
  {  4823,   5,  11,   6,    1,  -10 },   // 0x2A7
  {  4830,   5,  11,   6,    1,  -10 },   // 0x2A8
  {  4837,   5,  11,   6,    1,  -10 },   // 0x2A9
  {  4844,   5,  11,   6,    1,  -10 },   // 0x2AA
  {  4851,   5,  11,   6,    1,  -10 },   // 0x2AB
  {  4858,   5,  11,   6,    1,  -10 },   // 0x2AC
  {  4865,   5,  11,   6,    1,  -10 },   // 0x2AD
  {  4872,   5,  11,   6,    1,  -10 },   // 0x2AE
  {  4879,   5,  11,   6,    1,  -10 },   // 0x2AF
  {  4886,   5,  11,   6,    1,  -10 },   // 0x2B0
  {  4893,   5,  11,   6,    1,  -10 },   // 0x2B1
  {  4900,   5,  11,   6,    1,  -10 },   // 0x2B2
  {  4907,   5,  11,   6,    1,  -10 },   // 0x2B3
  {  4914,   5,  11,   6,    1,  -10 },   // 0x2B4
  {  4921,   5,  11,   6,    1,  -10 },   // 0x2B5
  {  4928,   5,  11,   6,    1,  -10 },   // 0x2B6
  {  4935,   5,  11,   6,    1,  -10 },   // 0x2B7
  {  4942,   5,  11,   6,    1,  -10 },   // 0x2B8
  {  4949,   5,  11,   6,    1,  -10 },   // 0x2B9
  {  4956,   5,  11,   6,    1,  -10 },   // 0x2BA
  {  4963,   5,  11,   6,    1,  -10 },   // 0x2BB
  {  4970,   5,  11,   6,    1,  -10 },   // 0x2BC
  {  4977,   5,  11,   6,    1,  -10 },   // 0x2BD
  {  4984,   5,  11,   6,    1,  -10 },   // 0x2BE
  {  4991,   5,  11,   6,    1,  -10 },   // 0x2BF
  {  4998,   5,  11,   6,    1,  -10 },   // 0x2C0
  {  5005,   5,  11,   6,    1,  -10 },   // 0x2C1
  {  5012,   5,  11,   6,    1,  -10 },   // 0x2C2
  {  5019,   5,  11,   6,    1,  -10 },   // 0x2C3
  {  5026,   5,  11,   6,    1,  -10 },   // 0x2C4
  {  5033,   5,  11,   6,    1,  -10 },   // 0x2C5
  {  5040,   7,   2,  10,    1,  -11 },   // 0x2C6
  {  5042,   5,  11,   6,    1,  -10 },   // 0x2C7
  {  5049,   5,  11,   6,    1,  -10 },   // 0x2C8
  {  5056,   5,  11,   6,    1,  -10 },   // 0x2C9
  {  5063,   5,  11,   6,    1,  -10 },   // 0x2CA
  {  5070,   5,  11,   6,    1,  -10 },   // 0x2CB
  {  5077,   5,  11,   6,    1,  -10 },   // 0x2CC
  {  5084,   5,  11,   6,    1,  -10 },   // 0x2CD
  {  5091,   5,  11,   6,    1,  -10 },   // 0x2CE
  {  5098,   5,  11,   6,    1,  -10 },   // 0x2CF
  {  5105,   5,  11,   6,    1,  -10 },   // 0x2D0
  {  5112,   5,  11,   6,    1,  -10 },   // 0x2D1
  {  5119,   5,  11,   6,    1,  -10 },   // 0x2D2
  {  5126,   5,  11,   6,    1,  -10 },   // 0x2D3
  {  5133,   5,  11,   6,    1,  -10 },   // 0x2D4
  {  5140,   5,  11,   6,    1,  -10 },   // 0x2D5
  {  5147,   5,  11,   6,    1,  -10 },   // 0x2D6
  {  5154,   5,  11,   6,    1,  -10 },   // 0x2D7
  {  5161,   5,  11,   6,    1,  -10 },   // 0x2D8
  {  5168,   5,  11,   6,    1,  -10 },   // 0x2D9
  {  5175,   3,   3,   9,    3,  -12 },   // 0x2DA
  {  5177,   5,  11,   6,    1,  -10 },   // 0x2DB
  {  5184,   6,   3,  10,    2,  -12 },   // 0x2DC
  {  5187,   5,  11,   6,    1,  -10 },   // 0x2DD
  {  5194,   5,  11,   6,    1,  -10 },   // 0x2DE
  {  5201,   5,  11,   6,    1,  -10 },   // 0x2DF
  {  5208,   5,  11,   6,    1,  -10 },   // 0x2E0
  {  5215,   5,  11,   6,    1,  -10 },   // 0x2E1
  {  5222,   5,  11,   6,    1,  -10 },   // 0x2E2
  {  5229,   5,  11,   6,    1,  -10 },   // 0x2E3
  {  5236,   5,  11,   6,    1,  -10 },   // 0x2E4
  {  5243,   5,  11,   6,    1,  -10 },   // 0x2E5
  {  5250,   5,  11,   6,    1,  -10 },   // 0x2E6
  {  5257,   5,  11,   6,    1,  -10 },   // 0x2E7
  {  5264,   5,  11,   6,    1,  -10 },   // 0x2E8
  {  5271,   5,  11,   6,    1,  -10 },   // 0x2E9
  {  5278,   5,  11,   6,    1,  -10 },   // 0x2EA
  {  5285,   5,  11,   6,    1,  -10 },   // 0x2EB
  {  5292,   5,  11,   6,    1,  -10 },   // 0x2EC
  {  5299,   5,  11,   6,    1,  -10 },   // 0x2ED
  {  5306,   5,  11,   6,    1,  -10 },   // 0x2EE
  {  5313,   5,  11,   6,    1,  -10 },   // 0x2EF
  {  5320,   5,  11,   6,    1,  -10 },   // 0x2F0
  {  5327,   5,  11,   6,    1,  -10 },   // 0x2F1
  {  5334,   5,  11,   6,    1,  -10 },   // 0x2F2
  {  5341,   5,  11,   6,    1,  -10 },   // 0x2F3
  {  5348,   5,  11,   6,    1,  -10 },   // 0x2F4
  {  5355,   5,  11,   6,    1,  -10 },   // 0x2F5
  {  5362,   5,  11,   6,    1,  -10 },   // 0x2F6
  {  5369,   5,  11,   6,    1,  -10 },   // 0x2F7
  {  5376,   5,  11,   6,    1,  -10 },   // 0x2F8
  {  5383,   5,  11,   6,    1,  -10 },   // 0x2F9
  {  5390,   5,  11,   6,    1,  -10 },   // 0x2FA
  {  5397,   5,  11,   6,    1,  -10 },   // 0x2FB
  {  5404,   5,  11,   6,    1,  -10 },   // 0x2FC
  {  5411,   5,  11,   6,    1,  -10 },   // 0x2FD
  {  5418,   5,  11,   6,    1,  -10 },   // 0x2FE
  {  5425,   5,  11,   6,    1,  -10 },   // 0x2FF
  {  5432,   5,  11,   6,    1,  -10 },   // 0x300
  {  5439,   5,  11,   6,    1,  -10 },   // 0x301
  {  5446,   5,  11,   6,    1,  -10 },   // 0x302
  {  5453,   5,  11,   6,    1,  -10 },   // 0x303
  {  5460,   5,  11,   6,    1,  -10 },   // 0x304
  {  5467,   5,  11,   6,    1,  -10 },   // 0x305
  {  5474,   5,  11,   6,    1,  -10 },   // 0x306
  {  5481,   5,  11,   6,    1,  -10 },   // 0x307
  {  5488,   5,  11,   6,    1,  -10 },   // 0x308
  {  5495,   5,  11,   6,    1,  -10 },   // 0x309
  {  5502,   5,  11,   6,    1,  -10 },   // 0x30A
  {  5509,   5,  11,   6,    1,  -10 },   // 0x30B
  {  5516,   5,  11,   6,    1,  -10 },   // 0x30C
  {  5523,   5,  11,   6,    1,  -10 },   // 0x30D
  {  5530,   5,  11,   6,    1,  -10 },   // 0x30E
  {  5537,   5,  11,   6,    1,  -10 },   // 0x30F
  {  5544,   5,  11,   6,    1,  -10 },   // 0x310
  {  5551,   5,  11,   6,    1,  -10 },   // 0x311
  {  5558,   5,  11,   6,    1,  -10 },   // 0x312
  {  5565,   5,  11,   6,    1,  -10 },   // 0x313
  {  5572,   5,  11,   6,    1,  -10 },   // 0x314
  {  5579,   5,  11,   6,    1,  -10 },   // 0x315
  {  5586,   5,  11,   6,    1,  -10 },   // 0x316
  {  5593,   5,  11,   6,    1,  -10 },   // 0x317
  {  5600,   5,  11,   6,    1,  -10 },   // 0x318
  {  5607,   5,  11,   6,    1,  -10 },   // 0x319
  {  5614,   5,  11,   6,    1,  -10 },   // 0x31A
  {  5621,   5,  11,   6,    1,  -10 },   // 0x31B
  {  5628,   5,  11,   6,    1,  -10 },   // 0x31C
  {  5635,   5,  11,   6,    1,  -10 },   // 0x31D
  {  5642,   5,  11,   6,    1,  -10 },   // 0x31E
  {  5649,   5,  11,   6,    1,  -10 },   // 0x31F
  {  5656,   5,  11,   6,    1,  -10 },   // 0x320
  {  5663,   5,  11,   6,    1,  -10 },   // 0x321
  {  5670,   5,  11,   6,    1,  -10 },   // 0x322
  {  5677,   5,  11,   6,    1,  -10 },   // 0x323
  {  5684,   5,  11,   6,    1,  -10 },   // 0x324
  {  5691,   5,  11,   6,    1,  -10 },   // 0x325
  {  5698,   5,  11,   6,    1,  -10 },   // 0x326
  {  5705,   5,  11,   6,    1,  -10 },   // 0x327
  {  5712,   5,  11,   6,    1,  -10 },   // 0x328
  {  5719,   5,  11,   6,    1,  -10 },   // 0x329
  {  5726,   5,  11,   6,    1,  -10 },   // 0x32A
  {  5733,   5,  11,   6,    1,  -10 },   // 0x32B
  {  5740,   5,  11,   6,    1,  -10 },   // 0x32C
  {  5747,   5,  11,   6,    1,  -10 },   // 0x32D
  {  5754,   5,  11,   6,    1,  -10 },   // 0x32E
  {  5761,   5,  11,   6,    1,  -10 },   // 0x32F
  {  5768,   5,  11,   6,    1,  -10 },   // 0x330
  {  5775,   5,  11,   6,    1,  -10 },   // 0x331
  {  5782,   5,  11,   6,    1,  -10 },   // 0x332
  {  5789,   5,  11,   6,    1,  -10 },   // 0x333
  {  5796,   5,  11,   6,    1,  -10 },   // 0x334
  {  5803,   5,  11,   6,    1,  -10 },   // 0x335
  {  5810,   5,  11,   6,    1,  -10 },   // 0x336
  {  5817,   5,  11,   6,    1,  -10 },   // 0x337
  {  5824,   5,  11,   6,    1,  -10 },   // 0x338
  {  5831,   5,  11,   6,    1,  -10 },   // 0x339
  {  5838,   5,  11,   6,    1,  -10 },   // 0x33A
  {  5845,   5,  11,   6,    1,  -10 },   // 0x33B
  {  5852,   5,  11,   6,    1,  -10 },   // 0x33C
  {  5859,   5,  11,   6,    1,  -10 },   // 0x33D
  {  5866,   5,  11,   6,    1,  -10 },   // 0x33E
  {  5873,   5,  11,   6,    1,  -10 },   // 0x33F
  {  5880,   5,  11,   6,    1,  -10 },   // 0x340
  {  5887,   5,  11,   6,    1,  -10 },   // 0x341
  {  5894,   5,  11,   6,    1,  -10 },   // 0x342
  {  5901,   5,  11,   6,    1,  -10 },   // 0x343
  {  5908,   5,  11,   6,    1,  -10 },   // 0x344
  {  5915,   5,  11,   6,    1,  -10 },   // 0x345
  {  5922,   5,  11,   6,    1,  -10 },   // 0x346
  {  5929,   5,  11,   6,    1,  -10 },   // 0x347
  {  5936,   5,  11,   6,    1,  -10 },   // 0x348
  {  5943,   5,  11,   6,    1,  -10 },   // 0x349
  {  5950,   5,  11,   6,    1,  -10 },   // 0x34A
  {  5957,   5,  11,   6,    1,  -10 },   // 0x34B
  {  5964,   5,  11,   6,    1,  -10 },   // 0x34C
  {  5971,   5,  11,   6,    1,  -10 },   // 0x34D
  {  5978,   5,  11,   6,    1,  -10 },   // 0x34E
  {  5985,   5,  11,   6,    1,  -10 },   // 0x34F
  {  5992,   5,  11,   6,    1,  -10 },   // 0x350
  {  5999,   5,  11,   6,    1,  -10 },   // 0x351
  {  6006,   5,  11,   6,    1,  -10 },   // 0x352
  {  6013,   5,  11,   6,    1,  -10 },   // 0x353
  {  6020,   5,  11,   6,    1,  -10 },   // 0x354
  {  6027,   5,  11,   6,    1,  -10 },   // 0x355
  {  6034,   5,  11,   6,    1,  -10 },   // 0x356
  {  6041,   5,  11,   6,    1,  -10 },   // 0x357
  {  6048,   5,  11,   6,    1,  -10 },   // 0x358
  {  6055,   5,  11,   6,    1,  -10 },   // 0x359
  {  6062,   5,  11,   6,    1,  -10 },   // 0x35A
  {  6069,   5,  11,   6,    1,  -10 },   // 0x35B
  {  6076,   5,  11,   6,    1,  -10 },   // 0x35C
  {  6083,   5,  11,   6,    1,  -10 },   // 0x35D
  {  6090,   5,  11,   6,    1,  -10 },   // 0x35E
  {  6097,   5,  11,   6,    1,  -10 },   // 0x35F
  {  6104,   5,  11,   6,    1,  -10 },   // 0x360
  {  6111,   5,  11,   6,    1,  -10 },   // 0x361
  {  6118,   5,  11,   6,    1,  -10 },   // 0x362
  {  6125,   5,  11,   6,    1,  -10 },   // 0x363
  {  6132,   5,  11,   6,    1,  -10 },   // 0x364
  {  6139,   5,  11,   6,    1,  -10 },   // 0x365
  {  6146,   5,  11,   6,    1,  -10 },   // 0x366
  {  6153,   5,  11,   6,    1,  -10 },   // 0x367
  {  6160,   5,  11,   6,    1,  -10 },   // 0x368
  {  6167,   5,  11,   6,    1,  -10 },   // 0x369
  {  6174,   5,  11,   6,    1,  -10 },   // 0x36A
  {  6181,   5,  11,   6,    1,  -10 },   // 0x36B
  {  6188,   5,  11,   6,    1,  -10 },   // 0x36C
  {  6195,   5,  11,   6,    1,  -10 },   // 0x36D
  {  6202,   5,  11,   6,    1,  -10 },   // 0x36E
  {  6209,   5,  11,   6,    1,  -10 },   // 0x36F
  {  6216,   5,  11,   6,    1,  -10 },   // 0x370
  {  6223,   5,  11,   6,    1,  -10 },   // 0x371
  {  6230,   5,  11,   6,    1,  -10 },   // 0x372
  {  6237,   5,  11,   6,    1,  -10 },   // 0x373
  {  6244,   5,  11,   6,    1,  -10 },   // 0x374
  {  6251,   5,  11,   6,    1,  -10 },   // 0x375
  {  6258,   5,  11,   6,    1,  -10 },   // 0x376
  {  6265,   5,  11,   6,    1,  -10 },   // 0x377
  {  6272,   5,  11,   6,    1,  -10 },   // 0x378
  {  6279,   5,  11,   6,    1,  -10 },   // 0x379
  {  6286,   5,  11,   6,    1,  -10 },   // 0x37A
  {  6293,   5,  11,   6,    1,  -10 },   // 0x37B
  {  6300,   5,  11,   6,    1,  -10 },   // 0x37C
  {  6307,   5,  11,   6,    1,  -10 },   // 0x37D
  {  6314,   5,  11,   6,    1,  -10 },   // 0x37E
  {  6321,   5,  11,   6,    1,  -10 },   // 0x37F
  {  6328,   5,  11,   6,    1,  -10 },   // 0x380
  {  6335,   5,  11,   6,    1,  -10 },   // 0x381
  {  6342,   5,  11,   6,    1,  -10 },   // 0x382
  {  6349,   5,  11,   6,    1,  -10 },   // 0x383
  {  6356,   5,  11,   6,    1,  -10 },   // 0x384
  {  6363,   5,  11,   6,    1,  -10 },   // 0x385
  {  6370,   5,  11,   6,    1,  -10 },   // 0x386
  {  6377,   5,  11,   6,    1,  -10 },   // 0x387
  {  6384,   5,  11,   6,    1,  -10 },   // 0x388
  {  6391,   5,  11,   6,    1,  -10 },   // 0x389
  {  6398,   5,  11,   6,    1,  -10 },   // 0x38A
  {  6405,   5,  11,   6,    1,  -10 },   // 0x38B
  {  6412,   5,  11,   6,    1,  -10 },   // 0x38C
  {  6419,   5,  11,   6,    1,  -10 },   // 0x38D
  {  6426,   5,  11,   6,    1,  -10 },   // 0x38E
  {  6433,   5,  11,   6,    1,  -10 },   // 0x38F
  {  6440,   5,  11,   6,    1,  -10 },   // 0x390
  {  6447,   5,  11,   6,    1,  -10 },   // 0x391
  {  6454,   5,  11,   6,    1,  -10 },   // 0x392
  {  6461,   5,  11,   6,    1,  -10 },   // 0x393
  {  6468,   5,  11,   6,    1,  -10 },   // 0x394
  {  6475,   5,  11,   6,    1,  -10 },   // 0x395
  {  6482,   5,  11,   6,    1,  -10 },   // 0x396
  {  6489,   5,  11,   6,    1,  -10 },   // 0x397
  {  6496,   5,  11,   6,    1,  -10 },   // 0x398
  {  6503,   5,  11,   6,    1,  -10 },   // 0x399
  {  6510,   5,  11,   6,    1,  -10 },   // 0x39A
  {  6517,   5,  11,   6,    1,  -10 },   // 0x39B
  {  6524,   5,  11,   6,    1,  -10 },   // 0x39C
  {  6531,   5,  11,   6,    1,  -10 },   // 0x39D
  {  6538,   5,  11,   6,    1,  -10 },   // 0x39E
  {  6545,   5,  11,   6,    1,  -10 },   // 0x39F
  {  6552,   5,  11,   6,    1,  -10 },   // 0x3A0
  {  6559,   5,  11,   6,    1,  -10 },   // 0x3A1
  {  6566,   5,  11,   6,    1,  -10 },   // 0x3A2
  {  6573,   5,  11,   6,    1,  -10 },   // 0x3A3
  {  6580,   5,  11,   6,    1,  -10 },   // 0x3A4
  {  6587,   5,  11,   6,    1,  -10 },   // 0x3A5
  {  6594,   5,  11,   6,    1,  -10 },   // 0x3A6
  {  6601,   5,  11,   6,    1,  -10 },   // 0x3A7
  {  6608,   5,  11,   6,    1,  -10 },   // 0x3A8
  {  6615,   5,  11,   6,    1,  -10 },   // 0x3A9
  {  6622,   5,  11,   6,    1,  -10 },   // 0x3AA
  {  6629,   5,  11,   6,    1,  -10 },   // 0x3AB
  {  6636,   5,  11,   6,    1,  -10 },   // 0x3AC
  {  6643,   5,  11,   6,    1,  -10 },   // 0x3AD
  {  6650,   5,  11,   6,    1,  -10 },   // 0x3AE
  {  6657,   5,  11,   6,    1,  -10 },   // 0x3AF
  {  6664,   5,  11,   6,    1,  -10 },   // 0x3B0
  {  6671,   5,  11,   6,    1,  -10 },   // 0x3B1
  {  6678,   5,  11,   6,    1,  -10 },   // 0x3B2
  {  6685,   5,  11,   6,    1,  -10 },   // 0x3B3
  {  6692,   5,  11,   6,    1,  -10 },   // 0x3B4
  {  6699,   5,  11,   6,    1,  -10 },   // 0x3B5
  {  6706,   5,  11,   6,    1,  -10 },   // 0x3B6
  {  6713,   5,  11,   6,    1,  -10 },   // 0x3B7
  {  6720,   5,  11,   6,    1,  -10 },   // 0x3B8
  {  6727,   5,  11,   6,    1,  -10 },   // 0x3B9
  {  6734,   5,  11,   6,    1,  -10 },   // 0x3BA
  {  6741,   5,  11,   6,    1,  -10 },   // 0x3BB
  {  6748,   5,  11,   6,    1,  -10 },   // 0x3BC
  {  6755,   5,  11,   6,    1,  -10 },   // 0x3BD
  {  6762,   5,  11,   6,    1,  -10 },   // 0x3BE
  {  6769,   5,  11,   6,    1,  -10 },   // 0x3BF
  {  6776,   5,  11,   6,    1,  -10 },   // 0x3C0
  {  6783,   5,  11,   6,    1,  -10 },   // 0x3C1
  {  6790,   5,  11,   6,    1,  -10 },   // 0x3C2
  {  6797,   5,  11,   6,    1,  -10 },   // 0x3C3
  {  6804,   5,  11,   6,    1,  -10 },   // 0x3C4
  {  6811,   5,  11,   6,    1,  -10 },   // 0x3C5
  {  6818,   5,  11,   6,    1,  -10 },   // 0x3C6
  {  6825,   5,  11,   6,    1,  -10 },   // 0x3C7
  {  6832,   5,  11,   6,    1,  -10 },   // 0x3C8
  {  6839,   5,  11,   6,    1,  -10 },   // 0x3C9
  {  6846,   5,  11,   6,    1,  -10 },   // 0x3CA
  {  6853,   5,  11,   6,    1,  -10 },   // 0x3CB
  {  6860,   5,  11,   6,    1,  -10 },   // 0x3CC
  {  6867,   5,  11,   6,    1,  -10 },   // 0x3CD
  {  6874,   5,  11,   6,    1,  -10 },   // 0x3CE
  {  6881,   5,  11,   6,    1,  -10 },   // 0x3CF
  {  6888,   5,  11,   6,    1,  -10 },   // 0x3D0
  {  6895,   5,  11,   6,    1,  -10 },   // 0x3D1
  {  6902,   5,  11,   6,    1,  -10 },   // 0x3D2
  {  6909,   5,  11,   6,    1,  -10 },   // 0x3D3
  {  6916,   5,  11,   6,    1,  -10 },   // 0x3D4
  {  6923,   5,  11,   6,    1,  -10 },   // 0x3D5
  {  6930,   5,  11,   6,    1,  -10 },   // 0x3D6
  {  6937,   5,  11,   6,    1,  -10 },   // 0x3D7
  {  6944,   5,  11,   6,    1,  -10 },   // 0x3D8
  {  6951,   5,  11,   6,    1,  -10 },   // 0x3D9
  {  6958,   5,  11,   6,    1,  -10 },   // 0x3DA
  {  6965,   5,  11,   6,    1,  -10 },   // 0x3DB
  {  6972,   5,  11,   6,    1,  -10 },   // 0x3DC
  {  6979,   5,  11,   6,    1,  -10 },   // 0x3DD
  {  6986,   5,  11,   6,    1,  -10 },   // 0x3DE
  {  6993,   5,  11,   6,    1,  -10 },   // 0x3DF
  {  7000,   5,  11,   6,    1,  -10 },   // 0x3E0
  {  7007,   5,  11,   6,    1,  -10 },   // 0x3E1
  {  7014,   5,  11,   6,    1,  -10 },   // 0x3E2
  {  7021,   5,  11,   6,    1,  -10 },   // 0x3E3
  {  7028,   5,  11,   6,    1,  -10 },   // 0x3E4
  {  7035,   5,  11,   6,    1,  -10 },   // 0x3E5
  {  7042,   5,  11,   6,    1,  -10 },   // 0x3E6
  {  7049,   5,  11,   6,    1,  -10 },   // 0x3E7
  {  7056,   5,  11,   6,    1,  -10 },   // 0x3E8
  {  7063,   5,  11,   6,    1,  -10 },   // 0x3E9
  {  7070,   5,  11,   6,    1,  -10 },   // 0x3EA
  {  7077,   5,  11,   6,    1,  -10 },   // 0x3EB
  {  7084,   5,  11,   6,    1,  -10 },   // 0x3EC
  {  7091,   5,  11,   6,    1,  -10 },   // 0x3ED
  {  7098,   5,  11,   6,    1,  -10 },   // 0x3EE
  {  7105,   5,  11,   6,    1,  -10 },   // 0x3EF
  {  7112,   5,  11,   6,    1,  -10 },   // 0x3F0
  {  7119,   5,  11,   6,    1,  -10 },   // 0x3F1
  {  7126,   5,  11,   6,    1,  -10 },   // 0x3F2
  {  7133,   5,  11,   6,    1,  -10 },   // 0x3F3
  {  7140,   5,  11,   6,    1,  -10 },   // 0x3F4
  {  7147,   5,  11,   6,    1,  -10 },   // 0x3F5
  {  7154,   5,  11,   6,    1,  -10 },   // 0x3F6
  {  7161,   5,  11,   6,    1,  -10 },   // 0x3F7
  {  7168,   5,  11,   6,    1,  -10 },   // 0x3F8
  {  7175,   5,  11,   6,    1,  -10 },   // 0x3F9
  {  7182,   5,  11,   6,    1,  -10 },   // 0x3FA
  {  7189,   5,  11,   6,    1,  -10 },   // 0x3FB
  {  7196,   5,  11,   6,    1,  -10 },   // 0x3FC
  {  7203,   5,  11,   6,    1,  -10 },   // 0x3FD
  {  7210,   5,  11,   6,    1,  -10 },   // 0x3FE
  {  7217,   5,  11,   6,    1,  -10 },   // 0x3FF
  {  7224,   5,  11,   6,    1,  -10 },   // 0x400
  {  7231,   5,  11,   6,    1,  -10 },   // 0x401
  {  7238,   5,  11,   6,    1,  -10 },   // 0x402
  {  7245,   5,  11,   6,    1,  -10 },   // 0x403
  {  7252,   5,  11,   6,    1,  -10 },   // 0x404
  {  7259,   5,  11,   6,    1,  -10 },   // 0x405
  {  7266,   5,  11,   6,    1,  -10 },   // 0x406
  {  7273,   5,  11,   6,    1,  -10 },   // 0x407
  {  7280,   5,  11,   6,    1,  -10 },   // 0x408
  {  7287,   5,  11,   6,    1,  -10 },   // 0x409
  {  7294,   5,  11,   6,    1,  -10 },   // 0x40A
  {  7301,   5,  11,   6,    1,  -10 },   // 0x40B
  {  7308,   5,  11,   6,    1,  -10 },   // 0x40C
  {  7315,   5,  11,   6,    1,  -10 },   // 0x40D
  {  7322,   5,  11,   6,    1,  -10 },   // 0x40E
  {  7329,   5,  11,   6,    1,  -10 },   // 0x40F
  {  7336,   5,  11,   6,    1,  -10 },   // 0x410
  {  7343,   5,  11,   6,    1,  -10 },   // 0x411
  {  7350,   5,  11,   6,    1,  -10 },   // 0x412
  {  7357,   5,  11,   6,    1,  -10 },   // 0x413
  {  7364,   5,  11,   6,    1,  -10 },   // 0x414
  {  7371,   5,  11,   6,    1,  -10 },   // 0x415
  {  7378,   5,  11,   6,    1,  -10 },   // 0x416
  {  7385,   5,  11,   6,    1,  -10 },   // 0x417
  {  7392,   5,  11,   6,    1,  -10 },   // 0x418
  {  7399,   5,  11,   6,    1,  -10 },   // 0x419
  {  7406,   5,  11,   6,    1,  -10 },   // 0x41A
  {  7413,   5,  11,   6,    1,  -10 },   // 0x41B
  {  7420,   5,  11,   6,    1,  -10 },   // 0x41C
  {  7427,   5,  11,   6,    1,  -10 },   // 0x41D
  {  7434,   5,  11,   6,    1,  -10 },   // 0x41E
  {  7441,   5,  11,   6,    1,  -10 },   // 0x41F
  {  7448,   5,  11,   6,    1,  -10 },   // 0x420
  {  7455,   5,  11,   6,    1,  -10 },   // 0x421
  {  7462,   5,  11,   6,    1,  -10 },   // 0x422
  {  7469,   5,  11,   6,    1,  -10 },   // 0x423
  {  7476,   5,  11,   6,    1,  -10 },   // 0x424
  {  7483,   5,  11,   6,    1,  -10 },   // 0x425
  {  7490,   5,  11,   6,    1,  -10 },   // 0x426
  {  7497,   5,  11,   6,    1,  -10 },   // 0x427
  {  7504,   5,  11,   6,    1,  -10 },   // 0x428
  {  7511,   5,  11,   6,    1,  -10 },   // 0x429
  {  7518,   5,  11,   6,    1,  -10 },   // 0x42A
  {  7525,   5,  11,   6,    1,  -10 },   // 0x42B
  {  7532,   5,  11,   6,    1,  -10 },   // 0x42C
  {  7539,   5,  11,   6,    1,  -10 },   // 0x42D
  {  7546,   5,  11,   6,    1,  -10 },   // 0x42E
  {  7553,   5,  11,   6,    1,  -10 },   // 0x42F
  {  7560,   5,  11,   6,    1,  -10 },   // 0x430
  {  7567,   5,  11,   6,    1,  -10 },   // 0x431
  {  7574,   5,  11,   6,    1,  -10 },   // 0x432
  {  7581,   5,  11,   6,    1,  -10 },   // 0x433
  {  7588,   5,  11,   6,    1,  -10 },   // 0x434
  {  7595,   5,  11,   6,    1,  -10 },   // 0x435
  {  7602,   5,  11,   6,    1,  -10 },   // 0x436
  {  7609,   5,  11,   6,    1,  -10 },   // 0x437
  {  7616,   5,  11,   6,    1,  -10 },   // 0x438
  {  7623,   5,  11,   6,    1,  -10 },   // 0x439
  {  7630,   5,  11,   6,    1,  -10 },   // 0x43A
  {  7637,   5,  11,   6,    1,  -10 },   // 0x43B
  {  7644,   5,  11,   6,    1,  -10 },   // 0x43C
  {  7651,   5,  11,   6,    1,  -10 },   // 0x43D
  {  7658,   5,  11,   6,    1,  -10 },   // 0x43E
  {  7665,   5,  11,   6,    1,  -10 },   // 0x43F
  {  7672,   5,  11,   6,    1,  -10 },   // 0x440
  {  7679,   5,  11,   6,    1,  -10 },   // 0x441
  {  7686,   5,  11,   6,    1,  -10 },   // 0x442
  {  7693,   5,  11,   6,    1,  -10 },   // 0x443
  {  7700,   5,  11,   6,    1,  -10 },   // 0x444
  {  7707,   5,  11,   6,    1,  -10 },   // 0x445
  {  7714,   5,  11,   6,    1,  -10 },   // 0x446
  {  7721,   5,  11,   6,    1,  -10 },   // 0x447
  {  7728,   5,  11,   6,    1,  -10 },   // 0x448
  {  7735,   5,  11,   6,    1,  -10 },   // 0x449
  {  7742,   5,  11,   6,    1,  -10 },   // 0x44A
  {  7749,   5,  11,   6,    1,  -10 },   // 0x44B
  {  7756,   5,  11,   6,    1,  -10 },   // 0x44C
  {  7763,   5,  11,   6,    1,  -10 },   // 0x44D
  {  7770,   5,  11,   6,    1,  -10 },   // 0x44E
  {  7777,   5,  11,   6,    1,  -10 },   // 0x44F
  {  7784,   5,  11,   6,    1,  -10 },   // 0x450
  {  7791,   5,  11,   6,    1,  -10 },   // 0x451
  {  7798,   5,  11,   6,    1,  -10 },   // 0x452
  {  7805,   5,  11,   6,    1,  -10 },   // 0x453
  {  7812,   5,  11,   6,    1,  -10 },   // 0x454
  {  7819,   5,  11,   6,    1,  -10 },   // 0x455
  {  7826,   5,  11,   6,    1,  -10 },   // 0x456
  {  7833,   5,  11,   6,    1,  -10 },   // 0x457
  {  7840,   5,  11,   6,    1,  -10 },   // 0x458
  {  7847,   5,  11,   6,    1,  -10 },   // 0x459
  {  7854,   5,  11,   6,    1,  -10 },   // 0x45A
  {  7861,   5,  11,   6,    1,  -10 },   // 0x45B
  {  7868,   5,  11,   6,    1,  -10 },   // 0x45C
  {  7875,   5,  11,   6,    1,  -10 },   // 0x45D
  {  7882,   5,  11,   6,    1,  -10 },   // 0x45E
  {  7889,   5,  11,   6,    1,  -10 },   // 0x45F
  {  7896,   5,  11,   6,    1,  -10 },   // 0x460
  {  7903,   5,  11,   6,    1,  -10 },   // 0x461
  {  7910,   5,  11,   6,    1,  -10 },   // 0x462
  {  7917,   5,  11,   6,    1,  -10 },   // 0x463
  {  7924,   5,  11,   6,    1,  -10 },   // 0x464
  {  7931,   5,  11,   6,    1,  -10 },   // 0x465
  {  7938,   5,  11,   6,    1,  -10 },   // 0x466
  {  7945,   5,  11,   6,    1,  -10 },   // 0x467
  {  7952,   5,  11,   6,    1,  -10 },   // 0x468
  {  7959,   5,  11,   6,    1,  -10 },   // 0x469
  {  7966,   5,  11,   6,    1,  -10 },   // 0x46A
  {  7973,   5,  11,   6,    1,  -10 },   // 0x46B
  {  7980,   5,  11,   6,    1,  -10 },   // 0x46C
  {  7987,   5,  11,   6,    1,  -10 },   // 0x46D
  {  7994,   5,  11,   6,    1,  -10 },   // 0x46E
  {  8001,   5,  11,   6,    1,  -10 },   // 0x46F
  {  8008,   5,  11,   6,    1,  -10 },   // 0x470
  {  8015,   5,  11,   6,    1,  -10 },   // 0x471
  {  8022,   5,  11,   6,    1,  -10 },   // 0x472
  {  8029,   5,  11,   6,    1,  -10 },   // 0x473
  {  8036,   5,  11,   6,    1,  -10 },   // 0x474
  {  8043,   5,  11,   6,    1,  -10 },   // 0x475
  {  8050,   5,  11,   6,    1,  -10 },   // 0x476
  {  8057,   5,  11,   6,    1,  -10 },   // 0x477
  {  8064,   5,  11,   6,    1,  -10 },   // 0x478
  {  8071,   5,  11,   6,    1,  -10 },   // 0x479
  {  8078,   5,  11,   6,    1,  -10 },   // 0x47A
  {  8085,   5,  11,   6,    1,  -10 },   // 0x47B
  {  8092,   5,  11,   6,    1,  -10 },   // 0x47C
  {  8099,   5,  11,   6,    1,  -10 },   // 0x47D
  {  8106,   5,  11,   6,    1,  -10 },   // 0x47E
  {  8113,   5,  11,   6,    1,  -10 },   // 0x47F
  {  8120,   5,  11,   6,    1,  -10 },   // 0x480
  {  8127,   5,  11,   6,    1,  -10 },   // 0x481
  {  8134,   5,  11,   6,    1,  -10 },   // 0x482
  {  8141,   5,  11,   6,    1,  -10 },   // 0x483
  {  8148,   5,  11,   6,    1,  -10 },   // 0x484
  {  8155,   5,  11,   6,    1,  -10 },   // 0x485
  {  8162,   5,  11,   6,    1,  -10 },   // 0x486
  {  8169,   5,  11,   6,    1,  -10 },   // 0x487
  {  8176,   5,  11,   6,    1,  -10 },   // 0x488
  {  8183,   5,  11,   6,    1,  -10 },   // 0x489
  {  8190,   5,  11,   6,    1,  -10 },   // 0x48A
  {  8197,   5,  11,   6,    1,  -10 },   // 0x48B
  {  8204,   5,  11,   6,    1,  -10 },   // 0x48C
  {  8211,   5,  11,   6,    1,  -10 },   // 0x48D
  {  8218,   5,  11,   6,    1,  -10 },   // 0x48E
  {  8225,   5,  11,   6,    1,  -10 },   // 0x48F
  {  8232,   5,  11,   6,    1,  -10 },   // 0x490
  {  8239,   5,  11,   6,    1,  -10 },   // 0x491
  {  8246,   5,  11,   6,    1,  -10 },   // 0x492
  {  8253,   5,  11,   6,    1,  -10 },   // 0x493
  {  8260,   5,  11,   6,    1,  -10 },   // 0x494
  {  8267,   5,  11,   6,    1,  -10 },   // 0x495
  {  8274,   5,  11,   6,    1,  -10 },   // 0x496
  {  8281,   5,  11,   6,    1,  -10 },   // 0x497
  {  8288,   5,  11,   6,    1,  -10 },   // 0x498
  {  8295,   5,  11,   6,    1,  -10 },   // 0x499
  {  8302,   5,  11,   6,    1,  -10 },   // 0x49A
  {  8309,   5,  11,   6,    1,  -10 },   // 0x49B
  {  8316,   5,  11,   6,    1,  -10 },   // 0x49C
  {  8323,   5,  11,   6,    1,  -10 },   // 0x49D
  {  8330,   5,  11,   6,    1,  -10 },   // 0x49E
  {  8337,   5,  11,   6,    1,  -10 },   // 0x49F
  {  8344,   5,  11,   6,    1,  -10 },   // 0x4A0
  {  8351,   5,  11,   6,    1,  -10 },   // 0x4A1
  {  8358,   5,  11,   6,    1,  -10 },   // 0x4A2
  {  8365,   5,  11,   6,    1,  -10 },   // 0x4A3
  {  8372,   5,  11,   6,    1,  -10 },   // 0x4A4
  {  8379,   5,  11,   6,    1,  -10 },   // 0x4A5
  {  8386,   5,  11,   6,    1,  -10 },   // 0x4A6
  {  8393,   5,  11,   6,    1,  -10 },   // 0x4A7
  {  8400,   5,  11,   6,    1,  -10 },   // 0x4A8
  {  8407,   5,  11,   6,    1,  -10 },   // 0x4A9
  {  8414,   5,  11,   6,    1,  -10 },   // 0x4AA
  {  8421,   5,  11,   6,    1,  -10 },   // 0x4AB
  {  8428,   5,  11,   6,    1,  -10 },   // 0x4AC
  {  8435,   5,  11,   6,    1,  -10 },   // 0x4AD
  {  8442,   5,  11,   6,    1,  -10 },   // 0x4AE
  {  8449,   5,  11,   6,    1,  -10 },   // 0x4AF
  {  8456,   5,  11,   6,    1,  -10 },   // 0x4B0
  {  8463,   5,  11,   6,    1,  -10 },   // 0x4B1
  {  8470,   5,  11,   6,    1,  -10 },   // 0x4B2
  {  8477,   5,  11,   6,    1,  -10 },   // 0x4B3
  {  8484,   5,  11,   6,    1,  -10 },   // 0x4B4
  {  8491,   5,  11,   6,    1,  -10 },   // 0x4B5
  {  8498,   5,  11,   6,    1,  -10 },   // 0x4B6
  {  8505,   5,  11,   6,    1,  -10 },   // 0x4B7
  {  8512,   5,  11,   6,    1,  -10 },   // 0x4B8
  {  8519,   5,  11,   6,    1,  -10 },   // 0x4B9
  {  8526,   5,  11,   6,    1,  -10 },   // 0x4BA
  {  8533,   5,  11,   6,    1,  -10 },   // 0x4BB
  {  8540,   5,  11,   6,    1,  -10 },   // 0x4BC
  {  8547,   5,  11,   6,    1,  -10 },   // 0x4BD
  {  8554,   5,  11,   6,    1,  -10 },   // 0x4BE
  {  8561,   5,  11,   6,    1,  -10 },   // 0x4BF
  {  8568,   5,  11,   6,    1,  -10 },   // 0x4C0
  {  8575,   5,  11,   6,    1,  -10 },   // 0x4C1
  {  8582,   5,  11,   6,    1,  -10 },   // 0x4C2
  {  8589,   5,  11,   6,    1,  -10 },   // 0x4C3
  {  8596,   5,  11,   6,    1,  -10 },   // 0x4C4
  {  8603,   5,  11,   6,    1,  -10 },   // 0x4C5
  {  8610,   5,  11,   6,    1,  -10 },   // 0x4C6
  {  8617,   5,  11,   6,    1,  -10 },   // 0x4C7
  {  8624,   5,  11,   6,    1,  -10 },   // 0x4C8
  {  8631,   5,  11,   6,    1,  -10 },   // 0x4C9
  {  8638,   5,  11,   6,    1,  -10 },   // 0x4CA
  {  8645,   5,  11,   6,    1,  -10 },   // 0x4CB
  {  8652,   5,  11,   6,    1,  -10 },   // 0x4CC
  {  8659,   5,  11,   6,    1,  -10 },   // 0x4CD
  {  8666,   5,  11,   6,    1,  -10 },   // 0x4CE
  {  8673,   5,  11,   6,    1,  -10 },   // 0x4CF
  {  8680,   5,  11,   6,    1,  -10 },   // 0x4D0
  {  8687,   5,  11,   6,    1,  -10 },   // 0x4D1
  {  8694,   5,  11,   6,    1,  -10 },   // 0x4D2
  {  8701,   5,  11,   6,    1,  -10 },   // 0x4D3
  {  8708,   5,  11,   6,    1,  -10 },   // 0x4D4
  {  8715,   5,  11,   6,    1,  -10 },   // 0x4D5
  {  8722,   5,  11,   6,    1,  -10 },   // 0x4D6
  {  8729,   5,  11,   6,    1,  -10 },   // 0x4D7
  {  8736,   5,  11,   6,    1,  -10 },   // 0x4D8
  {  8743,   5,  11,   6,    1,  -10 },   // 0x4D9
  {  8750,   5,  11,   6,    1,  -10 },   // 0x4DA
  {  8757,   5,  11,   6,    1,  -10 },   // 0x4DB
  {  8764,   5,  11,   6,    1,  -10 },   // 0x4DC
  {  8771,   5,  11,   6,    1,  -10 },   // 0x4DD
  {  8778,   5,  11,   6,    1,  -10 },   // 0x4DE
  {  8785,   5,  11,   6,    1,  -10 },   // 0x4DF
  {  8792,   5,  11,   6,    1,  -10 },   // 0x4E0
  {  8799,   5,  11,   6,    1,  -10 },   // 0x4E1
  {  8806,   5,  11,   6,    1,  -10 },   // 0x4E2
  {  8813,   5,  11,   6,    1,  -10 },   // 0x4E3
  {  8820,   5,  11,   6,    1,  -10 },   // 0x4E4
  {  8827,   5,  11,   6,    1,  -10 },   // 0x4E5
  {  8834,   5,  11,   6,    1,  -10 },   // 0x4E6
  {  8841,   5,  11,   6,    1,  -10 },   // 0x4E7
  {  8848,   5,  11,   6,    1,  -10 },   // 0x4E8
  {  8855,   5,  11,   6,    1,  -10 },   // 0x4E9
  {  8862,   5,  11,   6,    1,  -10 },   // 0x4EA
  {  8869,   5,  11,   6,    1,  -10 },   // 0x4EB
  {  8876,   5,  11,   6,    1,  -10 },   // 0x4EC
  {  8883,   5,  11,   6,    1,  -10 },   // 0x4ED
  {  8890,   5,  11,   6,    1,  -10 },   // 0x4EE
  {  8897,   5,  11,   6,    1,  -10 },   // 0x4EF
  {  8904,   5,  11,   6,    1,  -10 },   // 0x4F0
  {  8911,   5,  11,   6,    1,  -10 },   // 0x4F1
  {  8918,   5,  11,   6,    1,  -10 },   // 0x4F2
  {  8925,   5,  11,   6,    1,  -10 },   // 0x4F3
  {  8932,   5,  11,   6,    1,  -10 },   // 0x4F4
  {  8939,   5,  11,   6,    1,  -10 },   // 0x4F5
  {  8946,   5,  11,   6,    1,  -10 },   // 0x4F6
  {  8953,   5,  11,   6,    1,  -10 },   // 0x4F7
  {  8960,   5,  11,   6,    1,  -10 },   // 0x4F8
  {  8967,   5,  11,   6,    1,  -10 },   // 0x4F9
  {  8974,   5,  11,   6,    1,  -10 },   // 0x4FA
  {  8981,   5,  11,   6,    1,  -10 },   // 0x4FB
  {  8988,   5,  11,   6,    1,  -10 },   // 0x4FC
  {  8995,   5,  11,   6,    1,  -10 },   // 0x4FD
  {  9002,   5,  11,   6,    1,  -10 },   // 0x4FE
  {  9009,   5,  11,   6,    1,  -10 },   // 0x4FF
  {  9016,   5,  11,   6,    1,  -10 },   // 0x500
  {  9023,   5,  11,   6,    1,  -10 },   // 0x501
  {  9030,   5,  11,   6,    1,  -10 },   // 0x502
  {  9037,   5,  11,   6,    1,  -10 },   // 0x503
  {  9044,   5,  11,   6,    1,  -10 },   // 0x504
  {  9051,   5,  11,   6,    1,  -10 },   // 0x505
  {  9058,   5,  11,   6,    1,  -10 },   // 0x506
  {  9065,   5,  11,   6,    1,  -10 },   // 0x507
  {  9072,   5,  11,   6,    1,  -10 },   // 0x508
  {  9079,   5,  11,   6,    1,  -10 },   // 0x509
  {  9086,   5,  11,   6,    1,  -10 },   // 0x50A
  {  9093,   5,  11,   6,    1,  -10 },   // 0x50B
  {  9100,   5,  11,   6,    1,  -10 },   // 0x50C
  {  9107,   5,  11,   6,    1,  -10 },   // 0x50D
  {  9114,   5,  11,   6,    1,  -10 },   // 0x50E
  {  9121,   5,  11,   6,    1,  -10 },   // 0x50F
  {  9128,   5,  11,   6,    1,  -10 },   // 0x510
  {  9135,   5,  11,   6,    1,  -10 },   // 0x511
  {  9142,   5,  11,   6,    1,  -10 },   // 0x512
  {  9149,   5,  11,   6,    1,  -10 },   // 0x513
  {  9156,   5,  11,   6,    1,  -10 },   // 0x514
  {  9163,   5,  11,   6,    1,  -10 },   // 0x515
  {  9170,   5,  11,   6,    1,  -10 },   // 0x516
  {  9177,   5,  11,   6,    1,  -10 },   // 0x517
  {  9184,   5,  11,   6,    1,  -10 },   // 0x518
  {  9191,   5,  11,   6,    1,  -10 },   // 0x519
  {  9198,   5,  11,   6,    1,  -10 },   // 0x51A
  {  9205,   5,  11,   6,    1,  -10 },   // 0x51B
  {  9212,   5,  11,   6,    1,  -10 },   // 0x51C
  {  9219,   5,  11,   6,    1,  -10 },   // 0x51D
  {  9226,   5,  11,   6,    1,  -10 },   // 0x51E
  {  9233,   5,  11,   6,    1,  -10 },   // 0x51F
  {  9240,   5,  11,   6,    1,  -10 },   // 0x520
  {  9247,   5,  11,   6,    1,  -10 },   // 0x521
  {  9254,   5,  11,   6,    1,  -10 },   // 0x522
  {  9261,   5,  11,   6,    1,  -10 },   // 0x523
  {  9268,   5,  11,   6,    1,  -10 },   // 0x524
  {  9275,   5,  11,   6,    1,  -10 },   // 0x525
  {  9282,   5,  11,   6,    1,  -10 },   // 0x526
  {  9289,   5,  11,   6,    1,  -10 },   // 0x527
  {  9296,   5,  11,   6,    1,  -10 },   // 0x528
  {  9303,   5,  11,   6,    1,  -10 },   // 0x529
  {  9310,   5,  11,   6,    1,  -10 },   // 0x52A
  {  9317,   5,  11,   6,    1,  -10 },   // 0x52B
  {  9324,   5,  11,   6,    1,  -10 },   // 0x52C
  {  9331,   5,  11,   6,    1,  -10 },   // 0x52D
  {  9338,   5,  11,   6,    1,  -10 },   // 0x52E
  {  9345,   5,  11,   6,    1,  -10 },   // 0x52F
  {  9352,   5,  11,   6,    1,  -10 },   // 0x530
  {  9359,   5,  11,   6,    1,  -10 },   // 0x531
  {  9366,   5,  11,   6,    1,  -10 },   // 0x532
  {  9373,   5,  11,   6,    1,  -10 },   // 0x533
  {  9380,   5,  11,   6,    1,  -10 },   // 0x534
  {  9387,   5,  11,   6,    1,  -10 },   // 0x535
  {  9394,   5,  11,   6,    1,  -10 },   // 0x536
  {  9401,   5,  11,   6,    1,  -10 },   // 0x537
  {  9408,   5,  11,   6,    1,  -10 },   // 0x538
  {  9415,   5,  11,   6,    1,  -10 },   // 0x539
  {  9422,   5,  11,   6,    1,  -10 },   // 0x53A
  {  9429,   5,  11,   6,    1,  -10 },   // 0x53B
  {  9436,   5,  11,   6,    1,  -10 },   // 0x53C
  {  9443,   5,  11,   6,    1,  -10 },   // 0x53D
  {  9450,   5,  11,   6,    1,  -10 },   // 0x53E
  {  9457,   5,  11,   6,    1,  -10 },   // 0x53F
  {  9464,   5,  11,   6,    1,  -10 },   // 0x540
  {  9471,   5,  11,   6,    1,  -10 },   // 0x541
  {  9478,   5,  11,   6,    1,  -10 },   // 0x542
  {  9485,   5,  11,   6,    1,  -10 },   // 0x543
  {  9492,   5,  11,   6,    1,  -10 },   // 0x544
  {  9499,   5,  11,   6,    1,  -10 },   // 0x545
  {  9506,   5,  11,   6,    1,  -10 },   // 0x546
  {  9513,   5,  11,   6,    1,  -10 },   // 0x547
  {  9520,   5,  11,   6,    1,  -10 },   // 0x548
  {  9527,   5,  11,   6,    1,  -10 },   // 0x549
  {  9534,   5,  11,   6,    1,  -10 },   // 0x54A
  {  9541,   5,  11,   6,    1,  -10 },   // 0x54B
  {  9548,   5,  11,   6,    1,  -10 },   // 0x54C
  {  9555,   5,  11,   6,    1,  -10 },   // 0x54D
  {  9562,   5,  11,   6,    1,  -10 },   // 0x54E
  {  9569,   5,  11,   6,    1,  -10 },   // 0x54F
  {  9576,   5,  11,   6,    1,  -10 },   // 0x550
  {  9583,   5,  11,   6,    1,  -10 },   // 0x551
  {  9590,   5,  11,   6,    1,  -10 },   // 0x552
  {  9597,   5,  11,   6,    1,  -10 },   // 0x553
  {  9604,   5,  11,   6,    1,  -10 },   // 0x554
  {  9611,   5,  11,   6,    1,  -10 },   // 0x555
  {  9618,   5,  11,   6,    1,  -10 },   // 0x556
  {  9625,   5,  11,   6,    1,  -10 },   // 0x557
  {  9632,   5,  11,   6,    1,  -10 },   // 0x558
  {  9639,   5,  11,   6,    1,  -10 },   // 0x559
  {  9646,   5,  11,   6,    1,  -10 },   // 0x55A
  {  9653,   5,  11,   6,    1,  -10 },   // 0x55B
  {  9660,   5,  11,   6,    1,  -10 },   // 0x55C
  {  9667,   5,  11,   6,    1,  -10 },   // 0x55D
  {  9674,   5,  11,   6,    1,  -10 },   // 0x55E
  {  9681,   5,  11,   6,    1,  -10 },   // 0x55F
  {  9688,   5,  11,   6,    1,  -10 },   // 0x560
  {  9695,   5,  11,   6,    1,  -10 },   // 0x561
  {  9702,   5,  11,   6,    1,  -10 },   // 0x562
  {  9709,   5,  11,   6,    1,  -10 },   // 0x563
  {  9716,   5,  11,   6,    1,  -10 },   // 0x564
  {  9723,   5,  11,   6,    1,  -10 },   // 0x565
  {  9730,   5,  11,   6,    1,  -10 },   // 0x566
  {  9737,   5,  11,   6,    1,  -10 },   // 0x567
  {  9744,   5,  11,   6,    1,  -10 },   // 0x568
  {  9751,   5,  11,   6,    1,  -10 },   // 0x569
  {  9758,   5,  11,   6,    1,  -10 },   // 0x56A
  {  9765,   5,  11,   6,    1,  -10 },   // 0x56B
  {  9772,   5,  11,   6,    1,  -10 },   // 0x56C
  {  9779,   5,  11,   6,    1,  -10 },   // 0x56D
  {  9786,   5,  11,   6,    1,  -10 },   // 0x56E
  {  9793,   5,  11,   6,    1,  -10 },   // 0x56F
  {  9800,   5,  11,   6,    1,  -10 },   // 0x570
  {  9807,   5,  11,   6,    1,  -10 },   // 0x571
  {  9814,   5,  11,   6,    1,  -10 },   // 0x572
  {  9821,   5,  11,   6,    1,  -10 },   // 0x573
  {  9828,   5,  11,   6,    1,  -10 },   // 0x574
  {  9835,   5,  11,   6,    1,  -10 },   // 0x575
  {  9842,   5,  11,   6,    1,  -10 },   // 0x576
  {  9849,   5,  11,   6,    1,  -10 },   // 0x577
  {  9856,   5,  11,   6,    1,  -10 },   // 0x578
  {  9863,   5,  11,   6,    1,  -10 },   // 0x579
  {  9870,   5,  11,   6,    1,  -10 },   // 0x57A
  {  9877,   5,  11,   6,    1,  -10 },   // 0x57B
  {  9884,   5,  11,   6,    1,  -10 },   // 0x57C
  {  9891,   5,  11,   6,    1,  -10 },   // 0x57D
  {  9898,   5,  11,   6,    1,  -10 },   // 0x57E
  {  9905,   5,  11,   6,    1,  -10 },   // 0x57F
  {  9912,   5,  11,   6,    1,  -10 },   // 0x580
  {  9919,   5,  11,   6,    1,  -10 },   // 0x581
  {  9926,   5,  11,   6,    1,  -10 },   // 0x582
  {  9933,   5,  11,   6,    1,  -10 },   // 0x583
  {  9940,   5,  11,   6,    1,  -10 },   // 0x584
  {  9947,   5,  11,   6,    1,  -10 },   // 0x585
  {  9954,   5,  11,   6,    1,  -10 },   // 0x586
  {  9961,   5,  11,   6,    1,  -10 },   // 0x587
  {  9968,   5,  11,   6,    1,  -10 },   // 0x588
  {  9975,   5,  11,   6,    1,  -10 },   // 0x589
  {  9982,   5,  11,   6,    1,  -10 },   // 0x58A
  {  9989,   5,  11,   6,    1,  -10 },   // 0x58B
  {  9996,   5,  11,   6,    1,  -10 },   // 0x58C
  { 10003,   5,  11,   6,    1,  -10 },   // 0x58D
  { 10010,   5,  11,   6,    1,  -10 },   // 0x58E
  { 10017,   5,  11,   6,    1,  -10 },   // 0x58F
  { 10024,   5,  11,   6,    1,  -10 },   // 0x590
  { 10031,   5,  11,   6,    1,  -10 },   // 0x591
  { 10038,   5,  11,   6,    1,  -10 },   // 0x592
  { 10045,   5,  11,   6,    1,  -10 },   // 0x593
  { 10052,   5,  11,   6,    1,  -10 },   // 0x594
  { 10059,   5,  11,   6,    1,  -10 },   // 0x595
  { 10066,   5,  11,   6,    1,  -10 },   // 0x596
  { 10073,   5,  11,   6,    1,  -10 },   // 0x597
  { 10080,   5,  11,   6,    1,  -10 },   // 0x598
  { 10087,   5,  11,   6,    1,  -10 },   // 0x599
  { 10094,   5,  11,   6,    1,  -10 },   // 0x59A
  { 10101,   5,  11,   6,    1,  -10 },   // 0x59B
  { 10108,   5,  11,   6,    1,  -10 },   // 0x59C
  { 10115,   5,  11,   6,    1,  -10 },   // 0x59D
  { 10122,   5,  11,   6,    1,  -10 },   // 0x59E
  { 10129,   5,  11,   6,    1,  -10 },   // 0x59F
  { 10136,   5,  11,   6,    1,  -10 },   // 0x5A0
  { 10143,   5,  11,   6,    1,  -10 },   // 0x5A1
  { 10150,   5,  11,   6,    1,  -10 },   // 0x5A2
  { 10157,   5,  11,   6,    1,  -10 },   // 0x5A3
  { 10164,   5,  11,   6,    1,  -10 },   // 0x5A4
  { 10171,   5,  11,   6,    1,  -10 },   // 0x5A5
  { 10178,   5,  11,   6,    1,  -10 },   // 0x5A6
  { 10185,   5,  11,   6,    1,  -10 },   // 0x5A7
  { 10192,   5,  11,   6,    1,  -10 },   // 0x5A8
  { 10199,   5,  11,   6,    1,  -10 },   // 0x5A9
  { 10206,   5,  11,   6,    1,  -10 },   // 0x5AA
  { 10213,   5,  11,   6,    1,  -10 },   // 0x5AB
  { 10220,   5,  11,   6,    1,  -10 },   // 0x5AC
  { 10227,   5,  11,   6,    1,  -10 },   // 0x5AD
  { 10234,   5,  11,   6,    1,  -10 },   // 0x5AE
  { 10241,   5,  11,   6,    1,  -10 },   // 0x5AF
  { 10248,   1,   4,   0,    4,    1 },   // 0x5B0
  { 10249,   6,   4,   0,    2,    1 },   // 0x5B1
  { 10252,   4,   3,   0,    3,    2 },   // 0x5B2
  { 10254,   4,   3,   0,    3,    2 },   // 0x5B3
  { 10256,   2,   2,   0,    4,    1 },   // 0x5B4
  { 10257,   4,   2,   0,    3,    1 },   // 0x5B5
  { 10258,   4,   4,   0,    3,    1 },   // 0x5B6
  { 10260,   3,   1,   0,    3,    2 },   // 0x5B7
  { 10261,   3,   2,   0,    3,    2 },   // 0x5B8
  { 10262,   2,   2,   0,    4,  -12 },   // 0x5B9
  { 10263,   2,   2,   0,    4,  -12 },   // 0x5BA
  { 10264,   5,   5,   0,    3,    1 },   // 0x5BB
  { 10268,   2,   2,   0,    4,   -5 },   // 0x5BC
  { 10269,   1,   2,  10,    5,    3 },   // 0x5BD
  { 10270,   4,   2,   5,    0,   -9 },   // 0x5BE
  { 10271,   5,  11,   6,    1,  -10 },   // 0x5BF
  { 10278,   5,  11,   6,    1,  -10 },   // 0x5C0
  { 10285,   2,   2,   0,    4,  -12 },   // 0x5C1
  { 10286,   2,   2,   0,    4,  -12 },   // 0x5C2
  { 10287,   5,  11,   6,    1,  -10 },   // 0x5C3
  { 10294,   5,  11,   6,    1,  -10 },   // 0x5C4
  { 10301,   5,  11,   6,    1,  -10 },   // 0x5C5
  { 10308,   5,  11,   6,    1,  -10 },   // 0x5C6
  { 10315,   3,   2,   0,    1,    2 },   // 0x5C7
  { 10316,   5,  11,   6,    1,  -10 },   // 0x5C8
  { 10323,   5,  11,   6,    1,  -10 },   // 0x5C9
  { 10330,   5,  11,   6,    1,  -10 },   // 0x5CA
  { 10337,   5,  11,   6,    1,  -10 },   // 0x5CB
  { 10344,   5,  11,   6,    1,  -10 },   // 0x5CC
  { 10351,   5,  11,   6,    1,  -10 },   // 0x5CD
  { 10358,   5,  11,   6,    1,  -10 },   // 0x5CE
  { 10365,   5,  11,   6,    1,  -10 },   // 0x5CF
  { 10372,  10,  10,  10,    0,   -9 },   // 0x5D0
  { 10385,   7,  10,   9,    1,   -9 },   // 0x5D1
  { 10394,   5,  10,   7,    1,   -9 },   // 0x5D2
  { 10401,   7,  10,   9,    1,   -9 },   // 0x5D3
  { 10410,   8,  10,  11,    1,   -9 },   // 0x5D4
  { 10420,   2,  10,   5,    1,   -9 },   // 0x5D5
  { 10423,   4,  10,   5,    0,   -9 },   // 0x5D6
  { 10428,   8,  10,  11,    1,   -9 },   // 0x5D7
  { 10438,   8,  10,  10,    1,   -9 },   // 0x5D8
  { 10448,   2,   7,   5,    1,   -9 },   // 0x5D9
  { 10450,   7,  14,   9,    0,   -9 },   // 0x5DA
  { 10463,   7,  10,   8,    0,   -9 },   // 0x5DB
  { 10472,   7,  12,   9,    1,  -11 },   // 0x5DC
  { 10483,   8,  10,  11,    1,   -9 },   // 0x5DD
  { 10493,   8,  10,  11,    1,   -9 },   // 0x5DE
  { 10503,   3,  14,   5,    0,   -9 },   // 0x5DF
  { 10509,   4,  10,   7,    1,   -9 },   // 0x5E0
  { 10514,   8,  10,  10,    1,   -9 },   // 0x5E1
  { 10524,  10,  11,  10,   -1,  -10 },   // 0x5E2
  { 10538,   8,  14,  10,    1,   -9 },   // 0x5E3
  { 10552,   8,  10,  10,    1,   -9 },   // 0x5E4
  { 10562,   8,  13,   9,    0,   -8 },   // 0x5E5
  { 10575,   8,  10,  10,    1,   -9 },   // 0x5E6
  { 10585,   8,  14,  10,    1,   -9 },   // 0x5E7
  { 10599,   7,  10,   8,    0,   -9 },   // 0x5E8
  { 10608,  11,   9,  13,    1,   -8 },   // 0x5E9
  { 10621,  10,  10,  11,    0,   -9 } }; // 0x5EA

const GFXfont opensanshebrew_bold_webfont8pt8b PROGMEM = {
  (uint8_t  *)opensanshebrew_bold_webfont8pt8bBitmaps,
  (GFXglyph *)opensanshebrew_bold_webfont8pt8bGlyphs,
  0x20, 0x5EA, 20 };

// Approx. 21022 bytes
