const uint8_t opensanshebrew_regular_webfont8pt8bBitmaps[] PROGMEM = {
  0x00, 0xFF, 0xB0, 0x99, 0x99, 0x12, 0x12, 0x12, 0x24, 0xFF, 0x24, 0x24,
  0xFF, 0x24, 0x48, 0x48, 0x48, 0x10, 0x7B, 0x4C, 0x89, 0x0E, 0x07, 0x09,
  0x12, 0x2F, 0xF0, 0x80, 0x60, 0x92, 0x22, 0x44, 0x49, 0x09, 0x21, 0x29,
  0x99, 0x48, 0x49, 0x09, 0x22, 0x24, 0x44, 0x90, 0x60, 0x38, 0x08, 0x81,
  0x10, 0x22, 0x02, 0x80, 0x60, 0x1E, 0x14, 0x66, 0x86, 0x90, 0x73, 0x1E,
  0x3E, 0x60, 0xF0, 0x29, 0x69, 0x24, 0x93, 0x24, 0x40, 0x89, 0x32, 0x49,
  0x25, 0xA5, 0x00, 0x10, 0x22, 0x4F, 0xF3, 0x8D, 0x13, 0x00, 0x10, 0x20,
  0x47, 0xF1, 0x02, 0x04, 0x00, 0x5A, 0xF0, 0xC0, 0x0C, 0x20, 0x84, 0x10,
  0xC2, 0x08, 0x61, 0x04, 0x30, 0x38, 0x8A, 0x0C, 0x18, 0x30, 0x60, 0xC1,
  0x83, 0x05, 0x11, 0xC0, 0x17, 0xD1, 0x11, 0x11, 0x11, 0x11, 0x3C, 0x46,
  0x02, 0x02, 0x02, 0x04, 0x0C, 0x18, 0x10, 0x20, 0x40, 0xFF, 0x7C, 0x8C,
  0x08, 0x10, 0x47, 0x01, 0x81, 0x02, 0x06, 0x17, 0xC0, 0x0C, 0x18, 0x50,
  0xA2, 0x48, 0x91, 0x42, 0xFE, 0x08, 0x10, 0x20, 0x7C, 0x81, 0x06, 0x0C,
  0x1F, 0x01, 0x81, 0x02, 0x06, 0x17, 0xC0, 0x1C, 0xC1, 0x04, 0x08, 0x17,
  0xB1, 0xC1, 0x83, 0x05, 0x19, 0xE0, 0xFE, 0x04, 0x18, 0x20, 0xC1, 0x02,
  0x0C, 0x10, 0x60, 0x83, 0x00, 0x7D, 0x8E, 0x0C, 0x14, 0x47, 0x1B, 0x43,
  0x83, 0x07, 0x1B, 0xE0, 0x38, 0x8A, 0x0C, 0x18, 0x38, 0xDE, 0x81, 0x02,
  0x08, 0x33, 0x80, 0xC1, 0x80, 0x50, 0x01, 0x58, 0x00, 0x0C, 0x63, 0x0C,
  0x0E, 0x03, 0x01, 0xFE, 0x00, 0x07, 0xF0, 0x01, 0x80, 0xC0, 0x60, 0x23,
  0x98, 0x40, 0xFA, 0x10, 0x41, 0x08, 0x62, 0x08, 0x20, 0x02, 0x08, 0x0F,
  0x83, 0x04, 0x40, 0x24, 0xF9, 0x99, 0x19, 0x11, 0x91, 0x19, 0x1B, 0x8E,
  0xE4, 0x00, 0x60, 0x01, 0xF8, 0x0C, 0x03, 0x00, 0xE0, 0x48, 0x12, 0x0C,
  0xC2, 0x10, 0xFC, 0x60, 0x90, 0x24, 0x0F, 0x01, 0xFD, 0x0E, 0x0C, 0x18,
  0x7F, 0x21, 0xC1, 0x83, 0x06, 0x1F, 0xE0, 0x1F, 0x61, 0x40, 0x80, 0x80,
  0x80, 0x80, 0x80, 0x80, 0x40, 0x60, 0x3F, 0xF8, 0x86, 0x82, 0x81, 0x81,
  0x81, 0x81, 0x81, 0x81, 0x82, 0x86, 0xF8, 0xFE, 0x08, 0x20, 0x83, 0xF8,
  0x20, 0x82, 0x08, 0x3F, 0xFE, 0x08, 0x20, 0x82, 0x0F, 0xE0, 0x82, 0x08,
  0x20, 0x1F, 0x90, 0x50, 0x18, 0x08, 0x04, 0x02, 0x0F, 0x01, 0x80, 0xA0,
  0x58, 0x23, 0xF0, 0x81, 0x81, 0x81, 0x81, 0x81, 0xFF, 0x81, 0x81, 0x81,
  0x81, 0x81, 0x81, 0xFF, 0xF0, 0x11, 0x11, 0x11, 0x11, 0x11, 0x11, 0x11,
  0xE0, 0x82, 0x84, 0x8C, 0x98, 0xB0, 0xE0, 0xF0, 0x98, 0x88, 0x84, 0x86,
  0x83, 0x82, 0x08, 0x20, 0x82, 0x08, 0x20, 0x82, 0x08, 0x3F, 0xC0, 0x78,
  0x0F, 0x83, 0xD0, 0x5A, 0x0B, 0x22, 0x64, 0x4C, 0xD9, 0x8A, 0x31, 0x46,
  0x38, 0xC2, 0x10, 0xC1, 0xC1, 0xE1, 0xA1, 0xB1, 0x91, 0x89, 0x8D, 0x85,
  0x87, 0x83, 0x83, 0x3F, 0x18, 0x64, 0x0A, 0x01, 0x80, 0x60, 0x18, 0x06,
  0x01, 0x80, 0x50, 0x26, 0x18, 0xF8, 0xFA, 0x38, 0x61, 0x86, 0x2F, 0x20,
  0x82, 0x08, 0x20, 0x3E, 0x18, 0x64, 0x0A, 0x01, 0x80, 0x60, 0x18, 0x06,
  0x01, 0x80, 0x50, 0x26, 0x18, 0x7C, 0x03, 0x00, 0x60, 0x08, 0xF9, 0x1A,
  0x14, 0x28, 0x51, 0x3E, 0x4C, 0x89, 0x1A, 0x14, 0x30, 0x7F, 0x86, 0x04,
  0x0C, 0x0E, 0x07, 0x03, 0x02, 0x04, 0x1F, 0xE0, 0xFE, 0x20, 0x40, 0x81,
  0x02, 0x04, 0x08, 0x10, 0x20, 0x40, 0x80, 0x80, 0xC0, 0x60, 0x30, 0x18,
  0x0C, 0x06, 0x03, 0x01, 0x80, 0xC0, 0x50, 0x47, 0xC0, 0xC0, 0x90, 0x24,
  0x19, 0x84, 0x21, 0x08, 0xC3, 0x20, 0x48, 0x16, 0x07, 0x00, 0xC0, 0x30,
  0x83, 0x06, 0x0C, 0x14, 0x30, 0x91, 0xA2, 0x46, 0x89, 0x12, 0x22, 0xC5,
  0x8B, 0x14, 0x2C, 0x50, 0xA1, 0x41, 0x83, 0x06, 0x08, 0x41, 0xB0, 0x88,
  0x86, 0xC1, 0x40, 0x40, 0x70, 0x28, 0x32, 0x11, 0x90, 0x58, 0x30, 0xC1,
  0xA0, 0x98, 0xC4, 0x41, 0x40, 0xA0, 0x20, 0x10, 0x08, 0x04, 0x02, 0x01,
  0x00, 0xFE, 0x06, 0x04, 0x0C, 0x08, 0x18, 0x30, 0x20, 0x60, 0x40, 0xC0,
  0xFF, 0xF2, 0x49, 0x24, 0x92, 0x49, 0x38, 0xC1, 0x04, 0x18, 0x20, 0x83,
  0x04, 0x10, 0x20, 0x83, 0xE4, 0x92, 0x49, 0x24, 0x92, 0x78, 0x08, 0x18,
  0x14, 0x24, 0x22, 0x42, 0x41, 0xFE, 0x94, 0x78, 0x10, 0x41, 0x7F, 0x18,
  0x63, 0x74, 0x80, 0x80, 0x80, 0xBC, 0xC2, 0x81, 0x81, 0x81, 0x81, 0x81,
  0xC2, 0xBC, 0x3D, 0x08, 0x20, 0x82, 0x08, 0x10, 0x7C, 0x02, 0x04, 0x08,
  0x17, 0xA8, 0xE0, 0xC1, 0x83, 0x06, 0x0A, 0x37, 0xA0, 0x3C, 0x8A, 0x0C,
  0x1F, 0xF0, 0x20, 0x20, 0x3E, 0x3A, 0x11, 0xE4, 0x21, 0x08, 0x42, 0x10,
  0x80, 0x3F, 0x46, 0x42, 0x42, 0x46, 0x3C, 0x40, 0x40, 0x3E, 0xC1, 0x81,
  0x83, 0x7C, 0x81, 0x02, 0x05, 0xEC, 0x70, 0x60, 0xC1, 0x83, 0x06, 0x0C,
  0x10, 0xBF, 0xE0, 0x20, 0x92, 0x49, 0x24, 0x92, 0x70, 0x81, 0x02, 0x04,
  0x69, 0x92, 0x28, 0x70, 0x91, 0x32, 0x24, 0x20, 0xFF, 0xF0, 0xBC, 0xEC,
  0x71, 0x82, 0x18, 0x21, 0x82, 0x18, 0x21, 0x82, 0x18, 0x21, 0x82, 0x10,
  0xBD, 0x8E, 0x0C, 0x18, 0x30, 0x60, 0xC1, 0x82, 0x38, 0x8A, 0x0C, 0x18,
  0x30, 0x60, 0xA2, 0x38, 0xBC, 0xC2, 0x81, 0x81, 0x81, 0x81, 0x81, 0xC2,
  0xBC, 0x80, 0x80, 0x80, 0x80, 0x7A, 0x8E, 0x0C, 0x18, 0x30, 0x60, 0xA3,
  0x3A, 0x04, 0x08, 0x10, 0x20, 0xBE, 0x21, 0x08, 0x42, 0x10, 0x80, 0x7E,
  0x18, 0x30, 0x38, 0x30, 0x41, 0xF8, 0x44, 0xF4, 0x44, 0x44, 0x44, 0x30,
  0x83, 0x06, 0x0C, 0x18, 0x30, 0x60, 0xE3, 0x7A, 0xC3, 0x42, 0x42, 0x66,
  0x24, 0x24, 0x3C, 0x18, 0x18, 0x86, 0x18, 0x61, 0x45, 0x24, 0x52, 0x49,
  0x24, 0x9C, 0x28, 0xC3, 0x8C, 0x30, 0xC0, 0x43, 0x66, 0x34, 0x1C, 0x18,
  0x1C, 0x24, 0x62, 0x43, 0xC3, 0x43, 0x42, 0x66, 0x24, 0x24, 0x3C, 0x18,
  0x18, 0x18, 0x10, 0x30, 0xE0, 0xFC, 0x21, 0x84, 0x21, 0x84, 0x20, 0xFC,
  0x19, 0x08, 0x42, 0x10, 0x98, 0x61, 0x08, 0x42, 0x10, 0x60, 0xFF, 0xFF,
  0xC1, 0x08, 0x42, 0x10, 0x83, 0x31, 0x08, 0x42, 0x13, 0x00, 0xF3, 0x3C,
  0xFC, 0x63, 0x18, 0xC6, 0x31, 0x8C, 0x7E, 0xFC, 0x63, 0x18, 0xC6, 0x31,
  0x8C, 0x7E, 0xFC, 0x63, 0x18, 0xC6, 0x31, 0x8C, 0x7E, 0xFC, 0x63, 0x18,
  0xC6, 0x31, 0x8C, 0x7E, 0xFC, 0x63, 0x18, 0xC6, 0x31, 0x8C, 0x7E, 0xFC,
  0x63, 0x18, 0xC6, 0x31, 0x8C, 0x7E, 0xFC, 0x63, 0x18, 0xC6, 0x31, 0x8C,
  0x7E, 0xFC, 0x63, 0x18, 0xC6, 0x31, 0x8C, 0x7E, 0xFC, 0x63, 0x18, 0xC6,
  0x31, 0x8C, 0x7E, 0xFC, 0x63, 0x18, 0xC6, 0x31, 0x8C, 0x7E, 0xFC, 0x63,
  0x18, 0xC6, 0x31, 0x8C, 0x7E, 0xFC, 0x63, 0x18, 0xC6, 0x31, 0x8C, 0x7E,
  0xFC, 0x63, 0x18, 0xC6, 0x31, 0x8C, 0x7E, 0xFC, 0x63, 0x18, 0xC6, 0x31,
  0x8C, 0x7E, 0xFC, 0x63, 0x18, 0xC6, 0x31, 0x8C, 0x7E, 0xFC, 0x63, 0x18,
  0xC6, 0x31, 0x8C, 0x7E, 0xFC, 0x63, 0x18, 0xC6, 0x31, 0x8C, 0x7E, 0xFC,
  0x63, 0x18, 0xC6, 0x31, 0x8C, 0x7E, 0xFC, 0x63, 0x18, 0xC6, 0x31, 0x8C,
  0x7E, 0xFC, 0x63, 0x18, 0xC6, 0x31, 0x8C, 0x7E, 0xFC, 0x63, 0x18, 0xC6,
  0x31, 0x8C, 0x7E, 0xFC, 0x63, 0x18, 0xC6, 0x31, 0x8C, 0x7E, 0xFC, 0x63,
  0x18, 0xC6, 0x31, 0x8C, 0x7E, 0xFC, 0x63, 0x18, 0xC6, 0x31, 0x8C, 0x7E,
  0xFC, 0x63, 0x18, 0xC6, 0x31, 0x8C, 0x7E, 0xFC, 0x63, 0x18, 0xC6, 0x31,
  0x8C, 0x7E, 0xFC, 0x63, 0x18, 0xC6, 0x31, 0x8C, 0x7E, 0xFC, 0x63, 0x18,
  0xC6, 0x31, 0x8C, 0x7E, 0xFC, 0x63, 0x18, 0xC6, 0x31, 0x8C, 0x7E, 0xFC,
  0x63, 0x18, 0xC6, 0x31, 0x8C, 0x7E, 0xFC, 0x63, 0x18, 0xC6, 0x31, 0x8C,
  0x7E, 0xFC, 0x63, 0x18, 0xC6, 0x31, 0x8C, 0x7E, 0xFC, 0x63, 0x18, 0xC6,
  0x31, 0x8C, 0x7E, 0x00, 0xFC, 0x63, 0x18, 0xC6, 0x31, 0x8C, 0x7E, 0x08,
  0x39, 0xCE, 0x08, 0x10, 0x20, 0x40, 0x40, 0x7C, 0x20, 0x40, 0x1F, 0x30,
  0x20, 0x20, 0x20, 0x20, 0xFC, 0x20, 0x20, 0x20, 0x20, 0x7F, 0xFC, 0x63,
  0x18, 0xC6, 0x31, 0x8C, 0x7E, 0x83, 0x8D, 0x13, 0x62, 0x85, 0x1F, 0x08,
  0x10, 0xF8, 0x40, 0x80, 0xFC, 0x63, 0x18, 0xC6, 0x31, 0x8C, 0x7E, 0xFC,
  0x63, 0x18, 0xC6, 0x31, 0x8C, 0x7E, 0x90, 0x1F, 0x03, 0x0C, 0x4F, 0x2C,
  0x83, 0x90, 0x19, 0x01, 0x90, 0x19, 0x01, 0xD8, 0x34, 0xF2, 0x30, 0xC1,
  0xF0, 0xFC, 0x63, 0x18, 0xC6, 0x31, 0x8C, 0x7E, 0x65, 0x29, 0x36, 0x48,
  0x90, 0xFC, 0x63, 0x18, 0xC6, 0x31, 0x8C, 0x7E, 0xF0, 0x1F, 0x02, 0x0C,
  0x5E, 0x29, 0x12, 0x91, 0x19, 0x11, 0x9E, 0x19, 0x31, 0x91, 0x24, 0x02,
  0x20, 0xC1, 0xF0, 0xFC, 0x63, 0x18, 0xC6, 0x31, 0x8C, 0x7E, 0xFC, 0x63,
  0x18, 0xC6, 0x31, 0x8C, 0x7E, 0xFC, 0x63, 0x18, 0xC6, 0x31, 0x8C, 0x7E,
  0xFC, 0x63, 0x18, 0xC6, 0x31, 0x8C, 0x7E, 0xFC, 0x63, 0x18, 0xC6, 0x31,
  0x8C, 0x7E, 0x6A, 0x00, 0xFC, 0x63, 0x18, 0xC6, 0x31, 0x8C, 0x7E, 0xFC,
  0x63, 0x18, 0xC6, 0x31, 0x8C, 0x7E, 0xFC, 0x63, 0x18, 0xC6, 0x31, 0x8C,
  0x7E, 0x4C, 0xE0, 0xFC, 0x63, 0x18, 0xC6, 0x31, 0x8C, 0x7E, 0xFC, 0x63,
  0x18, 0xC6, 0x31, 0x8C, 0x7E, 0x91, 0x22, 0x5B, 0xCA, 0x40, 0xFC, 0x63,
  0x18, 0xC6, 0x31, 0x8C, 0x7E, 0xFC, 0x63, 0x18, 0xC6, 0x31, 0x8C, 0x7E,
  0xFC, 0x63, 0x18, 0xC6, 0x31, 0x8C, 0x7E, 0xFC, 0x63, 0x18, 0xC6, 0x31,
  0x8C, 0x7E, 0xFC, 0x63, 0x18, 0xC6, 0x31, 0x8C, 0x7E, 0xFC, 0x63, 0x18,
  0xC6, 0x31, 0x8C, 0x7E, 0xFC, 0x63, 0x18, 0xC6, 0x31, 0x8C, 0x7E, 0xFC,
  0x63, 0x18, 0xC6, 0x31, 0x8C, 0x7E, 0xFC, 0x63, 0x18, 0xC6, 0x31, 0x8C,
  0x7E, 0xFC, 0x63, 0x18, 0xC6, 0x31, 0x8C, 0x7E, 0xFC, 0x63, 0x18, 0xC6,
  0x31, 0x8C, 0x7E, 0xFC, 0x63, 0x18, 0xC6, 0x31, 0x8C, 0x7E, 0xFC, 0x63,
  0x18, 0xC6, 0x31, 0x8C, 0x7E, 0xFC, 0x63, 0x18, 0xC6, 0x31, 0x8C, 0x7E,
  0xFC, 0x63, 0x18, 0xC6, 0x31, 0x8C, 0x7E, 0xFC, 0x63, 0x18, 0xC6, 0x31,
  0x8C, 0x7E, 0xFC, 0x63, 0x18, 0xC6, 0x31, 0x8C, 0x7E, 0xFC, 0x63, 0x18,
  0xC6, 0x31, 0x8C, 0x7E, 0xFC, 0x63, 0x18, 0xC6, 0x31, 0x8C, 0x7E, 0xFC,
  0x63, 0x18, 0xC6, 0x31, 0x8C, 0x7E, 0xFC, 0x63, 0x18, 0xC6, 0x31, 0x8C,
  0x7E, 0xFC, 0x63, 0x18, 0xC6, 0x31, 0x8C, 0x7E, 0xFC, 0x63, 0x18, 0xC6,
  0x31, 0x8C, 0x7E, 0xFC, 0x63, 0x18, 0xC6, 0x31, 0x8C, 0x7E, 0xFC, 0x63,
  0x18, 0xC6, 0x31, 0x8C, 0x7E, 0xFC, 0x63, 0x18, 0xC6, 0x31, 0x8C, 0x7E,
  0xFC, 0x63, 0x18, 0xC6, 0x31, 0x8C, 0x7E, 0xFC, 0x63, 0x18, 0xC6, 0x31,
  0x8C, 0x7E, 0xFC, 0x63, 0x18, 0xC6, 0x31, 0x8C, 0x7E, 0xFC, 0x63, 0x18,
  0xC6, 0x31, 0x8C, 0x7E, 0xFC, 0x63, 0x18, 0xC6, 0x31, 0x8C, 0x7E, 0xFC,
  0x63, 0x18, 0xC6, 0x31, 0x8C, 0x7E, 0xFC, 0x63, 0x18, 0xC6, 0x31, 0x8C,
  0x7E, 0xFC, 0x63, 0x18, 0xC6, 0x31, 0x8C, 0x7E, 0xFC, 0x63, 0x18, 0xC6,
  0x31, 0x8C, 0x7E, 0xFC, 0x63, 0x18, 0xC6, 0x31, 0x8C, 0x7E, 0xFC, 0x63,
  0x18, 0xC6, 0x31, 0x8C, 0x7E, 0xFC, 0x63, 0x18, 0xC6, 0x31, 0x8C, 0x7E,
  0xFC, 0x63, 0x18, 0xC6, 0x31, 0x8C, 0x7E, 0xFC, 0x63, 0x18, 0xC6, 0x31,
  0x8C, 0x7E, 0xFC, 0x63, 0x18, 0xC6, 0x31, 0x8C, 0x7E, 0xFC, 0x63, 0x18,
  0xC6, 0x31, 0x8C, 0x7E, 0xFC, 0x63, 0x18, 0xC6, 0x31, 0x8C, 0x7E, 0xFC,
  0x63, 0x18, 0xC6, 0x31, 0x8C, 0x7E, 0xFC, 0x63, 0x18, 0xC6, 0x31, 0x8C,
  0x7E, 0xFC, 0x63, 0x18, 0xC6, 0x31, 0x8C, 0x7E, 0xFC, 0x63, 0x18, 0xC6,
  0x31, 0x8C, 0x7E, 0xFC, 0x63, 0x18, 0xC6, 0x31, 0x8C, 0x7E, 0xFC, 0x63,
  0x18, 0xC6, 0x31, 0x8C, 0x7E, 0xFC, 0x63, 0x18, 0xC6, 0x31, 0x8C, 0x7E,
  0xFC, 0x63, 0x18, 0xC6, 0x31, 0x8C, 0x7E, 0xFC, 0x63, 0x18, 0xC6, 0x31,
  0x8C, 0x7E, 0xFC, 0x63, 0x18, 0xC6, 0x31, 0x8C, 0x7E, 0xFC, 0x63, 0x18,
  0xC6, 0x31, 0x8C, 0x7E, 0xFC, 0x63, 0x18, 0xC6, 0x31, 0x8C, 0x7E, 0xFC,
  0x63, 0x18, 0xC6, 0x31, 0x8C, 0x7E, 0xFC, 0x63, 0x18, 0xC6, 0x31, 0x8C,
  0x7E, 0xFC, 0x63, 0x18, 0xC6, 0x31, 0x8C, 0x7E, 0xFC, 0x63, 0x18, 0xC6,
  0x31, 0x8C, 0x7E, 0xFC, 0x63, 0x18, 0xC6, 0x31, 0x8C, 0x7E, 0xFC, 0x63,
  0x18, 0xC6, 0x31, 0x8C, 0x7E, 0xFC, 0x63, 0x18, 0xC6, 0x31, 0x8C, 0x7E,
  0xFC, 0x63, 0x18, 0xC6, 0x31, 0x8C, 0x7E, 0xFC, 0x63, 0x18, 0xC6, 0x31,
  0x8C, 0x7E, 0xFC, 0x63, 0x18, 0xC6, 0x31, 0x8C, 0x7E, 0xFC, 0x63, 0x18,
  0xC6, 0x31, 0x8C, 0x7E, 0xFC, 0x63, 0x18, 0xC6, 0x31, 0x8C, 0x7E, 0xFC,
  0x63, 0x18, 0xC6, 0x31, 0x8C, 0x7E, 0xFC, 0x63, 0x18, 0xC6, 0x31, 0x8C,
  0x7E, 0xFC, 0x63, 0x18, 0xC6, 0x31, 0x8C, 0x7E, 0xFC, 0x63, 0x18, 0xC6,
  0x31, 0x8C, 0x7E, 0xFC, 0x63, 0x18, 0xC6, 0x31, 0x8C, 0x7E, 0xFC, 0x63,
  0x18, 0xC6, 0x31, 0x8C, 0x7E, 0xFC, 0x63, 0x18, 0xC6, 0x31, 0x8C, 0x7E,
  0xFC, 0x63, 0x18, 0xC6, 0x31, 0x8C, 0x7E, 0xFC, 0x63, 0x18, 0xC6, 0x31,
  0x8C, 0x7E, 0xFC, 0x63, 0x18, 0xC6, 0x31, 0x8C, 0x7E, 0xFC, 0x63, 0x18,
  0xC6, 0x31, 0x8C, 0x7E, 0xFC, 0x63, 0x18, 0xC6, 0x31, 0x8C, 0x7E, 0xFC,
  0x63, 0x18, 0xC6, 0x31, 0x8C, 0x7E, 0xFC, 0x63, 0x18, 0xC6, 0x31, 0x8C,
  0x7E, 0xFC, 0x63, 0x18, 0xC6, 0x31, 0x8C, 0x7E, 0xFC, 0x63, 0x18, 0xC6,
  0x31, 0x8C, 0x7E, 0xFC, 0x63, 0x18, 0xC6, 0x31, 0x8C, 0x7E, 0xFC, 0x63,
  0x18, 0xC6, 0x31, 0x8C, 0x7E, 0xFC, 0x63, 0x18, 0xC6, 0x31, 0x8C, 0x7E,
  0xFC, 0x63, 0x18, 0xC6, 0x31, 0x8C, 0x7E, 0xFC, 0x63, 0x18, 0xC6, 0x31,
  0x8C, 0x7E, 0xFC, 0x63, 0x18, 0xC6, 0x31, 0x8C, 0x7E, 0xFC, 0x63, 0x18,
  0xC6, 0x31, 0x8C, 0x7E, 0xFC, 0x63, 0x18, 0xC6, 0x31, 0x8C, 0x7E, 0xFC,
  0x63, 0x18, 0xC6, 0x31, 0x8C, 0x7E, 0xFC, 0x63, 0x18, 0xC6, 0x31, 0x8C,
  0x7E, 0xFC, 0x63, 0x18, 0xC6, 0x31, 0x8C, 0x7E, 0xFC, 0x63, 0x18, 0xC6,
  0x31, 0x8C, 0x7E, 0xFC, 0x63, 0x18, 0xC6, 0x31, 0x8C, 0x7E, 0xFC, 0x63,
  0x18, 0xC6, 0x31, 0x8C, 0x7E, 0xFC, 0x63, 0x18, 0xC6, 0x31, 0x8C, 0x7E,
  0xFC, 0x63, 0x18, 0xC6, 0x31, 0x8C, 0x7E, 0xFC, 0x63, 0x18, 0xC6, 0x31,
  0x8C, 0x7E, 0xFC, 0x63, 0x18, 0xC6, 0x31, 0x8C, 0x7E, 0xFC, 0x63, 0x18,
  0xC6, 0x31, 0x8C, 0x7E, 0xFC, 0x63, 0x18, 0xC6, 0x31, 0x8C, 0x7E, 0xFC,
  0x63, 0x18, 0xC6, 0x31, 0x8C, 0x7E, 0xFC, 0x63, 0x18, 0xC6, 0x31, 0x8C,
  0x7E, 0xFC, 0x63, 0x18, 0xC6, 0x31, 0x8C, 0x7E, 0xFC, 0x63, 0x18, 0xC6,
  0x31, 0x8C, 0x7E, 0xFC, 0x63, 0x18, 0xC6, 0x31, 0x8C, 0x7E, 0xFC, 0x63,
  0x18, 0xC6, 0x31, 0x8C, 0x7E, 0xFC, 0x63, 0x18, 0xC6, 0x31, 0x8C, 0x7E,
  0xFC, 0x63, 0x18, 0xC6, 0x31, 0x8C, 0x7E, 0xFC, 0x63, 0x18, 0xC6, 0x31,
  0x8C, 0x7E, 0xFC, 0x63, 0x18, 0xC6, 0x31, 0x8C, 0x7E, 0xFC, 0x63, 0x18,
  0xC6, 0x31, 0x8C, 0x7E, 0xFC, 0x63, 0x18, 0xC6, 0x31, 0x8C, 0x7E, 0xFC,
  0x63, 0x18, 0xC6, 0x31, 0x8C, 0x7E, 0xFC, 0x63, 0x18, 0xC6, 0x31, 0x8C,
  0x7E, 0xFC, 0x63, 0x18, 0xC6, 0x31, 0x8C, 0x7E, 0xFC, 0x63, 0x18, 0xC6,
  0x31, 0x8C, 0x7E, 0xFC, 0x63, 0x18, 0xC6, 0x31, 0x8C, 0x7E, 0xFC, 0x63,
  0x18, 0xC6, 0x31, 0x8C, 0x7E, 0xFC, 0x63, 0x18, 0xC6, 0x31, 0x8C, 0x7E,
  0xFC, 0x63, 0x18, 0xC6, 0x31, 0x8C, 0x7E, 0xFC, 0x63, 0x18, 0xC6, 0x31,
  0x8C, 0x7E, 0xFC, 0x63, 0x18, 0xC6, 0x31, 0x8C, 0x7E, 0xFC, 0x63, 0x18,
  0xC6, 0x31, 0x8C, 0x7E, 0xFC, 0x63, 0x18, 0xC6, 0x31, 0x8C, 0x7E, 0xFC,
  0x63, 0x18, 0xC6, 0x31, 0x8C, 0x7E, 0xFC, 0x63, 0x18, 0xC6, 0x31, 0x8C,
  0x7E, 0xFC, 0x63, 0x18, 0xC6, 0x31, 0x8C, 0x7E, 0xFC, 0x63, 0x18, 0xC6,
  0x31, 0x8C, 0x7E, 0xFC, 0x63, 0x18, 0xC6, 0x31, 0x8C, 0x7E, 0xFC, 0x63,
  0x18, 0xC6, 0x31, 0x8C, 0x7E, 0xFC, 0x63, 0x18, 0xC6, 0x31, 0x8C, 0x7E,
  0xFC, 0x63, 0x18, 0xC6, 0x31, 0x8C, 0x7E, 0xFC, 0x63, 0x18, 0xC6, 0x31,
  0x8C, 0x7E, 0xFC, 0x63, 0x18, 0xC6, 0x31, 0x8C, 0x7E, 0xFC, 0x63, 0x18,
  0xC6, 0x31, 0x8C, 0x7E, 0xFC, 0x63, 0x18, 0xC6, 0x31, 0x8C, 0x7E, 0xFC,
  0x63, 0x18, 0xC6, 0x31, 0x8C, 0x7E, 0xFC, 0x63, 0x18, 0xC6, 0x31, 0x8C,
  0x7E, 0xFC, 0x63, 0x18, 0xC6, 0x31, 0x8C, 0x7E, 0xFC, 0x63, 0x18, 0xC6,
  0x31, 0x8C, 0x7E, 0xFC, 0x63, 0x18, 0xC6, 0x31, 0x8C, 0x7E, 0xFC, 0x63,
  0x18, 0xC6, 0x31, 0x8C, 0x7E, 0xFC, 0x63, 0x18, 0xC6, 0x31, 0x8C, 0x7E,
  0xFC, 0x63, 0x18, 0xC6, 0x31, 0x8C, 0x7E, 0xFC, 0x63, 0x18, 0xC6, 0x31,
  0x8C, 0x7E, 0xFC, 0x63, 0x18, 0xC6, 0x31, 0x8C, 0x7E, 0xFC, 0x63, 0x18,
  0xC6, 0x31, 0x8C, 0x7E, 0xFC, 0x63, 0x18, 0xC6, 0x31, 0x8C, 0x7E, 0xFC,
  0x63, 0x18, 0xC6, 0x31, 0x8C, 0x7E, 0xFC, 0x63, 0x18, 0xC6, 0x31, 0x8C,
  0x7E, 0xFC, 0x63, 0x18, 0xC6, 0x31, 0x8C, 0x7E, 0xFC, 0x63, 0x18, 0xC6,
  0x31, 0x8C, 0x7E, 0xFC, 0x63, 0x18, 0xC6, 0x31, 0x8C, 0x7E, 0xFC, 0x63,
  0x18, 0xC6, 0x31, 0x8C, 0x7E, 0xFC, 0x63, 0x18, 0xC6, 0x31, 0x8C, 0x7E,
  0xFC, 0x63, 0x18, 0xC6, 0x31, 0x8C, 0x7E, 0xFC, 0x63, 0x18, 0xC6, 0x31,
  0x8C, 0x7E, 0xFC, 0x63, 0x18, 0xC6, 0x31, 0x8C, 0x7E, 0xFC, 0x63, 0x18,
  0xC6, 0x31, 0x8C, 0x7E, 0xFC, 0x63, 0x18, 0xC6, 0x31, 0x8C, 0x7E, 0xFC,
  0x63, 0x18, 0xC6, 0x31, 0x8C, 0x7E, 0xFC, 0x63, 0x18, 0xC6, 0x31, 0x8C,
  0x7E, 0xFC, 0x63, 0x18, 0xC6, 0x31, 0x8C, 0x7E, 0xFC, 0x63, 0x18, 0xC6,
  0x31, 0x8C, 0x7E, 0xFC, 0x63, 0x18, 0xC6, 0x31, 0x8C, 0x7E, 0xFC, 0x63,
  0x18, 0xC6, 0x31, 0x8C, 0x7E, 0xFC, 0x63, 0x18, 0xC6, 0x31, 0x8C, 0x7E,
  0xFC, 0x63, 0x18, 0xC6, 0x31, 0x8C, 0x7E, 0xFC, 0x63, 0x18, 0xC6, 0x31,
  0x8C, 0x7E, 0xFC, 0x63, 0x18, 0xC6, 0x31, 0x8C, 0x7E, 0xFC, 0x63, 0x18,
  0xC6, 0x31, 0x8C, 0x7E, 0xFC, 0x63, 0x18, 0xC6, 0x31, 0x8C, 0x7E, 0xFC,
  0x63, 0x18, 0xC6, 0x31, 0x8C, 0x7E, 0xFC, 0x63, 0x18, 0xC6, 0x31, 0x8C,
  0x7E, 0xFC, 0x63, 0x18, 0xC6, 0x31, 0x8C, 0x7E, 0xFC, 0x63, 0x18, 0xC6,
  0x31, 0x8C, 0x7E, 0xFC, 0x63, 0x18, 0xC6, 0x31, 0x8C, 0x7E, 0xFC, 0x63,
  0x18, 0xC6, 0x31, 0x8C, 0x7E, 0xFC, 0x63, 0x18, 0xC6, 0x31, 0x8C, 0x7E,
  0xFC, 0x63, 0x18, 0xC6, 0x31, 0x8C, 0x7E, 0xFC, 0x63, 0x18, 0xC6, 0x31,
  0x8C, 0x7E, 0xFC, 0x63, 0x18, 0xC6, 0x31, 0x8C, 0x7E, 0xFC, 0x63, 0x18,
  0xC6, 0x31, 0x8C, 0x7E, 0xFC, 0x63, 0x18, 0xC6, 0x31, 0x8C, 0x7E, 0xFC,
  0x63, 0x18, 0xC6, 0x31, 0x8C, 0x7E, 0xFC, 0x63, 0x18, 0xC6, 0x31, 0x8C,
  0x7E, 0xFC, 0x63, 0x18, 0xC6, 0x31, 0x8C, 0x7E, 0xFC, 0x63, 0x18, 0xC6,
  0x31, 0x8C, 0x7E, 0xFC, 0x63, 0x18, 0xC6, 0x31, 0x8C, 0x7E, 0xFC, 0x63,
  0x18, 0xC6, 0x31, 0x8C, 0x7E, 0xFC, 0x63, 0x18, 0xC6, 0x31, 0x8C, 0x7E,
  0xFC, 0x63, 0x18, 0xC6, 0x31, 0x8C, 0x7E, 0xFC, 0x63, 0x18, 0xC6, 0x31,
  0x8C, 0x7E, 0xFC, 0x63, 0x18, 0xC6, 0x31, 0x8C, 0x7E, 0xFC, 0x63, 0x18,
  0xC6, 0x31, 0x8C, 0x7E, 0xFC, 0x63, 0x18, 0xC6, 0x31, 0x8C, 0x7E, 0xFC,
  0x63, 0x18, 0xC6, 0x31, 0x8C, 0x7E, 0xFC, 0x63, 0x18, 0xC6, 0x31, 0x8C,
  0x7E, 0xFC, 0x63, 0x18, 0xC6, 0x31, 0x8C, 0x7E, 0xFC, 0x63, 0x18, 0xC6,
  0x31, 0x8C, 0x7E, 0xFC, 0x63, 0x18, 0xC6, 0x31, 0x8C, 0x7E, 0xFC, 0x63,
  0x18, 0xC6, 0x31, 0x8C, 0x7E, 0xFC, 0x63, 0x18, 0xC6, 0x31, 0x8C, 0x7E,
  0xFC, 0x63, 0x18, 0xC6, 0x31, 0x8C, 0x7E, 0xFC, 0x63, 0x18, 0xC6, 0x31,
  0x8C, 0x7E, 0xFC, 0x63, 0x18, 0xC6, 0x31, 0x8C, 0x7E, 0xFC, 0x63, 0x18,
  0xC6, 0x31, 0x8C, 0x7E, 0xFC, 0x63, 0x18, 0xC6, 0x31, 0x8C, 0x7E, 0xFC,
  0x63, 0x18, 0xC6, 0x31, 0x8C, 0x7E, 0xFC, 0x63, 0x18, 0xC6, 0x31, 0x8C,
  0x7E, 0xFC, 0x63, 0x18, 0xC6, 0x31, 0x8C, 0x7E, 0xFC, 0x63, 0x18, 0xC6,
  0x31, 0x8C, 0x7E, 0xFC, 0x63, 0x18, 0xC6, 0x31, 0x8C, 0x7E, 0xFC, 0x63,
  0x18, 0xC6, 0x31, 0x8C, 0x7E, 0xFC, 0x63, 0x18, 0xC6, 0x31, 0x8C, 0x7E,
  0xFC, 0x63, 0x18, 0xC6, 0x31, 0x8C, 0x7E, 0xFC, 0x63, 0x18, 0xC6, 0x31,
  0x8C, 0x7E, 0xFC, 0x63, 0x18, 0xC6, 0x31, 0x8C, 0x7E, 0xFC, 0x63, 0x18,
  0xC6, 0x31, 0x8C, 0x7E, 0xFC, 0x63, 0x18, 0xC6, 0x31, 0x8C, 0x7E, 0xFC,
  0x63, 0x18, 0xC6, 0x31, 0x8C, 0x7E, 0xFC, 0x63, 0x18, 0xC6, 0x31, 0x8C,
  0x7E, 0xFC, 0x63, 0x18, 0xC6, 0x31, 0x8C, 0x7E, 0xFC, 0x63, 0x18, 0xC6,
  0x31, 0x8C, 0x7E, 0xFC, 0x63, 0x18, 0xC6, 0x31, 0x8C, 0x7E, 0xFC, 0x63,
  0x18, 0xC6, 0x31, 0x8C, 0x7E, 0xFC, 0x63, 0x18, 0xC6, 0x31, 0x8C, 0x7E,
  0xFC, 0x63, 0x18, 0xC6, 0x31, 0x8C, 0x7E, 0xFC, 0x63, 0x18, 0xC6, 0x31,
  0x8C, 0x7E, 0xFC, 0x63, 0x18, 0xC6, 0x31, 0x8C, 0x7E, 0xFC, 0x63, 0x18,
  0xC6, 0x31, 0x8C, 0x7E, 0xFC, 0x63, 0x18, 0xC6, 0x31, 0x8C, 0x7E, 0xFC,
  0x63, 0x18, 0xC6, 0x31, 0x8C, 0x7E, 0xFC, 0x63, 0x18, 0xC6, 0x31, 0x8C,
  0x7E, 0xFC, 0x63, 0x18, 0xC6, 0x31, 0x8C, 0x7E, 0xFC, 0x63, 0x18, 0xC6,
  0x31, 0x8C, 0x7E, 0xFC, 0x63, 0x18, 0xC6, 0x31, 0x8C, 0x7E, 0xFC, 0x63,
  0x18, 0xC6, 0x31, 0x8C, 0x7E, 0xFC, 0x63, 0x18, 0xC6, 0x31, 0x8C, 0x7E,
  0xFC, 0x63, 0x18, 0xC6, 0x31, 0x8C, 0x7E, 0xFC, 0x63, 0x18, 0xC6, 0x31,
  0x8C, 0x7E, 0xFC, 0x63, 0x18, 0xC6, 0x31, 0x8C, 0x7E, 0xFC, 0x63, 0x18,
  0xC6, 0x31, 0x8C, 0x7E, 0xFC, 0x63, 0x18, 0xC6, 0x31, 0x8C, 0x7E, 0xFC,
  0x63, 0x18, 0xC6, 0x31, 0x8C, 0x7E, 0xFC, 0x63, 0x18, 0xC6, 0x31, 0x8C,
  0x7E, 0xFC, 0x63, 0x18, 0xC6, 0x31, 0x8C, 0x7E, 0xFC, 0x63, 0x18, 0xC6,
  0x31, 0x8C, 0x7E, 0xFC, 0x63, 0x18, 0xC6, 0x31, 0x8C, 0x7E, 0xFC, 0x63,
  0x18, 0xC6, 0x31, 0x8C, 0x7E, 0xFC, 0x63, 0x18, 0xC6, 0x31, 0x8C, 0x7E,
  0xFC, 0x63, 0x18, 0xC6, 0x31, 0x8C, 0x7E, 0xFC, 0x63, 0x18, 0xC6, 0x31,
  0x8C, 0x7E, 0xFC, 0x63, 0x18, 0xC6, 0x31, 0x8C, 0x7E, 0xFC, 0x63, 0x18,
  0xC6, 0x31, 0x8C, 0x7E, 0xFC, 0x63, 0x18, 0xC6, 0x31, 0x8C, 0x7E, 0xFC,
  0x63, 0x18, 0xC6, 0x31, 0x8C, 0x7E, 0xFC, 0x63, 0x18, 0xC6, 0x31, 0x8C,
  0x7E, 0xFC, 0x63, 0x18, 0xC6, 0x31, 0x8C, 0x7E, 0xFC, 0x63, 0x18, 0xC6,
  0x31, 0x8C, 0x7E, 0xFC, 0x63, 0x18, 0xC6, 0x31, 0x8C, 0x7E, 0xFC, 0x63,
  0x18, 0xC6, 0x31, 0x8C, 0x7E, 0xFC, 0x63, 0x18, 0xC6, 0x31, 0x8C, 0x7E,
  0xFC, 0x63, 0x18, 0xC6, 0x31, 0x8C, 0x7E, 0xFC, 0x63, 0x18, 0xC6, 0x31,
  0x8C, 0x7E, 0xFC, 0x63, 0x18, 0xC6, 0x31, 0x8C, 0x7E, 0xFC, 0x63, 0x18,
  0xC6, 0x31, 0x8C, 0x7E, 0xFC, 0x63, 0x18, 0xC6, 0x31, 0x8C, 0x7E, 0xFC,
  0x63, 0x18, 0xC6, 0x31, 0x8C, 0x7E, 0xFC, 0x63, 0x18, 0xC6, 0x31, 0x8C,
  0x7E, 0xFC, 0x63, 0x18, 0xC6, 0x31, 0x8C, 0x7E, 0xFC, 0x63, 0x18, 0xC6,
  0x31, 0x8C, 0x7E, 0xFC, 0x63, 0x18, 0xC6, 0x31, 0x8C, 0x7E, 0xFC, 0x63,
  0x18, 0xC6, 0x31, 0x8C, 0x7E, 0xFC, 0x63, 0x18, 0xC6, 0x31, 0x8C, 0x7E,
  0xFC, 0x63, 0x18, 0xC6, 0x31, 0x8C, 0x7E, 0xFC, 0x63, 0x18, 0xC6, 0x31,
  0x8C, 0x7E, 0xFC, 0x63, 0x18, 0xC6, 0x31, 0x8C, 0x7E, 0xFC, 0x63, 0x18,
  0xC6, 0x31, 0x8C, 0x7E, 0xFC, 0x63, 0x18, 0xC6, 0x31, 0x8C, 0x7E, 0xFC,
  0x63, 0x18, 0xC6, 0x31, 0x8C, 0x7E, 0xFC, 0x63, 0x18, 0xC6, 0x31, 0x8C,
  0x7E, 0xFC, 0x63, 0x18, 0xC6, 0x31, 0x8C, 0x7E, 0xFC, 0x63, 0x18, 0xC6,
  0x31, 0x8C, 0x7E, 0xFC, 0x63, 0x18, 0xC6, 0x31, 0x8C, 0x7E, 0xFC, 0x63,
  0x18, 0xC6, 0x31, 0x8C, 0x7E, 0xFC, 0x63, 0x18, 0xC6, 0x31, 0x8C, 0x7E,
  0xFC, 0x63, 0x18, 0xC6, 0x31, 0x8C, 0x7E, 0xFC, 0x63, 0x18, 0xC6, 0x31,
  0x8C, 0x7E, 0xFC, 0x63, 0x18, 0xC6, 0x31, 0x8C, 0x7E, 0xFC, 0x63, 0x18,
  0xC6, 0x31, 0x8C, 0x7E, 0xFC, 0x63, 0x18, 0xC6, 0x31, 0x8C, 0x7E, 0xFC,
  0x63, 0x18, 0xC6, 0x31, 0x8C, 0x7E, 0xFC, 0x63, 0x18, 0xC6, 0x31, 0x8C,
  0x7E, 0xFC, 0x63, 0x18, 0xC6, 0x31, 0x8C, 0x7E, 0xFC, 0x63, 0x18, 0xC6,
  0x31, 0x8C, 0x7E, 0xFC, 0x63, 0x18, 0xC6, 0x31, 0x8C, 0x7E, 0xFC, 0x63,
  0x18, 0xC6, 0x31, 0x8C, 0x7E, 0xFC, 0x63, 0x18, 0xC6, 0x31, 0x8C, 0x7E,
  0xFC, 0x63, 0x18, 0xC6, 0x31, 0x8C, 0x7E, 0xFC, 0x63, 0x18, 0xC6, 0x31,
  0x8C, 0x7E, 0xFC, 0x63, 0x18, 0xC6, 0x31, 0x8C, 0x7E, 0xFC, 0x63, 0x18,
  0xC6, 0x31, 0x8C, 0x7E, 0xFC, 0x63, 0x18, 0xC6, 0x31, 0x8C, 0x7E, 0xFC,
  0x63, 0x18, 0xC6, 0x31, 0x8C, 0x7E, 0xFC, 0x63, 0x18, 0xC6, 0x31, 0x8C,
  0x7E, 0xFC, 0x63, 0x18, 0xC6, 0x31, 0x8C, 0x7E, 0xFC, 0x63, 0x18, 0xC6,
  0x31, 0x8C, 0x7E, 0xFC, 0x63, 0x18, 0xC6, 0x31, 0x8C, 0x7E, 0xFC, 0x63,
  0x18, 0xC6, 0x31, 0x8C, 0x7E, 0xFC, 0x63, 0x18, 0xC6, 0x31, 0x8C, 0x7E,
  0xFC, 0x63, 0x18, 0xC6, 0x31, 0x8C, 0x7E, 0xFC, 0x63, 0x18, 0xC6, 0x31,
  0x8C, 0x7E, 0xFC, 0x63, 0x18, 0xC6, 0x31, 0x8C, 0x7E, 0xFC, 0x63, 0x18,
  0xC6, 0x31, 0x8C, 0x7E, 0xFC, 0x63, 0x18, 0xC6, 0x31, 0x8C, 0x7E, 0xFC,
  0x63, 0x18, 0xC6, 0x31, 0x8C, 0x7E, 0xFC, 0x63, 0x18, 0xC6, 0x31, 0x8C,
  0x7E, 0xFC, 0x63, 0x18, 0xC6, 0x31, 0x8C, 0x7E, 0xFC, 0x63, 0x18, 0xC6,
  0x31, 0x8C, 0x7E, 0xFC, 0x63, 0x18, 0xC6, 0x31, 0x8C, 0x7E, 0xFC, 0x63,
  0x18, 0xC6, 0x31, 0x8C, 0x7E, 0xFC, 0x63, 0x18, 0xC6, 0x31, 0x8C, 0x7E,
  0xFC, 0x63, 0x18, 0xC6, 0x31, 0x8C, 0x7E, 0xFC, 0x63, 0x18, 0xC6, 0x31,
  0x8C, 0x7E, 0xFC, 0x63, 0x18, 0xC6, 0x31, 0x8C, 0x7E, 0xFC, 0x63, 0x18,
  0xC6, 0x31, 0x8C, 0x7E, 0xFC, 0x63, 0x18, 0xC6, 0x31, 0x8C, 0x7E, 0xFC,
  0x63, 0x18, 0xC6, 0x31, 0x8C, 0x7E, 0xFC, 0x63, 0x18, 0xC6, 0x31, 0x8C,
  0x7E, 0xFC, 0x63, 0x18, 0xC6, 0x31, 0x8C, 0x7E, 0xFC, 0x63, 0x18, 0xC6,
  0x31, 0x8C, 0x7E, 0xFC, 0x63, 0x18, 0xC6, 0x31, 0x8C, 0x7E, 0xFC, 0x63,
  0x18, 0xC6, 0x31, 0x8C, 0x7E, 0xFC, 0x63, 0x18, 0xC6, 0x31, 0x8C, 0x7E,
  0xFC, 0x63, 0x18, 0xC6, 0x31, 0x8C, 0x7E, 0xFC, 0x63, 0x18, 0xC6, 0x31,
  0x8C, 0x7E, 0xFC, 0x63, 0x18, 0xC6, 0x31, 0x8C, 0x7E, 0xFC, 0x63, 0x18,
  0xC6, 0x31, 0x8C, 0x7E, 0xFC, 0x63, 0x18, 0xC6, 0x31, 0x8C, 0x7E, 0xFC,
  0x63, 0x18, 0xC6, 0x31, 0x8C, 0x7E, 0xFC, 0x63, 0x18, 0xC6, 0x31, 0x8C,
  0x7E, 0xFC, 0x63, 0x18, 0xC6, 0x31, 0x8C, 0x7E, 0xFC, 0x63, 0x18, 0xC6,
  0x31, 0x8C, 0x7E, 0xFC, 0x63, 0x18, 0xC6, 0x31, 0x8C, 0x7E, 0xFC, 0x63,
  0x18, 0xC6, 0x31, 0x8C, 0x7E, 0xFC, 0x63, 0x18, 0xC6, 0x31, 0x8C, 0x7E,
  0xFC, 0x63, 0x18, 0xC6, 0x31, 0x8C, 0x7E, 0xFC, 0x63, 0x18, 0xC6, 0x31,
  0x8C, 0x7E, 0xFC, 0x63, 0x18, 0xC6, 0x31, 0x8C, 0x7E, 0xFC, 0x63, 0x18,
  0xC6, 0x31, 0x8C, 0x7E, 0xFC, 0x63, 0x18, 0xC6, 0x31, 0x8C, 0x7E, 0xFC,
  0x63, 0x18, 0xC6, 0x31, 0x8C, 0x7E, 0xFC, 0x63, 0x18, 0xC6, 0x31, 0x8C,
  0x7E, 0xFC, 0x63, 0x18, 0xC6, 0x31, 0x8C, 0x7E, 0xFC, 0x63, 0x18, 0xC6,
  0x31, 0x8C, 0x7E, 0xFC, 0x63, 0x18, 0xC6, 0x31, 0x8C, 0x7E, 0xFC, 0x63,
  0x18, 0xC6, 0x31, 0x8C, 0x7E, 0xFC, 0x63, 0x18, 0xC6, 0x31, 0x8C, 0x7E,
  0xFC, 0x63, 0x18, 0xC6, 0x31, 0x8C, 0x7E, 0xFC, 0x63, 0x18, 0xC6, 0x31,
  0x8C, 0x7E, 0xFC, 0x63, 0x18, 0xC6, 0x31, 0x8C, 0x7E, 0xFC, 0x63, 0x18,
  0xC6, 0x31, 0x8C, 0x7E, 0xFC, 0x63, 0x18, 0xC6, 0x31, 0x8C, 0x7E, 0xFC,
  0x63, 0x18, 0xC6, 0x31, 0x8C, 0x7E, 0xFC, 0x63, 0x18, 0xC6, 0x31, 0x8C,
  0x7E, 0xFC, 0x63, 0x18, 0xC6, 0x31, 0x8C, 0x7E, 0xFC, 0x63, 0x18, 0xC6,
  0x31, 0x8C, 0x7E, 0xFC, 0x63, 0x18, 0xC6, 0x31, 0x8C, 0x7E, 0xFC, 0x63,
  0x18, 0xC6, 0x31, 0x8C, 0x7E, 0xFC, 0x63, 0x18, 0xC6, 0x31, 0x8C, 0x7E,
  0xFC, 0x63, 0x18, 0xC6, 0x31, 0x8C, 0x7E, 0xFC, 0x63, 0x18, 0xC6, 0x31,
  0x8C, 0x7E, 0xFC, 0x63, 0x18, 0xC6, 0x31, 0x8C, 0x7E, 0xFC, 0x63, 0x18,
  0xC6, 0x31, 0x8C, 0x7E, 0xFC, 0x63, 0x18, 0xC6, 0x31, 0x8C, 0x7E, 0xFC,
  0x63, 0x18, 0xC6, 0x31, 0x8C, 0x7E, 0xFC, 0x63, 0x18, 0xC6, 0x31, 0x8C,
  0x7E, 0xFC, 0x63, 0x18, 0xC6, 0x31, 0x8C, 0x7E, 0xFC, 0x63, 0x18, 0xC6,
  0x31, 0x8C, 0x7E, 0xFC, 0x63, 0x18, 0xC6, 0x31, 0x8C, 0x7E, 0xFC, 0x63,
  0x18, 0xC6, 0x31, 0x8C, 0x7E, 0xFC, 0x63, 0x18, 0xC6, 0x31, 0x8C, 0x7E,
  0xFC, 0x63, 0x18, 0xC6, 0x31, 0x8C, 0x7E, 0xFC, 0x63, 0x18, 0xC6, 0x31,
  0x8C, 0x7E, 0xFC, 0x63, 0x18, 0xC6, 0x31, 0x8C, 0x7E, 0xFC, 0x63, 0x18,
  0xC6, 0x31, 0x8C, 0x7E, 0xFC, 0x63, 0x18, 0xC6, 0x31, 0x8C, 0x7E, 0xFC,
  0x63, 0x18, 0xC6, 0x31, 0x8C, 0x7E, 0xFC, 0x63, 0x18, 0xC6, 0x31, 0x8C,
  0x7E, 0xFC, 0x63, 0x18, 0xC6, 0x31, 0x8C, 0x7E, 0xFC, 0x63, 0x18, 0xC6,
  0x31, 0x8C, 0x7E, 0xFC, 0x63, 0x18, 0xC6, 0x31, 0x8C, 0x7E, 0xFC, 0x63,
  0x18, 0xC6, 0x31, 0x8C, 0x7E, 0xFC, 0x63, 0x18, 0xC6, 0x31, 0x8C, 0x7E,
  0xFC, 0x63, 0x18, 0xC6, 0x31, 0x8C, 0x7E, 0xFC, 0x63, 0x18, 0xC6, 0x31,
  0x8C, 0x7E, 0xFC, 0x63, 0x18, 0xC6, 0x31, 0x8C, 0x7E, 0xFC, 0x63, 0x18,
  0xC6, 0x31, 0x8C, 0x7E, 0xFC, 0x63, 0x18, 0xC6, 0x31, 0x8C, 0x7E, 0xFC,
  0x63, 0x18, 0xC6, 0x31, 0x8C, 0x7E, 0xFC, 0x63, 0x18, 0xC6, 0x31, 0x8C,
  0x7E, 0xFC, 0x63, 0x18, 0xC6, 0x31, 0x8C, 0x7E, 0xFC, 0x63, 0x18, 0xC6,
  0x31, 0x8C, 0x7E, 0xFC, 0x63, 0x18, 0xC6, 0x31, 0x8C, 0x7E, 0xFC, 0x63,
  0x18, 0xC6, 0x31, 0x8C, 0x7E, 0xFC, 0x63, 0x18, 0xC6, 0x31, 0x8C, 0x7E,
  0xFC, 0x63, 0x18, 0xC6, 0x31, 0x8C, 0x7E, 0xFC, 0x63, 0x18, 0xC6, 0x31,
  0x8C, 0x7E, 0xFC, 0x63, 0x18, 0xC6, 0x31, 0x8C, 0x7E, 0xFC, 0x63, 0x18,
  0xC6, 0x31, 0x8C, 0x7E, 0xFC, 0x63, 0x18, 0xC6, 0x31, 0x8C, 0x7E, 0xFC,
  0x63, 0x18, 0xC6, 0x31, 0x8C, 0x7E, 0xFC, 0x63, 0x18, 0xC6, 0x31, 0x8C,
  0x7E, 0xFC, 0x63, 0x18, 0xC6, 0x31, 0x8C, 0x7E, 0xFC, 0x63, 0x18, 0xC6,
  0x31, 0x8C, 0x7E, 0xFC, 0x63, 0x18, 0xC6, 0x31, 0x8C, 0x7E, 0xFC, 0x63,
  0x18, 0xC6, 0x31, 0x8C, 0x7E, 0xFC, 0x63, 0x18, 0xC6, 0x31, 0x8C, 0x7E,
  0xFC, 0x63, 0x18, 0xC6, 0x31, 0x8C, 0x7E, 0xFC, 0x63, 0x18, 0xC6, 0x31,
  0x8C, 0x7E, 0xFC, 0x63, 0x18, 0xC6, 0x31, 0x8C, 0x7E, 0xFC, 0x63, 0x18,
  0xC6, 0x31, 0x8C, 0x7E, 0xFC, 0x63, 0x18, 0xC6, 0x31, 0x8C, 0x7E, 0xFC,
  0x63, 0x18, 0xC6, 0x31, 0x8C, 0x7E, 0xFC, 0x63, 0x18, 0xC6, 0x31, 0x8C,
  0x7E, 0xFC, 0x63, 0x18, 0xC6, 0x31, 0x8C, 0x7E, 0xFC, 0x63, 0x18, 0xC6,
  0x31, 0x8C, 0x7E, 0xFC, 0x63, 0x18, 0xC6, 0x31, 0x8C, 0x7E, 0xFC, 0x63,
  0x18, 0xC6, 0x31, 0x8C, 0x7E, 0xFC, 0x63, 0x18, 0xC6, 0x31, 0x8C, 0x7E,
  0xFC, 0x63, 0x18, 0xC6, 0x31, 0x8C, 0x7E, 0xFC, 0x63, 0x18, 0xC6, 0x31,
  0x8C, 0x7E, 0xFC, 0x63, 0x18, 0xC6, 0x31, 0x8C, 0x7E, 0xFC, 0x63, 0x18,
  0xC6, 0x31, 0x8C, 0x7E, 0xFC, 0x63, 0x18, 0xC6, 0x31, 0x8C, 0x7E, 0xFC,
  0x63, 0x18, 0xC6, 0x31, 0x8C, 0x7E, 0xFC, 0x63, 0x18, 0xC6, 0x31, 0x8C,
  0x7E, 0xFC, 0x63, 0x18, 0xC6, 0x31, 0x8C, 0x7E, 0xFC, 0x63, 0x18, 0xC6,
  0x31, 0x8C, 0x7E, 0xFC, 0x63, 0x18, 0xC6, 0x31, 0x8C, 0x7E, 0xFC, 0x63,
  0x18, 0xC6, 0x31, 0x8C, 0x7E, 0xFC, 0x63, 0x18, 0xC6, 0x31, 0x8C, 0x7E,
  0xFC, 0x63, 0x18, 0xC6, 0x31, 0x8C, 0x7E, 0xFC, 0x63, 0x18, 0xC6, 0x31,
  0x8C, 0x7E, 0xFC, 0x63, 0x18, 0xC6, 0x31, 0x8C, 0x7E, 0xFC, 0x63, 0x18,
  0xC6, 0x31, 0x8C, 0x7E, 0xFC, 0x63, 0x18, 0xC6, 0x31, 0x8C, 0x7E, 0xFC,
  0x63, 0x18, 0xC6, 0x31, 0x8C, 0x7E, 0xFC, 0x63, 0x18, 0xC6, 0x31, 0x8C,
  0x7E, 0xFC, 0x63, 0x18, 0xC6, 0x31, 0x8C, 0x7E, 0xFC, 0x63, 0x18, 0xC6,
  0x31, 0x8C, 0x7E, 0xFC, 0x63, 0x18, 0xC6, 0x31, 0x8C, 0x7E, 0xFC, 0x63,
  0x18, 0xC6, 0x31, 0x8C, 0x7E, 0xFC, 0x63, 0x18, 0xC6, 0x31, 0x8C, 0x7E,
  0xFC, 0x63, 0x18, 0xC6, 0x31, 0x8C, 0x7E, 0xFC, 0x63, 0x18, 0xC6, 0x31,
  0x8C, 0x7E, 0xFC, 0x63, 0x18, 0xC6, 0x31, 0x8C, 0x7E, 0xFC, 0x63, 0x18,
  0xC6, 0x31, 0x8C, 0x7E, 0xFC, 0x63, 0x18, 0xC6, 0x31, 0x8C, 0x7E, 0xFC,
  0x63, 0x18, 0xC6, 0x31, 0x8C, 0x7E, 0xFC, 0x63, 0x18, 0xC6, 0x31, 0x8C,
  0x7E, 0xFC, 0x63, 0x18, 0xC6, 0x31, 0x8C, 0x7E, 0xFC, 0x63, 0x18, 0xC6,
  0x31, 0x8C, 0x7E, 0xFC, 0x63, 0x18, 0xC6, 0x31, 0x8C, 0x7E, 0xFC, 0x63,
  0x18, 0xC6, 0x31, 0x8C, 0x7E, 0xFC, 0x63, 0x18, 0xC6, 0x31, 0x8C, 0x7E,
  0xFC, 0x63, 0x18, 0xC6, 0x31, 0x8C, 0x7E, 0xFC, 0x63, 0x18, 0xC6, 0x31,
  0x8C, 0x7E, 0xFC, 0x63, 0x18, 0xC6, 0x31, 0x8C, 0x7E, 0xFC, 0x63, 0x18,
  0xC6, 0x31, 0x8C, 0x7E, 0xFC, 0x63, 0x18, 0xC6, 0x31, 0x8C, 0x7E, 0xFC,
  0x63, 0x18, 0xC6, 0x31, 0x8C, 0x7E, 0xFC, 0x63, 0x18, 0xC6, 0x31, 0x8C,
  0x7E, 0xFC, 0x63, 0x18, 0xC6, 0x31, 0x8C, 0x7E, 0xFC, 0x63, 0x18, 0xC6,
  0x31, 0x8C, 0x7E, 0xFC, 0x63, 0x18, 0xC6, 0x31, 0x8C, 0x7E, 0xFC, 0x63,
  0x18, 0xC6, 0x31, 0x8C, 0x7E, 0xFC, 0x63, 0x18, 0xC6, 0x31, 0x8C, 0x7E,
  0xFC, 0x63, 0x18, 0xC6, 0x31, 0x8C, 0x7E, 0xFC, 0x63, 0x18, 0xC6, 0x31,
  0x8C, 0x7E, 0xFC, 0x63, 0x18, 0xC6, 0x31, 0x8C, 0x7E, 0xFC, 0x63, 0x18,
  0xC6, 0x31, 0x8C, 0x7E, 0xFC, 0x63, 0x18, 0xC6, 0x31, 0x8C, 0x7E, 0xFC,
  0x63, 0x18, 0xC6, 0x31, 0x8C, 0x7E, 0xFC, 0x63, 0x18, 0xC6, 0x31, 0x8C,
  0x7E, 0xFC, 0x63, 0x18, 0xC6, 0x31, 0x8C, 0x7E, 0xFC, 0x63, 0x18, 0xC6,
  0x31, 0x8C, 0x7E, 0xFC, 0x63, 0x18, 0xC6, 0x31, 0x8C, 0x7E, 0xFC, 0x63,
  0x18, 0xC6, 0x31, 0x8C, 0x7E, 0xFC, 0x63, 0x18, 0xC6, 0x31, 0x8C, 0x7E,
  0xFC, 0x63, 0x18, 0xC6, 0x31, 0x8C, 0x7E, 0xFC, 0x63, 0x18, 0xC6, 0x31,
  0x8C, 0x7E, 0xFC, 0x63, 0x18, 0xC6, 0x31, 0x8C, 0x7E, 0xFC, 0x63, 0x18,
  0xC6, 0x31, 0x8C, 0x7E, 0xFC, 0x63, 0x18, 0xC6, 0x31, 0x8C, 0x7E, 0xFC,
  0x63, 0x18, 0xC6, 0x31, 0x8C, 0x7E, 0xFC, 0x63, 0x18, 0xC6, 0x31, 0x8C,
  0x7E, 0xFC, 0x63, 0x18, 0xC6, 0x31, 0x8C, 0x7E, 0xFC, 0x63, 0x18, 0xC6,
  0x31, 0x8C, 0x7E, 0xFC, 0x63, 0x18, 0xC6, 0x31, 0x8C, 0x7E, 0xFC, 0x63,
  0x18, 0xC6, 0x31, 0x8C, 0x7E, 0xFC, 0x63, 0x18, 0xC6, 0x31, 0x8C, 0x7E,
  0xFC, 0x63, 0x18, 0xC6, 0x31, 0x8C, 0x7E, 0xFC, 0x63, 0x18, 0xC6, 0x31,
  0x8C, 0x7E, 0xFC, 0x63, 0x18, 0xC6, 0x31, 0x8C, 0x7E, 0xFC, 0x63, 0x18,
  0xC6, 0x31, 0x8C, 0x7E, 0xFC, 0x63, 0x18, 0xC6, 0x31, 0x8C, 0x7E, 0xFC,
  0x63, 0x18, 0xC6, 0x31, 0x8C, 0x7E, 0xFC, 0x63, 0x18, 0xC6, 0x31, 0x8C,
  0x7E, 0xFC, 0x63, 0x18, 0xC6, 0x31, 0x8C, 0x7E, 0xFC, 0x63, 0x18, 0xC6,
  0x31, 0x8C, 0x7E, 0xFC, 0x63, 0x18, 0xC6, 0x31, 0x8C, 0x7E, 0xFC, 0x63,
  0x18, 0xC6, 0x31, 0x8C, 0x7E, 0xFC, 0x63, 0x18, 0xC6, 0x31, 0x8C, 0x7E,
  0xFC, 0x63, 0x18, 0xC6, 0x31, 0x8C, 0x7E, 0xFC, 0x63, 0x18, 0xC6, 0x31,
  0x8C, 0x7E, 0xFC, 0x63, 0x18, 0xC6, 0x31, 0x8C, 0x7E, 0xFC, 0x63, 0x18,
  0xC6, 0x31, 0x8C, 0x7E, 0x22, 0xA2, 0xFC, 0x63, 0x18, 0xC6, 0x31, 0x8C,
  0x7E, 0xFC, 0x63, 0x18, 0xC6, 0x31, 0x8C, 0x7E, 0xFC, 0x63, 0x18, 0xC6,
  0x31, 0x8C, 0x7E, 0xFC, 0x63, 0x18, 0xC6, 0x31, 0x8C, 0x7E, 0xFC, 0x63,
  0x18, 0xC6, 0x31, 0x8C, 0x7E, 0xFC, 0x63, 0x18, 0xC6, 0x31, 0x8C, 0x7E,
  0xFC, 0x63, 0x18, 0xC6, 0x31, 0x8C, 0x7E, 0xFC, 0x63, 0x18, 0xC6, 0x31,
  0x8C, 0x7E, 0xFC, 0x63, 0x18, 0xC6, 0x31, 0x8C, 0x7E, 0xFC, 0x63, 0x18,
  0xC6, 0x31, 0x8C, 0x7E, 0xFC, 0x63, 0x18, 0xC6, 0x31, 0x8C, 0x7E, 0xFC,
  0x63, 0x18, 0xC6, 0x31, 0x8C, 0x7E, 0xFC, 0x63, 0x18, 0xC6, 0x31, 0x8C,
  0x7E, 0xFC, 0x63, 0x18, 0xC6, 0x31, 0x8C, 0x7E, 0xFC, 0x63, 0x18, 0xC6,
  0x31, 0x8C, 0x7E, 0xFC, 0x63, 0x18, 0xC6, 0x31, 0x8C, 0x7E, 0xFC, 0x63,
  0x18, 0xC6, 0x31, 0x8C, 0x7E, 0xFC, 0x63, 0x18, 0xC6, 0x31, 0x8C, 0x7E,
  0xFC, 0x63, 0x18, 0xC6, 0x31, 0x8C, 0x7E, 0x69, 0x60, 0xFC, 0x63, 0x18,
  0xC6, 0x31, 0x8C, 0x7E, 0x66, 0x60, 0xFC, 0x63, 0x18, 0xC6, 0x31, 0x8C,
  0x7E, 0xFC, 0x63, 0x18, 0xC6, 0x31, 0x8C, 0x7E, 0xFC, 0x63, 0x18, 0xC6,
  0x31, 0x8C, 0x7E, 0xFC, 0x63, 0x18, 0xC6, 0x31, 0x8C, 0x7E, 0xFC, 0x63,
  0x18, 0xC6, 0x31, 0x8C, 0x7E, 0xFC, 0x63, 0x18, 0xC6, 0x31, 0x8C, 0x7E,
  0xFC, 0x63, 0x18, 0xC6, 0x31, 0x8C, 0x7E, 0xFC, 0x63, 0x18, 0xC6, 0x31,
  0x8C, 0x7E, 0xFC, 0x63, 0x18, 0xC6, 0x31, 0x8C, 0x7E, 0xFC, 0x63, 0x18,
  0xC6, 0x31, 0x8C, 0x7E, 0xFC, 0x63, 0x18, 0xC6, 0x31, 0x8C, 0x7E, 0xFC,
  0x63, 0x18, 0xC6, 0x31, 0x8C, 0x7E, 0xFC, 0x63, 0x18, 0xC6, 0x31, 0x8C,
  0x7E, 0xFC, 0x63, 0x18, 0xC6, 0x31, 0x8C, 0x7E, 0xFC, 0x63, 0x18, 0xC6,
  0x31, 0x8C, 0x7E, 0xFC, 0x63, 0x18, 0xC6, 0x31, 0x8C, 0x7E, 0xFC, 0x63,
  0x18, 0xC6, 0x31, 0x8C, 0x7E, 0xFC, 0x63, 0x18, 0xC6, 0x31, 0x8C, 0x7E,
  0xFC, 0x63, 0x18, 0xC6, 0x31, 0x8C, 0x7E, 0xFC, 0x63, 0x18, 0xC6, 0x31,
  0x8C, 0x7E, 0xFC, 0x63, 0x18, 0xC6, 0x31, 0x8C, 0x7E, 0xFC, 0x63, 0x18,
  0xC6, 0x31, 0x8C, 0x7E, 0xFC, 0x63, 0x18, 0xC6, 0x31, 0x8C, 0x7E, 0xFC,
  0x63, 0x18, 0xC6, 0x31, 0x8C, 0x7E, 0xFC, 0x63, 0x18, 0xC6, 0x31, 0x8C,
  0x7E, 0xFC, 0x63, 0x18, 0xC6, 0x31, 0x8C, 0x7E, 0xFC, 0x63, 0x18, 0xC6,
  0x31, 0x8C, 0x7E, 0xFC, 0x63, 0x18, 0xC6, 0x31, 0x8C, 0x7E, 0xFC, 0x63,
  0x18, 0xC6, 0x31, 0x8C, 0x7E, 0xFC, 0x63, 0x18, 0xC6, 0x31, 0x8C, 0x7E,
  0xFC, 0x63, 0x18, 0xC6, 0x31, 0x8C, 0x7E, 0xFC, 0x63, 0x18, 0xC6, 0x31,
  0x8C, 0x7E, 0xFC, 0x63, 0x18, 0xC6, 0x31, 0x8C, 0x7E, 0xFC, 0x63, 0x18,
  0xC6, 0x31, 0x8C, 0x7E, 0xFC, 0x63, 0x18, 0xC6, 0x31, 0x8C, 0x7E, 0xFC,
  0x63, 0x18, 0xC6, 0x31, 0x8C, 0x7E, 0xFC, 0x63, 0x18, 0xC6, 0x31, 0x8C,
  0x7E, 0xFC, 0x63, 0x18, 0xC6, 0x31, 0x8C, 0x7E, 0xFC, 0x63, 0x18, 0xC6,
  0x31, 0x8C, 0x7E, 0xFC, 0x63, 0x18, 0xC6, 0x31, 0x8C, 0x7E, 0xFC, 0x63,
  0x18, 0xC6, 0x31, 0x8C, 0x7E, 0xFC, 0x63, 0x18, 0xC6, 0x31, 0x8C, 0x7E,
  0xFC, 0x63, 0x18, 0xC6, 0x31, 0x8C, 0x7E, 0xFC, 0x63, 0x18, 0xC6, 0x31,
  0x8C, 0x7E, 0xFC, 0x63, 0x18, 0xC6, 0x31, 0x8C, 0x7E, 0xFC, 0x63, 0x18,
  0xC6, 0x31, 0x8C, 0x7E, 0xFC, 0x63, 0x18, 0xC6, 0x31, 0x8C, 0x7E, 0xFC,
  0x63, 0x18, 0xC6, 0x31, 0x8C, 0x7E, 0xFC, 0x63, 0x18, 0xC6, 0x31, 0x8C,
  0x7E, 0xFC, 0x63, 0x18, 0xC6, 0x31, 0x8C, 0x7E, 0xFC, 0x63, 0x18, 0xC6,
  0x31, 0x8C, 0x7E, 0xFC, 0x63, 0x18, 0xC6, 0x31, 0x8C, 0x7E, 0xFC, 0x63,
  0x18, 0xC6, 0x31, 0x8C, 0x7E, 0xFC, 0x63, 0x18, 0xC6, 0x31, 0x8C, 0x7E,
  0xFC, 0x63, 0x18, 0xC6, 0x31, 0x8C, 0x7E, 0xFC, 0x63, 0x18, 0xC6, 0x31,
  0x8C, 0x7E, 0xFC, 0x63, 0x18, 0xC6, 0x31, 0x8C, 0x7E, 0xFC, 0x63, 0x18,
  0xC6, 0x31, 0x8C, 0x7E, 0xFC, 0x63, 0x18, 0xC6, 0x31, 0x8C, 0x7E, 0xFC,
  0x63, 0x18, 0xC6, 0x31, 0x8C, 0x7E, 0xFC, 0x63, 0x18, 0xC6, 0x31, 0x8C,
  0x7E, 0xFC, 0x63, 0x18, 0xC6, 0x31, 0x8C, 0x7E, 0xFC, 0x63, 0x18, 0xC6,
  0x31, 0x8C, 0x7E, 0xFC, 0x63, 0x18, 0xC6, 0x31, 0x8C, 0x7E, 0xFC, 0x63,
  0x18, 0xC6, 0x31, 0x8C, 0x7E, 0xFC, 0x63, 0x18, 0xC6, 0x31, 0x8C, 0x7E,
  0xFC, 0x63, 0x18, 0xC6, 0x31, 0x8C, 0x7E, 0xFC, 0x63, 0x18, 0xC6, 0x31,
  0x8C, 0x7E, 0xFC, 0x63, 0x18, 0xC6, 0x31, 0x8C, 0x7E, 0xFC, 0x63, 0x18,
  0xC6, 0x31, 0x8C, 0x7E, 0xFC, 0x63, 0x18, 0xC6, 0x31, 0x8C, 0x7E, 0xFC,
  0x63, 0x18, 0xC6, 0x31, 0x8C, 0x7E, 0xFC, 0x63, 0x18, 0xC6, 0x31, 0x8C,
  0x7E, 0xFC, 0x63, 0x18, 0xC6, 0x31, 0x8C, 0x7E, 0xFC, 0x63, 0x18, 0xC6,
  0x31, 0x8C, 0x7E, 0xFC, 0x63, 0x18, 0xC6, 0x31, 0x8C, 0x7E, 0xFC, 0x63,
  0x18, 0xC6, 0x31, 0x8C, 0x7E, 0xFC, 0x63, 0x18, 0xC6, 0x31, 0x8C, 0x7E,
  0xFC, 0x63, 0x18, 0xC6, 0x31, 0x8C, 0x7E, 0xFC, 0x63, 0x18, 0xC6, 0x31,
  0x8C, 0x7E, 0xFC, 0x63, 0x18, 0xC6, 0x31, 0x8C, 0x7E, 0xFC, 0x63, 0x18,
  0xC6, 0x31, 0x8C, 0x7E, 0xFC, 0x63, 0x18, 0xC6, 0x31, 0x8C, 0x7E, 0xFC,
  0x63, 0x18, 0xC6, 0x31, 0x8C, 0x7E, 0xFC, 0x63, 0x18, 0xC6, 0x31, 0x8C,
  0x7E, 0xFC, 0x63, 0x18, 0xC6, 0x31, 0x8C, 0x7E, 0xFC, 0x63, 0x18, 0xC6,
  0x31, 0x8C, 0x7E, 0xFC, 0x63, 0x18, 0xC6, 0x31, 0x8C, 0x7E, 0xFC, 0x63,
  0x18, 0xC6, 0x31, 0x8C, 0x7E, 0xFC, 0x63, 0x18, 0xC6, 0x31, 0x8C, 0x7E,
  0xFC, 0x63, 0x18, 0xC6, 0x31, 0x8C, 0x7E, 0xFC, 0x63, 0x18, 0xC6, 0x31,
  0x8C, 0x7E, 0xFC, 0x63, 0x18, 0xC6, 0x31, 0x8C, 0x7E, 0xFC, 0x63, 0x18,
  0xC6, 0x31, 0x8C, 0x7E, 0xFC, 0x63, 0x18, 0xC6, 0x31, 0x8C, 0x7E, 0xFC,
  0x63, 0x18, 0xC6, 0x31, 0x8C, 0x7E, 0xFC, 0x63, 0x18, 0xC6, 0x31, 0x8C,
  0x7E, 0xFC, 0x63, 0x18, 0xC6, 0x31, 0x8C, 0x7E, 0xFC, 0x63, 0x18, 0xC6,
  0x31, 0x8C, 0x7E, 0xFC, 0x63, 0x18, 0xC6, 0x31, 0x8C, 0x7E, 0xFC, 0x63,
  0x18, 0xC6, 0x31, 0x8C, 0x7E, 0xFC, 0x63, 0x18, 0xC6, 0x31, 0x8C, 0x7E,
  0xFC, 0x63, 0x18, 0xC6, 0x31, 0x8C, 0x7E, 0xFC, 0x63, 0x18, 0xC6, 0x31,
  0x8C, 0x7E, 0xFC, 0x63, 0x18, 0xC6, 0x31, 0x8C, 0x7E, 0xFC, 0x63, 0x18,
  0xC6, 0x31, 0x8C, 0x7E, 0xFC, 0x63, 0x18, 0xC6, 0x31, 0x8C, 0x7E, 0xFC,
  0x63, 0x18, 0xC6, 0x31, 0x8C, 0x7E, 0xFC, 0x63, 0x18, 0xC6, 0x31, 0x8C,
  0x7E, 0xFC, 0x63, 0x18, 0xC6, 0x31, 0x8C, 0x7E, 0xFC, 0x63, 0x18, 0xC6,
  0x31, 0x8C, 0x7E, 0xFC, 0x63, 0x18, 0xC6, 0x31, 0x8C, 0x7E, 0xFC, 0x63,
  0x18, 0xC6, 0x31, 0x8C, 0x7E, 0xFC, 0x63, 0x18, 0xC6, 0x31, 0x8C, 0x7E,
  0xFC, 0x63, 0x18, 0xC6, 0x31, 0x8C, 0x7E, 0xFC, 0x63, 0x18, 0xC6, 0x31,
  0x8C, 0x7E, 0xFC, 0x63, 0x18, 0xC6, 0x31, 0x8C, 0x7E, 0xFC, 0x63, 0x18,
  0xC6, 0x31, 0x8C, 0x7E, 0xFC, 0x63, 0x18, 0xC6, 0x31, 0x8C, 0x7E, 0xFC,
  0x63, 0x18, 0xC6, 0x31, 0x8C, 0x7E, 0xFC, 0x63, 0x18, 0xC6, 0x31, 0x8C,
  0x7E, 0xFC, 0x63, 0x18, 0xC6, 0x31, 0x8C, 0x7E, 0xFC, 0x63, 0x18, 0xC6,
  0x31, 0x8C, 0x7E, 0xFC, 0x63, 0x18, 0xC6, 0x31, 0x8C, 0x7E, 0xFC, 0x63,
  0x18, 0xC6, 0x31, 0x8C, 0x7E, 0xFC, 0x63, 0x18, 0xC6, 0x31, 0x8C, 0x7E,
  0xFC, 0x63, 0x18, 0xC6, 0x31, 0x8C, 0x7E, 0xFC, 0x63, 0x18, 0xC6, 0x31,
  0x8C, 0x7E, 0xFC, 0x63, 0x18, 0xC6, 0x31, 0x8C, 0x7E, 0xFC, 0x63, 0x18,
  0xC6, 0x31, 0x8C, 0x7E, 0xFC, 0x63, 0x18, 0xC6, 0x31, 0x8C, 0x7E, 0xFC,
  0x63, 0x18, 0xC6, 0x31, 0x8C, 0x7E, 0xFC, 0x63, 0x18, 0xC6, 0x31, 0x8C,
  0x7E, 0xFC, 0x63, 0x18, 0xC6, 0x31, 0x8C, 0x7E, 0xFC, 0x63, 0x18, 0xC6,
  0x31, 0x8C, 0x7E, 0xFC, 0x63, 0x18, 0xC6, 0x31, 0x8C, 0x7E, 0xFC, 0x63,
  0x18, 0xC6, 0x31, 0x8C, 0x7E, 0xFC, 0x63, 0x18, 0xC6, 0x31, 0x8C, 0x7E,
  0xFC, 0x63, 0x18, 0xC6, 0x31, 0x8C, 0x7E, 0xFC, 0x63, 0x18, 0xC6, 0x31,
  0x8C, 0x7E, 0xFC, 0x63, 0x18, 0xC6, 0x31, 0x8C, 0x7E, 0xFC, 0x63, 0x18,
  0xC6, 0x31, 0x8C, 0x7E, 0xFC, 0x63, 0x18, 0xC6, 0x31, 0x8C, 0x7E, 0xFC,
  0x63, 0x18, 0xC6, 0x31, 0x8C, 0x7E, 0xFC, 0x63, 0x18, 0xC6, 0x31, 0x8C,
  0x7E, 0xFC, 0x63, 0x18, 0xC6, 0x31, 0x8C, 0x7E, 0xFC, 0x63, 0x18, 0xC6,
  0x31, 0x8C, 0x7E, 0xFC, 0x63, 0x18, 0xC6, 0x31, 0x8C, 0x7E, 0xFC, 0x63,
  0x18, 0xC6, 0x31, 0x8C, 0x7E, 0xFC, 0x63, 0x18, 0xC6, 0x31, 0x8C, 0x7E,
  0xFC, 0x63, 0x18, 0xC6, 0x31, 0x8C, 0x7E, 0xFC, 0x63, 0x18, 0xC6, 0x31,
  0x8C, 0x7E, 0xFC, 0x63, 0x18, 0xC6, 0x31, 0x8C, 0x7E, 0xFC, 0x63, 0x18,
  0xC6, 0x31, 0x8C, 0x7E, 0xFC, 0x63, 0x18, 0xC6, 0x31, 0x8C, 0x7E, 0xFC,
  0x63, 0x18, 0xC6, 0x31, 0x8C, 0x7E, 0xFC, 0x63, 0x18, 0xC6, 0x31, 0x8C,
  0x7E, 0xFC, 0x63, 0x18, 0xC6, 0x31, 0x8C, 0x7E, 0xFC, 0x63, 0x18, 0xC6,
  0x31, 0x8C, 0x7E, 0xFC, 0x63, 0x18, 0xC6, 0x31, 0x8C, 0x7E, 0xFC, 0x63,
  0x18, 0xC6, 0x31, 0x8C, 0x7E, 0xFC, 0x63, 0x18, 0xC6, 0x31, 0x8C, 0x7E,
  0xFC, 0x63, 0x18, 0xC6, 0x31, 0x8C, 0x7E, 0xFC, 0x63, 0x18, 0xC6, 0x31,
  0x8C, 0x7E, 0xFC, 0x63, 0x18, 0xC6, 0x31, 0x8C, 0x7E, 0xFC, 0x63, 0x18,
  0xC6, 0x31, 0x8C, 0x7E, 0xFC, 0x63, 0x18, 0xC6, 0x31, 0x8C, 0x7E, 0xFC,
  0x63, 0x18, 0xC6, 0x31, 0x8C, 0x7E, 0xFC, 0x63, 0x18, 0xC6, 0x31, 0x8C,
  0x7E, 0xFC, 0x63, 0x18, 0xC6, 0x31, 0x8C, 0x7E, 0xFC, 0x63, 0x18, 0xC6,
  0x31, 0x8C, 0x7E, 0xFC, 0x63, 0x18, 0xC6, 0x31, 0x8C, 0x7E, 0xFC, 0x63,
  0x18, 0xC6, 0x31, 0x8C, 0x7E, 0xFC, 0x63, 0x18, 0xC6, 0x31, 0x8C, 0x7E,
  0xFC, 0x63, 0x18, 0xC6, 0x31, 0x8C, 0x7E, 0xFC, 0x63, 0x18, 0xC6, 0x31,
  0x8C, 0x7E, 0xFC, 0x63, 0x18, 0xC6, 0x31, 0x8C, 0x7E, 0xFC, 0x63, 0x18,
  0xC6, 0x31, 0x8C, 0x7E, 0xFC, 0x63, 0x18, 0xC6, 0x31, 0x8C, 0x7E, 0xFC,
  0x63, 0x18, 0xC6, 0x31, 0x8C, 0x7E, 0xFC, 0x63, 0x18, 0xC6, 0x31, 0x8C,
  0x7E, 0xFC, 0x63, 0x18, 0xC6, 0x31, 0x8C, 0x7E, 0xFC, 0x63, 0x18, 0xC6,
  0x31, 0x8C, 0x7E, 0xFC, 0x63, 0x18, 0xC6, 0x31, 0x8C, 0x7E, 0xFC, 0x63,
  0x18, 0xC6, 0x31, 0x8C, 0x7E, 0xFC, 0x63, 0x18, 0xC6, 0x31, 0x8C, 0x7E,
  0xFC, 0x63, 0x18, 0xC6, 0x31, 0x8C, 0x7E, 0xFC, 0x63, 0x18, 0xC6, 0x31,
  0x8C, 0x7E, 0xFC, 0x63, 0x18, 0xC6, 0x31, 0x8C, 0x7E, 0xFC, 0x63, 0x18,
  0xC6, 0x31, 0x8C, 0x7E, 0xFC, 0x63, 0x18, 0xC6, 0x31, 0x8C, 0x7E, 0xFC,
  0x63, 0x18, 0xC6, 0x31, 0x8C, 0x7E, 0xFC, 0x63, 0x18, 0xC6, 0x31, 0x8C,
  0x7E, 0xFC, 0x63, 0x18, 0xC6, 0x31, 0x8C, 0x7E, 0xFC, 0x63, 0x18, 0xC6,
  0x31, 0x8C, 0x7E, 0xFC, 0x63, 0x18, 0xC6, 0x31, 0x8C, 0x7E, 0xFC, 0x63,
  0x18, 0xC6, 0x31, 0x8C, 0x7E, 0xFC, 0x63, 0x18, 0xC6, 0x31, 0x8C, 0x7E,
  0xFC, 0x63, 0x18, 0xC6, 0x31, 0x8C, 0x7E, 0xFC, 0x63, 0x18, 0xC6, 0x31,
  0x8C, 0x7E, 0xFC, 0x63, 0x18, 0xC6, 0x31, 0x8C, 0x7E, 0xFC, 0x63, 0x18,
  0xC6, 0x31, 0x8C, 0x7E, 0xFC, 0x63, 0x18, 0xC6, 0x31, 0x8C, 0x7E, 0xFC,
  0x63, 0x18, 0xC6, 0x31, 0x8C, 0x7E, 0xFC, 0x63, 0x18, 0xC6, 0x31, 0x8C,
  0x7E, 0xFC, 0x63, 0x18, 0xC6, 0x31, 0x8C, 0x7E, 0xFC, 0x63, 0x18, 0xC6,
  0x31, 0x8C, 0x7E, 0xFC, 0x63, 0x18, 0xC6, 0x31, 0x8C, 0x7E, 0xFC, 0x63,
  0x18, 0xC6, 0x31, 0x8C, 0x7E, 0xFC, 0x63, 0x18, 0xC6, 0x31, 0x8C, 0x7E,
  0xFC, 0x63, 0x18, 0xC6, 0x31, 0x8C, 0x7E, 0xFC, 0x63, 0x18, 0xC6, 0x31,
  0x8C, 0x7E, 0xFC, 0x63, 0x18, 0xC6, 0x31, 0x8C, 0x7E, 0xFC, 0x63, 0x18,
  0xC6, 0x31, 0x8C, 0x7E, 0xFC, 0x63, 0x18, 0xC6, 0x31, 0x8C, 0x7E, 0xFC,
  0x63, 0x18, 0xC6, 0x31, 0x8C, 0x7E, 0xFC, 0x63, 0x18, 0xC6, 0x31, 0x8C,
  0x7E, 0xFC, 0x63, 0x18, 0xC6, 0x31, 0x8C, 0x7E, 0xFC, 0x63, 0x18, 0xC6,
  0x31, 0x8C, 0x7E, 0xFC, 0x63, 0x18, 0xC6, 0x31, 0x8C, 0x7E, 0xFC, 0x63,
  0x18, 0xC6, 0x31, 0x8C, 0x7E, 0xFC, 0x63, 0x18, 0xC6, 0x31, 0x8C, 0x7E,
  0xFC, 0x63, 0x18, 0xC6, 0x31, 0x8C, 0x7E, 0xFC, 0x63, 0x18, 0xC6, 0x31,
  0x8C, 0x7E, 0xFC, 0x63, 0x18, 0xC6, 0x31, 0x8C, 0x7E, 0xFC, 0x63, 0x18,
  0xC6, 0x31, 0x8C, 0x7E, 0xFC, 0x63, 0x18, 0xC6, 0x31, 0x8C, 0x7E, 0xFC,
  0x63, 0x18, 0xC6, 0x31, 0x8C, 0x7E, 0xFC, 0x63, 0x18, 0xC6, 0x31, 0x8C,
  0x7E, 0xFC, 0x63, 0x18, 0xC6, 0x31, 0x8C, 0x7E, 0xFC, 0x63, 0x18, 0xC6,
  0x31, 0x8C, 0x7E, 0xFC, 0x63, 0x18, 0xC6, 0x31, 0x8C, 0x7E, 0xFC, 0x63,
  0x18, 0xC6, 0x31, 0x8C, 0x7E, 0xFC, 0x63, 0x18, 0xC6, 0x31, 0x8C, 0x7E,
  0xFC, 0x63, 0x18, 0xC6, 0x31, 0x8C, 0x7E, 0xFC, 0x63, 0x18, 0xC6, 0x31,
  0x8C, 0x7E, 0xFC, 0x63, 0x18, 0xC6, 0x31, 0x8C, 0x7E, 0xFC, 0x63, 0x18,
  0xC6, 0x31, 0x8C, 0x7E, 0xFC, 0x63, 0x18, 0xC6, 0x31, 0x8C, 0x7E, 0xFC,
  0x63, 0x18, 0xC6, 0x31, 0x8C, 0x7E, 0xFC, 0x63, 0x18, 0xC6, 0x31, 0x8C,
  0x7E, 0xFC, 0x63, 0x18, 0xC6, 0x31, 0x8C, 0x7E, 0xFC, 0x63, 0x18, 0xC6,
  0x31, 0x8C, 0x7E, 0xFC, 0x63, 0x18, 0xC6, 0x31, 0x8C, 0x7E, 0xFC, 0x63,
  0x18, 0xC6, 0x31, 0x8C, 0x7E, 0xFC, 0x63, 0x18, 0xC6, 0x31, 0x8C, 0x7E,
  0xFC, 0x63, 0x18, 0xC6, 0x31, 0x8C, 0x7E, 0xFC, 0x63, 0x18, 0xC6, 0x31,
  0x8C, 0x7E, 0xFC, 0x63, 0x18, 0xC6, 0x31, 0x8C, 0x7E, 0xFC, 0x63, 0x18,
  0xC6, 0x31, 0x8C, 0x7E, 0xFC, 0x63, 0x18, 0xC6, 0x31, 0x8C, 0x7E, 0xFC,
  0x63, 0x18, 0xC6, 0x31, 0x8C, 0x7E, 0xFC, 0x63, 0x18, 0xC6, 0x31, 0x8C,
  0x7E, 0xFC, 0x63, 0x18, 0xC6, 0x31, 0x8C, 0x7E, 0xFC, 0x63, 0x18, 0xC6,
  0x31, 0x8C, 0x7E, 0xFC, 0x63, 0x18, 0xC6, 0x31, 0x8C, 0x7E, 0xFC, 0x63,
  0x18, 0xC6, 0x31, 0x8C, 0x7E, 0xFC, 0x63, 0x18, 0xC6, 0x31, 0x8C, 0x7E,
  0xFC, 0x63, 0x18, 0xC6, 0x31, 0x8C, 0x7E, 0xFC, 0x63, 0x18, 0xC6, 0x31,
  0x8C, 0x7E, 0xFC, 0x63, 0x18, 0xC6, 0x31, 0x8C, 0x7E, 0xFC, 0x63, 0x18,
  0xC6, 0x31, 0x8C, 0x7E, 0xFC, 0x63, 0x18, 0xC6, 0x31, 0x8C, 0x7E, 0xFC,
  0x63, 0x18, 0xC6, 0x31, 0x8C, 0x7E, 0xFC, 0x63, 0x18, 0xC6, 0x31, 0x8C,
  0x7E, 0xFC, 0x63, 0x18, 0xC6, 0x31, 0x8C, 0x7E, 0xFC, 0x63, 0x18, 0xC6,
  0x31, 0x8C, 0x7E, 0xFC, 0x63, 0x18, 0xC6, 0x31, 0x8C, 0x7E, 0xFC, 0x63,
  0x18, 0xC6, 0x31, 0x8C, 0x7E, 0xFC, 0x63, 0x18, 0xC6, 0x31, 0x8C, 0x7E,
  0xFC, 0x63, 0x18, 0xC6, 0x31, 0x8C, 0x7E, 0xFC, 0x63, 0x18, 0xC6, 0x31,
  0x8C, 0x7E, 0xFC, 0x63, 0x18, 0xC6, 0x31, 0x8C, 0x7E, 0xFC, 0x63, 0x18,
  0xC6, 0x31, 0x8C, 0x7E, 0xFC, 0x63, 0x18, 0xC6, 0x31, 0x8C, 0x7E, 0xFC,
  0x63, 0x18, 0xC6, 0x31, 0x8C, 0x7E, 0xFC, 0x63, 0x18, 0xC6, 0x31, 0x8C,
  0x7E, 0xFC, 0x63, 0x18, 0xC6, 0x31, 0x8C, 0x7E, 0xFC, 0x63, 0x18, 0xC6,
  0x31, 0x8C, 0x7E, 0xFC, 0x63, 0x18, 0xC6, 0x31, 0x8C, 0x7E, 0xFC, 0x63,
  0x18, 0xC6, 0x31, 0x8C, 0x7E, 0xFC, 0x63, 0x18, 0xC6, 0x31, 0x8C, 0x7E,
  0xFC, 0x63, 0x18, 0xC6, 0x31, 0x8C, 0x7E, 0xFC, 0x63, 0x18, 0xC6, 0x31,
  0x8C, 0x7E, 0xFC, 0x63, 0x18, 0xC6, 0x31, 0x8C, 0x7E, 0xFC, 0x63, 0x18,
  0xC6, 0x31, 0x8C, 0x7E, 0xFC, 0x63, 0x18, 0xC6, 0x31, 0x8C, 0x7E, 0xFC,
  0x63, 0x18, 0xC6, 0x31, 0x8C, 0x7E, 0xFC, 0x63, 0x18, 0xC6, 0x31, 0x8C,
  0x7E, 0xFC, 0x63, 0x18, 0xC6, 0x31, 0x8C, 0x7E, 0xFC, 0x63, 0x18, 0xC6,
  0x31, 0x8C, 0x7E, 0xFC, 0x63, 0x18, 0xC6, 0x31, 0x8C, 0x7E, 0xFC, 0x63,
  0x18, 0xC6, 0x31, 0x8C, 0x7E, 0xFC, 0x63, 0x18, 0xC6, 0x31, 0x8C, 0x7E,
  0xFC, 0x63, 0x18, 0xC6, 0x31, 0x8C, 0x7E, 0xFC, 0x63, 0x18, 0xC6, 0x31,
  0x8C, 0x7E, 0xFC, 0x63, 0x18, 0xC6, 0x31, 0x8C, 0x7E, 0xFC, 0x63, 0x18,
  0xC6, 0x31, 0x8C, 0x7E, 0xFC, 0x63, 0x18, 0xC6, 0x31, 0x8C, 0x7E, 0xFC,
  0x63, 0x18, 0xC6, 0x31, 0x8C, 0x7E, 0xFC, 0x63, 0x18, 0xC6, 0x31, 0x8C,
  0x7E, 0xFC, 0x63, 0x18, 0xC6, 0x31, 0x8C, 0x7E, 0xFC, 0x63, 0x18, 0xC6,
  0x31, 0x8C, 0x7E, 0xFC, 0x63, 0x18, 0xC6, 0x31, 0x8C, 0x7E, 0xFC, 0x63,
  0x18, 0xC6, 0x31, 0x8C, 0x7E, 0xFC, 0x63, 0x18, 0xC6, 0x31, 0x8C, 0x7E,
  0xFC, 0x63, 0x18, 0xC6, 0x31, 0x8C, 0x7E, 0xFC, 0x63, 0x18, 0xC6, 0x31,
  0x8C, 0x7E, 0xFC, 0x63, 0x18, 0xC6, 0x31, 0x8C, 0x7E, 0xFC, 0x63, 0x18,
  0xC6, 0x31, 0x8C, 0x7E, 0xFC, 0x63, 0x18, 0xC6, 0x31, 0x8C, 0x7E, 0xFC,
  0x63, 0x18, 0xC6, 0x31, 0x8C, 0x7E, 0xFC, 0x63, 0x18, 0xC6, 0x31, 0x8C,
  0x7E, 0xFC, 0x63, 0x18, 0xC6, 0x31, 0x8C, 0x7E, 0xFC, 0x63, 0x18, 0xC6,
  0x31, 0x8C, 0x7E, 0xFC, 0x63, 0x18, 0xC6, 0x31, 0x8C, 0x7E, 0xFC, 0x63,
  0x18, 0xC6, 0x31, 0x8C, 0x7E, 0xFC, 0x63, 0x18, 0xC6, 0x31, 0x8C, 0x7E,
  0xFC, 0x63, 0x18, 0xC6, 0x31, 0x8C, 0x7E, 0xFC, 0x63, 0x18, 0xC6, 0x31,
  0x8C, 0x7E, 0xFC, 0x63, 0x18, 0xC6, 0x31, 0x8C, 0x7E, 0xFC, 0x63, 0x18,
  0xC6, 0x31, 0x8C, 0x7E, 0xFC, 0x63, 0x18, 0xC6, 0x31, 0x8C, 0x7E, 0xFC,
  0x63, 0x18, 0xC6, 0x31, 0x8C, 0x7E, 0xFC, 0x63, 0x18, 0xC6, 0x31, 0x8C,
  0x7E, 0xFC, 0x63, 0x18, 0xC6, 0x31, 0x8C, 0x7E, 0xFC, 0x63, 0x18, 0xC6,
  0x31, 0x8C, 0x7E, 0xFC, 0x63, 0x18, 0xC6, 0x31, 0x8C, 0x7E, 0xFC, 0x63,
  0x18, 0xC6, 0x31, 0x8C, 0x7E, 0xFC, 0x63, 0x18, 0xC6, 0x31, 0x8C, 0x7E,
  0xFC, 0x63, 0x18, 0xC6, 0x31, 0x8C, 0x7E, 0xFC, 0x63, 0x18, 0xC6, 0x31,
  0x8C, 0x7E, 0xFC, 0x63, 0x18, 0xC6, 0x31, 0x8C, 0x7E, 0xFC, 0x63, 0x18,
  0xC6, 0x31, 0x8C, 0x7E, 0xFC, 0x63, 0x18, 0xC6, 0x31, 0x8C, 0x7E, 0xFC,
  0x63, 0x18, 0xC6, 0x31, 0x8C, 0x7E, 0xFC, 0x63, 0x18, 0xC6, 0x31, 0x8C,
  0x7E, 0xFC, 0x63, 0x18, 0xC6, 0x31, 0x8C, 0x7E, 0xFC, 0x63, 0x18, 0xC6,
  0x31, 0x8C, 0x7E, 0xFC, 0x63, 0x18, 0xC6, 0x31, 0x8C, 0x7E, 0xFC, 0x63,
  0x18, 0xC6, 0x31, 0x8C, 0x7E, 0xFC, 0x63, 0x18, 0xC6, 0x31, 0x8C, 0x7E,
  0xFC, 0x63, 0x18, 0xC6, 0x31, 0x8C, 0x7E, 0xFC, 0x63, 0x18, 0xC6, 0x31,
  0x8C, 0x7E, 0xFC, 0x63, 0x18, 0xC6, 0x31, 0x8C, 0x7E, 0xFC, 0x63, 0x18,
  0xC6, 0x31, 0x8C, 0x7E, 0xFC, 0x63, 0x18, 0xC6, 0x31, 0x8C, 0x7E, 0xFC,
  0x63, 0x18, 0xC6, 0x31, 0x8C, 0x7E, 0xFC, 0x63, 0x18, 0xC6, 0x31, 0x8C,
  0x7E, 0xFC, 0x63, 0x18, 0xC6, 0x31, 0x8C, 0x7E, 0xFC, 0x63, 0x18, 0xC6,
  0x31, 0x8C, 0x7E, 0xFC, 0x63, 0x18, 0xC6, 0x31, 0x8C, 0x7E, 0xFC, 0x63,
  0x18, 0xC6, 0x31, 0x8C, 0x7E, 0xFC, 0x63, 0x18, 0xC6, 0x31, 0x8C, 0x7E,
  0xFC, 0x63, 0x18, 0xC6, 0x31, 0x8C, 0x7E, 0xFC, 0x63, 0x18, 0xC6, 0x31,
  0x8C, 0x7E, 0xFC, 0x63, 0x18, 0xC6, 0x31, 0x8C, 0x7E, 0xFC, 0x63, 0x18,
  0xC6, 0x31, 0x8C, 0x7E, 0xFC, 0x63, 0x18, 0xC6, 0x31, 0x8C, 0x7E, 0xFC,
  0x63, 0x18, 0xC6, 0x31, 0x8C, 0x7E, 0xFC, 0x63, 0x18, 0xC6, 0x31, 0x8C,
  0x7E, 0xFC, 0x63, 0x18, 0xC6, 0x31, 0x8C, 0x7E, 0xFC, 0x63, 0x18, 0xC6,
  0x31, 0x8C, 0x7E, 0xFC, 0x63, 0x18, 0xC6, 0x31, 0x8C, 0x7E, 0xFC, 0x63,
  0x18, 0xC6, 0x31, 0x8C, 0x7E, 0xFC, 0x63, 0x18, 0xC6, 0x31, 0x8C, 0x7E,
  0xFC, 0x63, 0x18, 0xC6, 0x31, 0x8C, 0x7E, 0xFC, 0x63, 0x18, 0xC6, 0x31,
  0x8C, 0x7E, 0xFC, 0x63, 0x18, 0xC6, 0x31, 0x8C, 0x7E, 0xFC, 0x63, 0x18,
  0xC6, 0x31, 0x8C, 0x7E, 0xFC, 0x63, 0x18, 0xC6, 0x31, 0x8C, 0x7E, 0xFC,
  0x63, 0x18, 0xC6, 0x31, 0x8C, 0x7E, 0xFC, 0x63, 0x18, 0xC6, 0x31, 0x8C,
  0x7E, 0xFC, 0x63, 0x18, 0xC6, 0x31, 0x8C, 0x7E, 0xFC, 0x63, 0x18, 0xC6,
  0x31, 0x8C, 0x7E, 0xFC, 0x63, 0x18, 0xC6, 0x31, 0x8C, 0x7E, 0xFC, 0x63,
  0x18, 0xC6, 0x31, 0x8C, 0x7E, 0xFC, 0x63, 0x18, 0xC6, 0x31, 0x8C, 0x7E,
  0xFC, 0x63, 0x18, 0xC6, 0x31, 0x8C, 0x7E, 0xFC, 0x63, 0x18, 0xC6, 0x31,
  0x8C, 0x7E, 0xFC, 0x63, 0x18, 0xC6, 0x31, 0x8C, 0x7E, 0xFC, 0x63, 0x18,
  0xC6, 0x31, 0x8C, 0x7E, 0xFC, 0x63, 0x18, 0xC6, 0x31, 0x8C, 0x7E, 0xFC,
  0x63, 0x18, 0xC6, 0x31, 0x8C, 0x7E, 0xFC, 0x63, 0x18, 0xC6, 0x31, 0x8C,
  0x7E, 0xFC, 0x63, 0x18, 0xC6, 0x31, 0x8C, 0x7E, 0xFC, 0x63, 0x18, 0xC6,
  0x31, 0x8C, 0x7E, 0xFC, 0x63, 0x18, 0xC6, 0x31, 0x8C, 0x7E, 0xFC, 0x63,
  0x18, 0xC6, 0x31, 0x8C, 0x7E, 0xFC, 0x63, 0x18, 0xC6, 0x31, 0x8C, 0x7E,
  0xFC, 0x63, 0x18, 0xC6, 0x31, 0x8C, 0x7E, 0xFC, 0x63, 0x18, 0xC6, 0x31,
  0x8C, 0x7E, 0xFC, 0x63, 0x18, 0xC6, 0x31, 0x8C, 0x7E, 0xFC, 0x63, 0x18,
  0xC6, 0x31, 0x8C, 0x7E, 0xFC, 0x63, 0x18, 0xC6, 0x31, 0x8C, 0x7E, 0xFC,
  0x63, 0x18, 0xC6, 0x31, 0x8C, 0x7E, 0xFC, 0x63, 0x18, 0xC6, 0x31, 0x8C,
  0x7E, 0xFC, 0x63, 0x18, 0xC6, 0x31, 0x8C, 0x7E, 0xFC, 0x63, 0x18, 0xC6,
  0x31, 0x8C, 0x7E, 0xFC, 0x63, 0x18, 0xC6, 0x31, 0x8C, 0x7E, 0xFC, 0x63,
  0x18, 0xC6, 0x31, 0x8C, 0x7E, 0xFC, 0x63, 0x18, 0xC6, 0x31, 0x8C, 0x7E,
  0xFC, 0x63, 0x18, 0xC6, 0x31, 0x8C, 0x7E, 0xFC, 0x63, 0x18, 0xC6, 0x31,
  0x8C, 0x7E, 0xFC, 0x63, 0x18, 0xC6, 0x31, 0x8C, 0x7E, 0xFC, 0x63, 0x18,
  0xC6, 0x31, 0x8C, 0x7E, 0xFC, 0x63, 0x18, 0xC6, 0x31, 0x8C, 0x7E, 0xFC,
  0x63, 0x18, 0xC6, 0x31, 0x8C, 0x7E, 0xFC, 0x63, 0x18, 0xC6, 0x31, 0x8C,
  0x7E, 0xFC, 0x63, 0x18, 0xC6, 0x31, 0x8C, 0x7E, 0xFC, 0x63, 0x18, 0xC6,
  0x31, 0x8C, 0x7E, 0xFC, 0x63, 0x18, 0xC6, 0x31, 0x8C, 0x7E, 0xFC, 0x63,
  0x18, 0xC6, 0x31, 0x8C, 0x7E, 0xFC, 0x63, 0x18, 0xC6, 0x31, 0x8C, 0x7E,
  0xFC, 0x63, 0x18, 0xC6, 0x31, 0x8C, 0x7E, 0xFC, 0x63, 0x18, 0xC6, 0x31,
  0x8C, 0x7E, 0xFC, 0x63, 0x18, 0xC6, 0x31, 0x8C, 0x7E, 0xFC, 0x63, 0x18,
  0xC6, 0x31, 0x8C, 0x7E, 0xFC, 0x63, 0x18, 0xC6, 0x31, 0x8C, 0x7E, 0xFC,
  0x63, 0x18, 0xC6, 0x31, 0x8C, 0x7E, 0xFC, 0x63, 0x18, 0xC6, 0x31, 0x8C,
  0x7E, 0xFC, 0x63, 0x18, 0xC6, 0x31, 0x8C, 0x7E, 0xFC, 0x63, 0x18, 0xC6,
  0x31, 0x8C, 0x7E, 0xFC, 0x63, 0x18, 0xC6, 0x31, 0x8C, 0x7E, 0xFC, 0x63,
  0x18, 0xC6, 0x31, 0x8C, 0x7E, 0xFC, 0x63, 0x18, 0xC6, 0x31, 0x8C, 0x7E,
  0xFC, 0x63, 0x18, 0xC6, 0x31, 0x8C, 0x7E, 0xFC, 0x63, 0x18, 0xC6, 0x31,
  0x8C, 0x7E, 0xFC, 0x63, 0x18, 0xC6, 0x31, 0x8C, 0x7E, 0xFC, 0x63, 0x18,
  0xC6, 0x31, 0x8C, 0x7E, 0xFC, 0x63, 0x18, 0xC6, 0x31, 0x8C, 0x7E, 0xFC,
  0x63, 0x18, 0xC6, 0x31, 0x8C, 0x7E, 0xFC, 0x63, 0x18, 0xC6, 0x31, 0x8C,
  0x7E, 0xFC, 0x63, 0x18, 0xC6, 0x31, 0x8C, 0x7E, 0xFC, 0x63, 0x18, 0xC6,
  0x31, 0x8C, 0x7E, 0xFC, 0x63, 0x18, 0xC6, 0x31, 0x8C, 0x7E, 0xFC, 0x63,
  0x18, 0xC6, 0x31, 0x8C, 0x7E, 0xFC, 0x63, 0x18, 0xC6, 0x31, 0x8C, 0x7E,
  0xFC, 0x63, 0x18, 0xC6, 0x31, 0x8C, 0x7E, 0xFC, 0x63, 0x18, 0xC6, 0x31,
  0x8C, 0x7E, 0xFC, 0x63, 0x18, 0xC6, 0x31, 0x8C, 0x7E, 0xFC, 0x63, 0x18,
  0xC6, 0x31, 0x8C, 0x7E, 0xFC, 0x63, 0x18, 0xC6, 0x31, 0x8C, 0x7E, 0xFC,
  0x63, 0x18, 0xC6, 0x31, 0x8C, 0x7E, 0xFC, 0x63, 0x18, 0xC6, 0x31, 0x8C,
  0x7E, 0xFC, 0x63, 0x18, 0xC6, 0x31, 0x8C, 0x7E, 0xFC, 0x63, 0x18, 0xC6,
  0x31, 0x8C, 0x7E, 0xFC, 0x63, 0x18, 0xC6, 0x31, 0x8C, 0x7E, 0xFC, 0x63,
  0x18, 0xC6, 0x31, 0x8C, 0x7E, 0xFC, 0x63, 0x18, 0xC6, 0x31, 0x8C, 0x7E,
  0xFC, 0x63, 0x18, 0xC6, 0x31, 0x8C, 0x7E, 0xFC, 0x63, 0x18, 0xC6, 0x31,
  0x8C, 0x7E, 0xFC, 0x63, 0x18, 0xC6, 0x31, 0x8C, 0x7E, 0xFC, 0x63, 0x18,
  0xC6, 0x31, 0x8C, 0x7E, 0xFC, 0x63, 0x18, 0xC6, 0x31, 0x8C, 0x7E, 0xFC,
  0x63, 0x18, 0xC6, 0x31, 0x8C, 0x7E, 0xFC, 0x63, 0x18, 0xC6, 0x31, 0x8C,
  0x7E, 0xFC, 0x63, 0x18, 0xC6, 0x31, 0x8C, 0x7E, 0xFC, 0x63, 0x18, 0xC6,
  0x31, 0x8C, 0x7E, 0xFC, 0x63, 0x18, 0xC6, 0x31, 0x8C, 0x7E, 0xFC, 0x63,
  0x18, 0xC6, 0x31, 0x8C, 0x7E, 0xFC, 0x63, 0x18, 0xC6, 0x31, 0x8C, 0x7E,
  0xFC, 0x63, 0x18, 0xC6, 0x31, 0x8C, 0x7E, 0xFC, 0x63, 0x18, 0xC6, 0x31,
  0x8C, 0x7E, 0xFC, 0x63, 0x18, 0xC6, 0x31, 0x8C, 0x7E, 0xFC, 0x63, 0x18,
  0xC6, 0x31, 0x8C, 0x7E, 0xFC, 0x63, 0x18, 0xC6, 0x31, 0x8C, 0x7E, 0xFC,
  0x63, 0x18, 0xC6, 0x31, 0x8C, 0x7E, 0xFC, 0x63, 0x18, 0xC6, 0x31, 0x8C,
  0x7E, 0xFC, 0x63, 0x18, 0xC6, 0x31, 0x8C, 0x7E, 0xFC, 0x63, 0x18, 0xC6,
  0x31, 0x8C, 0x7E, 0xFC, 0x63, 0x18, 0xC6, 0x31, 0x8C, 0x7E, 0xFC, 0x63,
  0x18, 0xC6, 0x31, 0x8C, 0x7E, 0xFC, 0x63, 0x18, 0xC6, 0x31, 0x8C, 0x7E,
  0xFC, 0x63, 0x18, 0xC6, 0x31, 0x8C, 0x7E, 0xFC, 0x63, 0x18, 0xC6, 0x31,
  0x8C, 0x7E, 0xFC, 0x63, 0x18, 0xC6, 0x31, 0x8C, 0x7E, 0xFC, 0x63, 0x18,
  0xC6, 0x31, 0x8C, 0x7E, 0xFC, 0x63, 0x18, 0xC6, 0x31, 0x8C, 0x7E, 0xFC,
  0x63, 0x18, 0xC6, 0x31, 0x8C, 0x7E, 0xFC, 0x63, 0x18, 0xC6, 0x31, 0x8C,
  0x7E, 0xFC, 0x63, 0x18, 0xC6, 0x31, 0x8C, 0x7E, 0xFC, 0x63, 0x18, 0xC6,
  0x31, 0x8C, 0x7E, 0xFC, 0x63, 0x18, 0xC6, 0x31, 0x8C, 0x7E, 0xFC, 0x63,
  0x18, 0xC6, 0x31, 0x8C, 0x7E, 0xFC, 0x63, 0x18, 0xC6, 0x31, 0x8C, 0x7E,
  0xFC, 0x63, 0x18, 0xC6, 0x31, 0x8C, 0x7E, 0xFC, 0x63, 0x18, 0xC6, 0x31,
  0x8C, 0x7E, 0xFC, 0x63, 0x18, 0xC6, 0x31, 0x8C, 0x7E, 0xFC, 0x63, 0x18,
  0xC6, 0x31, 0x8C, 0x7E, 0xFC, 0x63, 0x18, 0xC6, 0x31, 0x8C, 0x7E, 0xFC,
  0x63, 0x18, 0xC6, 0x31, 0x8C, 0x7E, 0xFC, 0x63, 0x18, 0xC6, 0x31, 0x8C,
  0x7E, 0xFC, 0x63, 0x18, 0xC6, 0x31, 0x8C, 0x7E, 0xFC, 0x63, 0x18, 0xC6,
  0x31, 0x8C, 0x7E, 0xFC, 0x63, 0x18, 0xC6, 0x31, 0x8C, 0x7E, 0xFC, 0x63,
  0x18, 0xC6, 0x31, 0x8C, 0x7E, 0xFC, 0x63, 0x18, 0xC6, 0x31, 0x8C, 0x7E,
  0xFC, 0x63, 0x18, 0xC6, 0x31, 0x8C, 0x7E, 0xFC, 0x63, 0x18, 0xC6, 0x31,
  0x8C, 0x7E, 0xFC, 0x63, 0x18, 0xC6, 0x31, 0x8C, 0x7E, 0xFC, 0x63, 0x18,
  0xC6, 0x31, 0x8C, 0x7E, 0xFC, 0x63, 0x18, 0xC6, 0x31, 0x8C, 0x7E, 0xFC,
  0x63, 0x18, 0xC6, 0x31, 0x8C, 0x7E, 0xFC, 0x63, 0x18, 0xC6, 0x31, 0x8C,
  0x7E, 0xFC, 0x63, 0x18, 0xC6, 0x31, 0x8C, 0x7E, 0xFC, 0x63, 0x18, 0xC6,
  0x31, 0x8C, 0x7E, 0xFC, 0x63, 0x18, 0xC6, 0x31, 0x8C, 0x7E, 0xFC, 0x63,
  0x18, 0xC6, 0x31, 0x8C, 0x7E, 0xFC, 0x63, 0x18, 0xC6, 0x31, 0x8C, 0x7E,
  0xFC, 0x63, 0x18, 0xC6, 0x31, 0x8C, 0x7E, 0xFC, 0x63, 0x18, 0xC6, 0x31,
  0x8C, 0x7E, 0xFC, 0x63, 0x18, 0xC6, 0x31, 0x8C, 0x7E, 0xFC, 0x63, 0x18,
  0xC6, 0x31, 0x8C, 0x7E, 0xFC, 0x63, 0x18, 0xC6, 0x31, 0x8C, 0x7E, 0xFC,
  0x63, 0x18, 0xC6, 0x31, 0x8C, 0x7E, 0xFC, 0x63, 0x18, 0xC6, 0x31, 0x8C,
  0x7E, 0xFC, 0x63, 0x18, 0xC6, 0x31, 0x8C, 0x7E, 0xFC, 0x63, 0x18, 0xC6,
  0x31, 0x8C, 0x7E, 0xFC, 0x63, 0x18, 0xC6, 0x31, 0x8C, 0x7E, 0xFC, 0x63,
  0x18, 0xC6, 0x31, 0x8C, 0x7E, 0xFC, 0x63, 0x18, 0xC6, 0x31, 0x8C, 0x7E,
  0xFC, 0x63, 0x18, 0xC6, 0x31, 0x8C, 0x7E, 0xFC, 0x63, 0x18, 0xC6, 0x31,
  0x8C, 0x7E, 0xFC, 0x63, 0x18, 0xC6, 0x31, 0x8C, 0x7E, 0xFC, 0x63, 0x18,
  0xC6, 0x31, 0x8C, 0x7E, 0xFC, 0x63, 0x18, 0xC6, 0x31, 0x8C, 0x7E, 0xFC,
  0x63, 0x18, 0xC6, 0x31, 0x8C, 0x7E, 0xFC, 0x63, 0x18, 0xC6, 0x31, 0x8C,
  0x7E, 0xFC, 0x63, 0x18, 0xC6, 0x31, 0x8C, 0x7E, 0xFC, 0x63, 0x18, 0xC6,
  0x31, 0x8C, 0x7E, 0xFC, 0x63, 0x18, 0xC6, 0x31, 0x8C, 0x7E, 0xFC, 0x63,
  0x18, 0xC6, 0x31, 0x8C, 0x7E, 0xFC, 0x63, 0x18, 0xC6, 0x31, 0x8C, 0x7E,
  0xFC, 0x63, 0x18, 0xC6, 0x31, 0x8C, 0x7E, 0xFC, 0x63, 0x18, 0xC6, 0x31,
  0x8C, 0x7E, 0xFC, 0x63, 0x18, 0xC6, 0x31, 0x8C, 0x7E, 0xFC, 0x63, 0x18,
  0xC6, 0x31, 0x8C, 0x7E, 0xFC, 0x63, 0x18, 0xC6, 0x31, 0x8C, 0x7E, 0xFC,
  0x63, 0x18, 0xC6, 0x31, 0x8C, 0x7E, 0xFC, 0x63, 0x18, 0xC6, 0x31, 0x8C,
  0x7E, 0xFC, 0x63, 0x18, 0xC6, 0x31, 0x8C, 0x7E, 0xFC, 0x63, 0x18, 0xC6,
  0x31, 0x8C, 0x7E, 0xFC, 0x63, 0x18, 0xC6, 0x31, 0x8C, 0x7E, 0xFC, 0x63,
  0x18, 0xC6, 0x31, 0x8C, 0x7E, 0xFC, 0x63, 0x18, 0xC6, 0x31, 0x8C, 0x7E,
  0xFC, 0x63, 0x18, 0xC6, 0x31, 0x8C, 0x7E, 0xFC, 0x63, 0x18, 0xC6, 0x31,
  0x8C, 0x7E, 0xFC, 0x63, 0x18, 0xC6, 0x31, 0x8C, 0x7E, 0xFC, 0x63, 0x18,
  0xC6, 0x31, 0x8C, 0x7E, 0xFC, 0x63, 0x18, 0xC6, 0x31, 0x8C, 0x7E, 0xFC,
  0x63, 0x18, 0xC6, 0x31, 0x8C, 0x7E, 0xFC, 0x63, 0x18, 0xC6, 0x31, 0x8C,
  0x7E, 0xFC, 0x63, 0x18, 0xC6, 0x31, 0x8C, 0x7E, 0xFC, 0x63, 0x18, 0xC6,
  0x31, 0x8C, 0x7E, 0xFC, 0x63, 0x18, 0xC6, 0x31, 0x8C, 0x7E, 0xFC, 0x63,
  0x18, 0xC6, 0x31, 0x8C, 0x7E, 0xFC, 0x63, 0x18, 0xC6, 0x31, 0x8C, 0x7E,
  0xFC, 0x63, 0x18, 0xC6, 0x31, 0x8C, 0x7E, 0xFC, 0x63, 0x18, 0xC6, 0x31,
  0x8C, 0x7E, 0xFC, 0x63, 0x18, 0xC6, 0x31, 0x8C, 0x7E, 0xFC, 0x63, 0x18,
  0xC6, 0x31, 0x8C, 0x7E, 0xFC, 0x63, 0x18, 0xC6, 0x31, 0x8C, 0x7E, 0xFC,
  0x63, 0x18, 0xC6, 0x31, 0x8C, 0x7E, 0xFC, 0x63, 0x18, 0xC6, 0x31, 0x8C,
  0x7E, 0xFC, 0x63, 0x18, 0xC6, 0x31, 0x8C, 0x7E, 0xFC, 0x63, 0x18, 0xC6,
  0x31, 0x8C, 0x7E, 0xFC, 0x63, 0x18, 0xC6, 0x31, 0x8C, 0x7E, 0xFC, 0x63,
  0x18, 0xC6, 0x31, 0x8C, 0x7E, 0xFC, 0x63, 0x18, 0xC6, 0x31, 0x8C, 0x7E,
  0xFC, 0x63, 0x18, 0xC6, 0x31, 0x8C, 0x7E, 0xFC, 0x63, 0x18, 0xC6, 0x31,
  0x8C, 0x7E, 0xFC, 0x63, 0x18, 0xC6, 0x31, 0x8C, 0x7E, 0xFC, 0x63, 0x18,
  0xC6, 0x31, 0x8C, 0x7E, 0xFC, 0x63, 0x18, 0xC6, 0x31, 0x8C, 0x7E, 0xFC,
  0x63, 0x18, 0xC6, 0x31, 0x8C, 0x7E, 0xFC, 0x63, 0x18, 0xC6, 0x31, 0x8C,
  0x7E, 0xFC, 0x63, 0x18, 0xC6, 0x31, 0x8C, 0x7E, 0xFC, 0x63, 0x18, 0xC6,
  0x31, 0x8C, 0x7E, 0xFC, 0x63, 0x18, 0xC6, 0x31, 0x8C, 0x7E, 0xFC, 0x63,
  0x18, 0xC6, 0x31, 0x8C, 0x7E, 0xFC, 0x63, 0x18, 0xC6, 0x31, 0x8C, 0x7E,
  0xFC, 0x63, 0x18, 0xC6, 0x31, 0x8C, 0x7E, 0xFC, 0x63, 0x18, 0xC6, 0x31,
  0x8C, 0x7E, 0xFC, 0x63, 0x18, 0xC6, 0x31, 0x8C, 0x7E, 0xFC, 0x63, 0x18,
  0xC6, 0x31, 0x8C, 0x7E, 0xFC, 0x63, 0x18, 0xC6, 0x31, 0x8C, 0x7E, 0xFC,
  0x63, 0x18, 0xC6, 0x31, 0x8C, 0x7E, 0xFC, 0x63, 0x18, 0xC6, 0x31, 0x8C,
  0x7E, 0xFC, 0x63, 0x18, 0xC6, 0x31, 0x8C, 0x7E, 0xFC, 0x63, 0x18, 0xC6,
  0x31, 0x8C, 0x7E, 0xFC, 0x63, 0x18, 0xC6, 0x31, 0x8C, 0x7E, 0xFC, 0x63,
  0x18, 0xC6, 0x31, 0x8C, 0x7E, 0xFC, 0x63, 0x18, 0xC6, 0x31, 0x8C, 0x7E,
  0xFC, 0x63, 0x18, 0xC6, 0x31, 0x8C, 0x7E, 0xFC, 0x63, 0x18, 0xC6, 0x31,
  0x8C, 0x7E, 0xFC, 0x63, 0x18, 0xC6, 0x31, 0x8C, 0x7E, 0xFC, 0x63, 0x18,
  0xC6, 0x31, 0x8C, 0x7E, 0xFC, 0x63, 0x18, 0xC6, 0x31, 0x8C, 0x7E, 0xFC,
  0x63, 0x18, 0xC6, 0x31, 0x8C, 0x7E, 0xFC, 0x63, 0x18, 0xC6, 0x31, 0x8C,
  0x7E, 0xFC, 0x63, 0x18, 0xC6, 0x31, 0x8C, 0x7E, 0xFC, 0x63, 0x18, 0xC6,
  0x31, 0x8C, 0x7E, 0xFC, 0x63, 0x18, 0xC6, 0x31, 0x8C, 0x7E, 0xFC, 0x63,
  0x18, 0xC6, 0x31, 0x8C, 0x7E, 0xFC, 0x63, 0x18, 0xC6, 0x31, 0x8C, 0x7E,
  0xFC, 0x63, 0x18, 0xC6, 0x31, 0x8C, 0x7E, 0xFC, 0x63, 0x18, 0xC6, 0x31,
  0x8C, 0x7E, 0xFC, 0x63, 0x18, 0xC6, 0x31, 0x8C, 0x7E, 0xFC, 0x63, 0x18,
  0xC6, 0x31, 0x8C, 0x7E, 0xFC, 0x63, 0x18, 0xC6, 0x31, 0x8C, 0x7E, 0xFC,
  0x63, 0x18, 0xC6, 0x31, 0x8C, 0x7E, 0xFC, 0x63, 0x18, 0xC6, 0x31, 0x8C,
  0x7E, 0xFC, 0x63, 0x18, 0xC6, 0x31, 0x8C, 0x7E, 0xFC, 0x63, 0x18, 0xC6,
  0x31, 0x8C, 0x7E, 0xFC, 0x63, 0x18, 0xC6, 0x31, 0x8C, 0x7E, 0xFC, 0x63,
  0x18, 0xC6, 0x31, 0x8C, 0x7E, 0xFC, 0x63, 0x18, 0xC6, 0x31, 0x8C, 0x7E,
  0xFC, 0x63, 0x18, 0xC6, 0x31, 0x8C, 0x7E, 0xFC, 0x63, 0x18, 0xC6, 0x31,
  0x8C, 0x7E, 0xFC, 0x63, 0x18, 0xC6, 0x31, 0x8C, 0x7E, 0xFC, 0x63, 0x18,
  0xC6, 0x31, 0x8C, 0x7E, 0xFC, 0x63, 0x18, 0xC6, 0x31, 0x8C, 0x7E, 0xFC,
  0x63, 0x18, 0xC6, 0x31, 0x8C, 0x7E, 0xFC, 0x63, 0x18, 0xC6, 0x31, 0x8C,
  0x7E, 0xFC, 0x63, 0x18, 0xC6, 0x31, 0x8C, 0x7E, 0xFC, 0x63, 0x18, 0xC6,
  0x31, 0x8C, 0x7E, 0xFC, 0x63, 0x18, 0xC6, 0x31, 0x8C, 0x7E, 0xFC, 0x63,
  0x18, 0xC6, 0x31, 0x8C, 0x7E, 0xFC, 0x63, 0x18, 0xC6, 0x31, 0x8C, 0x7E,
  0xFC, 0x63, 0x18, 0xC6, 0x31, 0x8C, 0x7E, 0xFC, 0x63, 0x18, 0xC6, 0x31,
  0x8C, 0x7E, 0xFC, 0x63, 0x18, 0xC6, 0x31, 0x8C, 0x7E, 0xFC, 0x63, 0x18,
  0xC6, 0x31, 0x8C, 0x7E, 0xFC, 0x63, 0x18, 0xC6, 0x31, 0x8C, 0x7E, 0xFC,
  0x63, 0x18, 0xC6, 0x31, 0x8C, 0x7E, 0xFC, 0x63, 0x18, 0xC6, 0x31, 0x8C,
  0x7E, 0xFC, 0x63, 0x18, 0xC6, 0x31, 0x8C, 0x7E, 0xFC, 0x63, 0x18, 0xC6,
  0x31, 0x8C, 0x7E, 0xFC, 0x63, 0x18, 0xC6, 0x31, 0x8C, 0x7E, 0xFC, 0x63,
  0x18, 0xC6, 0x31, 0x8C, 0x7E, 0xFC, 0x63, 0x18, 0xC6, 0x31, 0x8C, 0x7E,
  0xFC, 0x63, 0x18, 0xC6, 0x31, 0x8C, 0x7E, 0xFC, 0x63, 0x18, 0xC6, 0x31,
  0x8C, 0x7E, 0xFC, 0x63, 0x18, 0xC6, 0x31, 0x8C, 0x7E, 0xFC, 0x63, 0x18,
  0xC6, 0x31, 0x8C, 0x7E, 0xFC, 0x63, 0x18, 0xC6, 0x31, 0x8C, 0x7E, 0xFC,
  0x63, 0x18, 0xC6, 0x31, 0x8C, 0x7E, 0xFC, 0x63, 0x18, 0xC6, 0x31, 0x8C,
  0x7E, 0xFC, 0x63, 0x18, 0xC6, 0x31, 0x8C, 0x7E, 0xFC, 0x63, 0x18, 0xC6,
  0x31, 0x8C, 0x7E, 0xFC, 0x63, 0x18, 0xC6, 0x31, 0x8C, 0x7E, 0xFC, 0x63,
  0x18, 0xC6, 0x31, 0x8C, 0x7E, 0xFC, 0x63, 0x18, 0xC6, 0x31, 0x8C, 0x7E,
  0xFC, 0x63, 0x18, 0xC6, 0x31, 0x8C, 0x7E, 0xFC, 0x63, 0x18, 0xC6, 0x31,
  0x8C, 0x7E, 0xFC, 0x63, 0x18, 0xC6, 0x31, 0x8C, 0x7E, 0xFC, 0x63, 0x18,
  0xC6, 0x31, 0x8C, 0x7E, 0xFC, 0x63, 0x18, 0xC6, 0x31, 0x8C, 0x7E, 0xFC,
  0x63, 0x18, 0xC6, 0x31, 0x8C, 0x7E, 0xFC, 0x63, 0x18, 0xC6, 0x31, 0x8C,
  0x7E, 0xFC, 0x63, 0x18, 0xC6, 0x31, 0x8C, 0x7E, 0xFC, 0x63, 0x18, 0xC6,
  0x31, 0x8C, 0x7E, 0xFC, 0x63, 0x18, 0xC6, 0x31, 0x8C, 0x7E, 0xFC, 0x63,
  0x18, 0xC6, 0x31, 0x8C, 0x7E, 0xFC, 0x63, 0x18, 0xC6, 0x31, 0x8C, 0x7E,
  0xFC, 0x63, 0x18, 0xC6, 0x31, 0x8C, 0x7E, 0xFC, 0x63, 0x18, 0xC6, 0x31,
  0x8C, 0x7E, 0xFC, 0x63, 0x18, 0xC6, 0x31, 0x8C, 0x7E, 0xFC, 0x63, 0x18,
  0xC6, 0x31, 0x8C, 0x7E, 0xFC, 0x63, 0x18, 0xC6, 0x31, 0x8C, 0x7E, 0xFC,
  0x63, 0x18, 0xC6, 0x31, 0x8C, 0x7E, 0xFC, 0x63, 0x18, 0xC6, 0x31, 0x8C,
  0x7E, 0xFC, 0x63, 0x18, 0xC6, 0x31, 0x8C, 0x7E, 0xFC, 0x63, 0x18, 0xC6,
  0x31, 0x8C, 0x7E, 0xFC, 0x63, 0x18, 0xC6, 0x31, 0x8C, 0x7E, 0xFC, 0x63,
  0x18, 0xC6, 0x31, 0x8C, 0x7E, 0xFC, 0x63, 0x18, 0xC6, 0x31, 0x8C, 0x7E,
  0xFC, 0x63, 0x18, 0xC6, 0x31, 0x8C, 0x7E, 0xFC, 0x63, 0x18, 0xC6, 0x31,
  0x8C, 0x7E, 0xFC, 0x63, 0x18, 0xC6, 0x31, 0x8C, 0x7E, 0xFC, 0x63, 0x18,
  0xC6, 0x31, 0x8C, 0x7E, 0xFC, 0x63, 0x18, 0xC6, 0x31, 0x8C, 0x7E, 0xFC,
  0x63, 0x18, 0xC6, 0x31, 0x8C, 0x7E, 0xFC, 0x63, 0x18, 0xC6, 0x31, 0x8C,
  0x7E, 0xFC, 0x63, 0x18, 0xC6, 0x31, 0x8C, 0x7E, 0xFC, 0x63, 0x18, 0xC6,
  0x31, 0x8C, 0x7E, 0xFC, 0x63, 0x18, 0xC6, 0x31, 0x8C, 0x7E, 0xFC, 0x63,
  0x18, 0xC6, 0x31, 0x8C, 0x7E, 0xFC, 0x63, 0x18, 0xC6, 0x31, 0x8C, 0x7E,
  0xFC, 0x63, 0x18, 0xC6, 0x31, 0x8C, 0x7E, 0xFC, 0x63, 0x18, 0xC6, 0x31,
  0x8C, 0x7E, 0xFC, 0x63, 0x18, 0xC6, 0x31, 0x8C, 0x7E, 0xFC, 0x63, 0x18,
  0xC6, 0x31, 0x8C, 0x7E, 0xFC, 0x63, 0x18, 0xC6, 0x31, 0x8C, 0x7E, 0xFC,
  0x63, 0x18, 0xC6, 0x31, 0x8C, 0x7E, 0xFC, 0x63, 0x18, 0xC6, 0x31, 0x8C,
  0x7E, 0xFC, 0x63, 0x18, 0xC6, 0x31, 0x8C, 0x7E, 0xFC, 0x63, 0x18, 0xC6,
  0x31, 0x8C, 0x7E, 0xFC, 0x63, 0x18, 0xC6, 0x31, 0x8C, 0x7E, 0xFC, 0x63,
  0x18, 0xC6, 0x31, 0x8C, 0x7E, 0xFC, 0x63, 0x18, 0xC6, 0x31, 0x8C, 0x7E,
  0xFC, 0x63, 0x18, 0xC6, 0x31, 0x8C, 0x7E, 0xFC, 0x63, 0x18, 0xC6, 0x31,
  0x8C, 0x7E, 0xFC, 0x63, 0x18, 0xC6, 0x31, 0x8C, 0x7E, 0xFC, 0x63, 0x18,
  0xC6, 0x31, 0x8C, 0x7E, 0xFC, 0x63, 0x18, 0xC6, 0x31, 0x8C, 0x7E, 0xFC,
  0x63, 0x18, 0xC6, 0x31, 0x8C, 0x7E, 0xFC, 0x63, 0x18, 0xC6, 0x31, 0x8C,
  0x7E, 0xFC, 0x63, 0x18, 0xC6, 0x31, 0x8C, 0x7E, 0xFC, 0x63, 0x18, 0xC6,
  0x31, 0x8C, 0x7E, 0xFC, 0x63, 0x18, 0xC6, 0x31, 0x8C, 0x7E, 0xFC, 0x63,
  0x18, 0xC6, 0x31, 0x8C, 0x7E, 0xFC, 0x63, 0x18, 0xC6, 0x31, 0x8C, 0x7E,
  0xFC, 0x63, 0x18, 0xC6, 0x31, 0x8C, 0x7E, 0xFC, 0x63, 0x18, 0xC6, 0x31,
  0x8C, 0x7E, 0xFC, 0x63, 0x18, 0xC6, 0x31, 0x8C, 0x7E, 0xFC, 0x63, 0x18,
  0xC6, 0x31, 0x8C, 0x7E, 0xFC, 0x63, 0x18, 0xC6, 0x31, 0x8C, 0x7E, 0xFC,
  0x63, 0x18, 0xC6, 0x31, 0x8C, 0x7E, 0xFC, 0x63, 0x18, 0xC6, 0x31, 0x8C,
  0x7E, 0xFC, 0x63, 0x18, 0xC6, 0x31, 0x8C, 0x7E, 0xFC, 0x63, 0x18, 0xC6,
  0x31, 0x8C, 0x7E, 0xA0, 0x94, 0x04, 0x40, 0xF4, 0x00, 0x40, 0xF4, 0x10,
  0x80, 0x90, 0x90, 0x40, 0xE0, 0xE8, 0x80, 0x80, 0x84, 0x10, 0x80, 0xE0,
  0xF0, 0xFC, 0x63, 0x18, 0xC6, 0x31, 0x8C, 0x7E, 0xFC, 0x63, 0x18, 0xC6,
  0x31, 0x8C, 0x7E, 0x80, 0x80, 0xFC, 0x63, 0x18, 0xC6, 0x31, 0x8C, 0x7E,
  0xFC, 0x63, 0x18, 0xC6, 0x31, 0x8C, 0x7E, 0xFC, 0x63, 0x18, 0xC6, 0x31,
  0x8C, 0x7E, 0xFC, 0x63, 0x18, 0xC6, 0x31, 0x8C, 0x7E, 0xE8, 0xFC, 0x63,
  0x18, 0xC6, 0x31, 0x8C, 0x7E, 0xFC, 0x63, 0x18, 0xC6, 0x31, 0x8C, 0x7E,
  0xFC, 0x63, 0x18, 0xC6, 0x31, 0x8C, 0x7E, 0xFC, 0x63, 0x18, 0xC6, 0x31,
  0x8C, 0x7E, 0xFC, 0x63, 0x18, 0xC6, 0x31, 0x8C, 0x7E, 0xFC, 0x63, 0x18,
  0xC6, 0x31, 0x8C, 0x7E, 0xFC, 0x63, 0x18, 0xC6, 0x31, 0x8C, 0x7E, 0xFC,
  0x63, 0x18, 0xC6, 0x31, 0x8C, 0x7E, 0xC2, 0x85, 0x8B, 0x19, 0x33, 0xE3,
  0x46, 0x87, 0x04, 0xF8, 0x08, 0x10, 0x20, 0x40, 0x81, 0x02, 0x05, 0xFC,
  0x70, 0x42, 0x10, 0x84, 0x21, 0x1F, 0x40, 0xFC, 0x20, 0x82, 0x08, 0x20,
  0x82, 0x08, 0x20, 0xFC, 0x0C, 0x08, 0x18, 0x30, 0x60, 0xC1, 0x83, 0x04,
  0xFF, 0xC0, 0xE5, 0x24, 0x92, 0x48, 0xFD, 0x0E, 0x0C, 0x18, 0x30, 0x60,
  0xC1, 0x83, 0x04, 0x9C, 0x82, 0x81, 0x81, 0x81, 0x81, 0x81, 0x81, 0x42,
  0x3C, 0xFC, 0xF8, 0x20, 0x41, 0x04, 0x10, 0x41, 0x04, 0x10, 0x41, 0x04,
  0x10, 0xF8, 0x20, 0x41, 0x04, 0x10, 0x41, 0x0B, 0xC0, 0x82, 0x0F, 0xC1,
  0x04, 0x20, 0x82, 0x08, 0x21, 0x04, 0xFD, 0x0E, 0x0C, 0x18, 0x30, 0x60,
  0xC1, 0x83, 0xFC, 0xBD, 0x8D, 0x0E, 0x1C, 0x30, 0x60, 0xC1, 0x83, 0x1C,
  0x55, 0x55, 0x55, 0x50, 0xE1, 0x11, 0x11, 0x11, 0x1F, 0xF8, 0x8A, 0x0C,
  0x18, 0x30, 0x60, 0xC1, 0x44, 0x70, 0x81, 0x81, 0x41, 0x41, 0x41, 0x42,
  0x22, 0x26, 0x2C, 0xF0, 0x38, 0x8A, 0x0C, 0x18, 0x38, 0x58, 0x81, 0x02,
  0x04, 0x08, 0x10, 0x20, 0x40, 0x38, 0x8A, 0x0C, 0x18, 0x38, 0x58, 0x81,
  0x04, 0xF0, 0x87, 0x14, 0x51, 0x24, 0xE3, 0x08, 0x20, 0x82, 0x08, 0x20,
  0x80, 0xC2, 0x85, 0x89, 0x91, 0x43, 0x82, 0x02, 0x03, 0xFC, 0xFE, 0x04,
  0x08, 0x18, 0x50, 0xA1, 0x46, 0x89, 0x12, 0x04, 0x08, 0x10, 0x00, 0xF8,
  0x30, 0x41, 0x04, 0x10, 0x41, 0x04, 0x10, 0x88, 0x62, 0x18, 0x86, 0x21,
  0x90, 0x6C, 0x24, 0x09, 0x02, 0x43, 0x1F, 0x80, 0x7E, 0x10, 0xC8, 0x24,
  0x12, 0x09, 0x04, 0x82, 0x41, 0x20, 0xE0, 0x40 };

const GFXglyph opensanshebrew_regular_webfont8pt8bGlyphs[] PROGMEM = {
  {     0,   1,   1,   4,    0,    0 },   // 0x20 ' '
  {     1,   1,  12,   4,    1,  -11 },   // 0x21 '!'
  {     3,   4,   4,   6,    1,  -11 },   // 0x22 '"'
  {     5,   8,  12,  10,    1,  -11 },   // 0x23 '#'
  {    17,   7,  12,   9,    1,  -11 },   // 0x24 '$'
  {    28,  11,  12,  13,    1,  -11 },   // 0x25 '%'
  {    45,  11,  12,  12,    1,  -11 },   // 0x26 '&'
  {    62,   1,   4,   4,    1,  -11 },   // 0x27 '''
  {    63,   3,  14,   5,    1,  -11 },   // 0x28 '('
  {    69,   3,  14,   5,    1,  -11 },   // 0x29 ')'
  {    75,   7,   7,   9,    1,  -11 },   // 0x2A '*'
  {    82,   7,   7,   9,    1,   -8 },   // 0x2B '+'
  {    89,   2,   4,   4,    0,   -1 },   // 0x2C ','
  {    90,   4,   1,   5,    1,   -4 },   // 0x2D '-'
  {    91,   1,   2,   4,    1,   -1 },   // 0x2E '.'
  {    92,   6,  12,   6,    0,  -11 },   // 0x2F '/'
  {   101,   7,  12,   9,    1,  -11 },   // 0x30 '0'
  {   112,   4,  12,   9,    1,  -11 },   // 0x31 '1'
  {   118,   8,  12,   9,    0,  -11 },   // 0x32 '2'
  {   130,   7,  12,   9,    1,  -11 },   // 0x33 '3'
  {   141,   7,  12,   9,    1,  -11 },   // 0x34 '4'
  {   152,   7,  12,   9,    1,  -11 },   // 0x35 '5'
  {   163,   7,  12,   9,    1,  -11 },   // 0x36 '6'
  {   174,   7,  12,   9,    1,  -11 },   // 0x37 '7'
  {   185,   7,  12,   9,    1,  -11 },   // 0x38 '8'
  {   196,   7,  12,   9,    1,  -11 },   // 0x39 '9'
  {   207,   1,   9,   4,    1,   -8 },   // 0x3A ':'
  {   209,   2,  11,   4,    0,   -8 },   // 0x3B ';'
  {   212,   7,   8,   9,    1,   -9 },   // 0x3C '<'
  {   219,   7,   4,   9,    1,   -7 },   // 0x3D '='
  {   223,   7,   8,   9,    1,   -9 },   // 0x3E '>'
  {   230,   6,  12,   7,    0,  -11 },   // 0x3F '?'
  {   239,  12,  12,  14,    1,  -10 },   // 0x40 '@'
  {   257,  10,  12,  10,    0,  -11 },   // 0x41 'A'
  {   272,   7,  12,  10,    2,  -11 },   // 0x42 'B'
  {   283,   8,  12,  10,    1,  -11 },   // 0x43 'C'
  {   295,   8,  12,  12,    2,  -11 },   // 0x44 'D'
  {   307,   6,  12,   9,    2,  -11 },   // 0x45 'E'
  {   316,   6,  12,   8,    2,  -11 },   // 0x46 'F'
  {   325,   9,  12,  12,    1,  -11 },   // 0x47 'G'
  {   339,   8,  12,  12,    2,  -11 },   // 0x48 'H'
  {   351,   1,  12,   4,    2,  -11 },   // 0x49 'I'
  {   353,   4,  15,   4,   -2,  -11 },   // 0x4A 'J'
  {   361,   8,  12,  10,    2,  -11 },   // 0x4B 'K'
  {   373,   6,  12,   8,    2,  -11 },   // 0x4C 'L'
  {   382,  11,  12,  14,    2,  -11 },   // 0x4D 'M'
  {   399,   8,  12,  12,    2,  -11 },   // 0x4E 'N'
  {   411,  10,  12,  12,    1,  -11 },   // 0x4F 'O'
  {   426,   6,  12,  10,    2,  -11 },   // 0x50 'P'
  {   435,  10,  15,  12,    1,  -11 },   // 0x51 'Q'
  {   454,   7,  12,  10,    2,  -11 },   // 0x52 'R'
  {   465,   7,  12,   9,    1,  -11 },   // 0x53 'S'
  {   476,   7,  12,   9,    1,  -11 },   // 0x54 'T'
  {   487,   9,  12,  12,    1,  -11 },   // 0x55 'U'
  {   501,  10,  12,  10,    0,  -11 },   // 0x56 'V'
  {   516,  14,  12,  15,    0,  -11 },   // 0x57 'W'
  {   537,   9,  12,   9,    0,  -11 },   // 0x58 'X'
  {   551,   9,  12,   9,    0,  -11 },   // 0x59 'Y'
  {   565,   8,  12,   9,    1,  -11 },   // 0x5A 'Z'
  {   577,   3,  15,   5,    1,  -11 },   // 0x5B '['
  {   583,   6,  12,   6,    0,  -11 },   // 0x5C '\'
  {   592,   3,  15,   5,    0,  -11 },   // 0x5D ']'
  {   598,   8,   7,   9,    0,  -11 },   // 0x5E '^'
  {   605,   7,   1,   7,    0,    2 },   // 0x5F '_'
  {   606,   2,   3,   9,    3,  -12 },   // 0x60 '`'
  {   607,   6,   9,   9,    1,   -8 },   // 0x61 'a'
  {   614,   8,  12,  10,    1,  -11 },   // 0x62 'b'
  {   626,   6,   9,   8,    1,   -8 },   // 0x63 'c'
  {   633,   7,  13,  10,    1,  -12 },   // 0x64 'd'
  {   645,   7,   9,   9,    1,   -8 },   // 0x65 'e'
  {   653,   5,  12,   5,    1,  -11 },   // 0x66 'f'
  {   661,   8,  13,   9,    0,   -8 },   // 0x67 'g'
  {   674,   7,  12,  10,    1,  -11 },   // 0x68 'h'
  {   685,   1,  11,   4,    1,  -10 },   // 0x69 'i'
  {   687,   3,  15,   4,   -1,  -10 },   // 0x6A 'j'
  {   693,   7,  12,   8,    1,  -11 },   // 0x6B 'k'
  {   704,   1,  12,   4,    1,  -11 },   // 0x6C 'l'
  {   706,  12,   9,  15,    1,   -8 },   // 0x6D 'm'
  {   720,   7,   9,  10,    1,   -8 },   // 0x6E 'n'
  {   728,   7,   9,  10,    1,   -8 },   // 0x6F 'o'
  {   736,   8,  13,  10,    1,   -8 },   // 0x70 'p'
  {   749,   7,  13,  10,    1,   -8 },   // 0x71 'q'
  {   761,   5,   9,   7,    1,   -8 },   // 0x72 'r'
  {   767,   6,   9,   8,    1,   -8 },   // 0x73 's'
  {   774,   4,  11,   6,    0,  -10 },   // 0x74 't'
  {   780,   7,   9,  10,    1,   -8 },   // 0x75 'u'
  {   788,   8,   9,   8,    0,   -8 },   // 0x76 'v'
  {   797,  12,   9,  12,    0,   -8 },   // 0x77 'w'
  {   811,   8,   9,   8,    0,   -8 },   // 0x78 'x'
  {   820,   8,  13,   8,    0,   -8 },   // 0x79 'y'
  {   833,   6,   9,   7,    1,   -8 },   // 0x7A 'z'
  {   840,   5,  15,   6,    0,  -11 },   // 0x7B '{'
  {   850,   1,  16,   9,    4,  -11 },   // 0x7C '|'
  {   852,   5,  15,   6,    0,  -11 },   // 0x7D '}'
  {   862,   7,   2,   9,    1,   -6 },   // 0x7E '~'
  {   864,   5,  11,   6,    1,  -10 },   // 0x7F
  {   871,   5,  11,   6,    1,  -10 },   // 0x80
  {   878,   5,  11,   6,    1,  -10 },   // 0x81
  {   885,   5,  11,   6,    1,  -10 },   // 0x82
  {   892,   5,  11,   6,    1,  -10 },   // 0x83
  {   899,   5,  11,   6,    1,  -10 },   // 0x84
  {   906,   5,  11,   6,    1,  -10 },   // 0x85
  {   913,   5,  11,   6,    1,  -10 },   // 0x86
  {   920,   5,  11,   6,    1,  -10 },   // 0x87
  {   927,   5,  11,   6,    1,  -10 },   // 0x88
  {   934,   5,  11,   6,    1,  -10 },   // 0x89
  {   941,   5,  11,   6,    1,  -10 },   // 0x8A
  {   948,   5,  11,   6,    1,  -10 },   // 0x8B
  {   955,   5,  11,   6,    1,  -10 },   // 0x8C
  {   962,   5,  11,   6,    1,  -10 },   // 0x8D
  {   969,   5,  11,   6,    1,  -10 },   // 0x8E
  {   976,   5,  11,   6,    1,  -10 },   // 0x8F
  {   983,   5,  11,   6,    1,  -10 },   // 0x90
  {   990,   5,  11,   6,    1,  -10 },   // 0x91
  {   997,   5,  11,   6,    1,  -10 },   // 0x92
  {  1004,   5,  11,   6,    1,  -10 },   // 0x93
  {  1011,   5,  11,   6,    1,  -10 },   // 0x94
  {  1018,   5,  11,   6,    1,  -10 },   // 0x95
  {  1025,   5,  11,   6,    1,  -10 },   // 0x96
  {  1032,   5,  11,   6,    1,  -10 },   // 0x97
  {  1039,   5,  11,   6,    1,  -10 },   // 0x98
  {  1046,   5,  11,   6,    1,  -10 },   // 0x99
  {  1053,   5,  11,   6,    1,  -10 },   // 0x9A
  {  1060,   5,  11,   6,    1,  -10 },   // 0x9B
  {  1067,   5,  11,   6,    1,  -10 },   // 0x9C
  {  1074,   5,  11,   6,    1,  -10 },   // 0x9D
  {  1081,   5,  11,   6,    1,  -10 },   // 0x9E
  {  1088,   5,  11,   6,    1,  -10 },   // 0x9F
  {  1095,   1,   1,   4,    0,    0 },   // 0xA0
  {  1096,   5,  11,   6,    1,  -10 },   // 0xA1
  {  1103,   7,  12,   9,    1,  -11 },   // 0xA2
  {  1114,   8,  12,   9,    0,  -11 },   // 0xA3
  {  1126,   5,  11,   6,    1,  -10 },   // 0xA4
  {  1133,   7,  12,   9,    1,  -11 },   // 0xA5
  {  1144,   5,  11,   6,    1,  -10 },   // 0xA6
  {  1151,   5,  11,   6,    1,  -10 },   // 0xA7
  {  1158,   4,   1,   9,    2,  -10 },   // 0xA8
  {  1159,  12,  12,  13,    1,  -11 },   // 0xA9
  {  1177,   5,  11,   6,    1,  -10 },   // 0xAA
  {  1184,   6,   6,   8,    1,   -6 },   // 0xAB
  {  1189,   5,  11,   6,    1,  -10 },   // 0xAC
  {  1196,   4,   1,   5,    1,   -4 },   // 0xAD
  {  1197,  12,  12,  13,    1,  -11 },   // 0xAE
  {  1215,   5,  11,   6,    1,  -10 },   // 0xAF
  {  1222,   5,  11,   6,    1,  -10 },   // 0xB0
  {  1229,   5,  11,   6,    1,  -10 },   // 0xB1
  {  1236,   5,  11,   6,    1,  -10 },   // 0xB2
  {  1243,   5,  11,   6,    1,  -10 },   // 0xB3
  {  1250,   3,   3,   9,    3,  -12 },   // 0xB4
  {  1252,   5,  11,   6,    1,  -10 },   // 0xB5
  {  1259,   5,  11,   6,    1,  -10 },   // 0xB6
  {  1266,   5,  11,   6,    1,  -10 },   // 0xB7
  {  1273,   3,   4,   4,    0,    1 },   // 0xB8
  {  1275,   5,  11,   6,    1,  -10 },   // 0xB9
  {  1282,   5,  11,   6,    1,  -10 },   // 0xBA
  {  1289,   6,   6,   8,    1,   -6 },   // 0xBB
  {  1294,   5,  11,   6,    1,  -10 },   // 0xBC
  {  1301,   5,  11,   6,    1,  -10 },   // 0xBD
  {  1308,   5,  11,   6,    1,  -10 },   // 0xBE
  {  1315,   5,  11,   6,    1,  -10 },   // 0xBF
  {  1322,   5,  11,   6,    1,  -10 },   // 0xC0
  {  1329,   5,  11,   6,    1,  -10 },   // 0xC1
  {  1336,   5,  11,   6,    1,  -10 },   // 0xC2
  {  1343,   5,  11,   6,    1,  -10 },   // 0xC3
  {  1350,   5,  11,   6,    1,  -10 },   // 0xC4
  {  1357,   5,  11,   6,    1,  -10 },   // 0xC5
  {  1364,   5,  11,   6,    1,  -10 },   // 0xC6
  {  1371,   5,  11,   6,    1,  -10 },   // 0xC7
  {  1378,   5,  11,   6,    1,  -10 },   // 0xC8
  {  1385,   5,  11,   6,    1,  -10 },   // 0xC9
  {  1392,   5,  11,   6,    1,  -10 },   // 0xCA
  {  1399,   5,  11,   6,    1,  -10 },   // 0xCB
  {  1406,   5,  11,   6,    1,  -10 },   // 0xCC
  {  1413,   5,  11,   6,    1,  -10 },   // 0xCD
  {  1420,   5,  11,   6,    1,  -10 },   // 0xCE
  {  1427,   5,  11,   6,    1,  -10 },   // 0xCF
  {  1434,   5,  11,   6,    1,  -10 },   // 0xD0
  {  1441,   5,  11,   6,    1,  -10 },   // 0xD1
  {  1448,   5,  11,   6,    1,  -10 },   // 0xD2
  {  1455,   5,  11,   6,    1,  -10 },   // 0xD3
  {  1462,   5,  11,   6,    1,  -10 },   // 0xD4
  {  1469,   5,  11,   6,    1,  -10 },   // 0xD5
  {  1476,   5,  11,   6,    1,  -10 },   // 0xD6
  {  1483,   5,  11,   6,    1,  -10 },   // 0xD7
  {  1490,   5,  11,   6,    1,  -10 },   // 0xD8
  {  1497,   5,  11,   6,    1,  -10 },   // 0xD9
  {  1504,   5,  11,   6,    1,  -10 },   // 0xDA
  {  1511,   5,  11,   6,    1,  -10 },   // 0xDB
  {  1518,   5,  11,   6,    1,  -10 },   // 0xDC
  {  1525,   5,  11,   6,    1,  -10 },   // 0xDD
  {  1532,   5,  11,   6,    1,  -10 },   // 0xDE
  {  1539,   5,  11,   6,    1,  -10 },   // 0xDF
  {  1546,   5,  11,   6,    1,  -10 },   // 0xE0
  {  1553,   5,  11,   6,    1,  -10 },   // 0xE1
  {  1560,   5,  11,   6,    1,  -10 },   // 0xE2
  {  1567,   5,  11,   6,    1,  -10 },   // 0xE3
  {  1574,   5,  11,   6,    1,  -10 },   // 0xE4
  {  1581,   5,  11,   6,    1,  -10 },   // 0xE5
  {  1588,   5,  11,   6,    1,  -10 },   // 0xE6
  {  1595,   5,  11,   6,    1,  -10 },   // 0xE7
  {  1602,   5,  11,   6,    1,  -10 },   // 0xE8
  {  1609,   5,  11,   6,    1,  -10 },   // 0xE9
  {  1616,   5,  11,   6,    1,  -10 },   // 0xEA
  {  1623,   5,  11,   6,    1,  -10 },   // 0xEB
  {  1630,   5,  11,   6,    1,  -10 },   // 0xEC
  {  1637,   5,  11,   6,    1,  -10 },   // 0xED
  {  1644,   5,  11,   6,    1,  -10 },   // 0xEE
  {  1651,   5,  11,   6,    1,  -10 },   // 0xEF
  {  1658,   5,  11,   6,    1,  -10 },   // 0xF0
  {  1665,   5,  11,   6,    1,  -10 },   // 0xF1
  {  1672,   5,  11,   6,    1,  -10 },   // 0xF2
  {  1679,   5,  11,   6,    1,  -10 },   // 0xF3
  {  1686,   5,  11,   6,    1,  -10 },   // 0xF4
  {  1693,   5,  11,   6,    1,  -10 },   // 0xF5
  {  1700,   5,  11,   6,    1,  -10 },   // 0xF6
  {  1707,   5,  11,   6,    1,  -10 },   // 0xF7
  {  1714,   5,  11,   6,    1,  -10 },   // 0xF8
  {  1721,   5,  11,   6,    1,  -10 },   // 0xF9
  {  1728,   5,  11,   6,    1,  -10 },   // 0xFA
  {  1735,   5,  11,   6,    1,  -10 },   // 0xFB
  {  1742,   5,  11,   6,    1,  -10 },   // 0xFC
  {  1749,   5,  11,   6,    1,  -10 },   // 0xFD
  {  1756,   5,  11,   6,    1,  -10 },   // 0xFE
  {  1763,   5,  11,   6,    1,  -10 },   // 0xFF
  {  1770,   5,  11,   6,    1,  -10 },   // 0x100
  {  1777,   5,  11,   6,    1,  -10 },   // 0x101
  {  1784,   5,  11,   6,    1,  -10 },   // 0x102
  {  1791,   5,  11,   6,    1,  -10 },   // 0x103
  {  1798,   5,  11,   6,    1,  -10 },   // 0x104
  {  1805,   5,  11,   6,    1,  -10 },   // 0x105
  {  1812,   5,  11,   6,    1,  -10 },   // 0x106
  {  1819,   5,  11,   6,    1,  -10 },   // 0x107
  {  1826,   5,  11,   6,    1,  -10 },   // 0x108
  {  1833,   5,  11,   6,    1,  -10 },   // 0x109
  {  1840,   5,  11,   6,    1,  -10 },   // 0x10A
  {  1847,   5,  11,   6,    1,  -10 },   // 0x10B
  {  1854,   5,  11,   6,    1,  -10 },   // 0x10C
  {  1861,   5,  11,   6,    1,  -10 },   // 0x10D
  {  1868,   5,  11,   6,    1,  -10 },   // 0x10E
  {  1875,   5,  11,   6,    1,  -10 },   // 0x10F
  {  1882,   5,  11,   6,    1,  -10 },   // 0x110
  {  1889,   5,  11,   6,    1,  -10 },   // 0x111
  {  1896,   5,  11,   6,    1,  -10 },   // 0x112
  {  1903,   5,  11,   6,    1,  -10 },   // 0x113
  {  1910,   5,  11,   6,    1,  -10 },   // 0x114
  {  1917,   5,  11,   6,    1,  -10 },   // 0x115
  {  1924,   5,  11,   6,    1,  -10 },   // 0x116
  {  1931,   5,  11,   6,    1,  -10 },   // 0x117
  {  1938,   5,  11,   6,    1,  -10 },   // 0x118
  {  1945,   5,  11,   6,    1,  -10 },   // 0x119
  {  1952,   5,  11,   6,    1,  -10 },   // 0x11A
  {  1959,   5,  11,   6,    1,  -10 },   // 0x11B
  {  1966,   5,  11,   6,    1,  -10 },   // 0x11C
  {  1973,   5,  11,   6,    1,  -10 },   // 0x11D
  {  1980,   5,  11,   6,    1,  -10 },   // 0x11E
  {  1987,   5,  11,   6,    1,  -10 },   // 0x11F
  {  1994,   5,  11,   6,    1,  -10 },   // 0x120
  {  2001,   5,  11,   6,    1,  -10 },   // 0x121
  {  2008,   5,  11,   6,    1,  -10 },   // 0x122
  {  2015,   5,  11,   6,    1,  -10 },   // 0x123
  {  2022,   5,  11,   6,    1,  -10 },   // 0x124
  {  2029,   5,  11,   6,    1,  -10 },   // 0x125
  {  2036,   5,  11,   6,    1,  -10 },   // 0x126
  {  2043,   5,  11,   6,    1,  -10 },   // 0x127
  {  2050,   5,  11,   6,    1,  -10 },   // 0x128
  {  2057,   5,  11,   6,    1,  -10 },   // 0x129
  {  2064,   5,  11,   6,    1,  -10 },   // 0x12A
  {  2071,   5,  11,   6,    1,  -10 },   // 0x12B
  {  2078,   5,  11,   6,    1,  -10 },   // 0x12C
  {  2085,   5,  11,   6,    1,  -10 },   // 0x12D
  {  2092,   5,  11,   6,    1,  -10 },   // 0x12E
  {  2099,   5,  11,   6,    1,  -10 },   // 0x12F
  {  2106,   5,  11,   6,    1,  -10 },   // 0x130
  {  2113,   5,  11,   6,    1,  -10 },   // 0x131
  {  2120,   5,  11,   6,    1,  -10 },   // 0x132
  {  2127,   5,  11,   6,    1,  -10 },   // 0x133
  {  2134,   5,  11,   6,    1,  -10 },   // 0x134
  {  2141,   5,  11,   6,    1,  -10 },   // 0x135
  {  2148,   5,  11,   6,    1,  -10 },   // 0x136
  {  2155,   5,  11,   6,    1,  -10 },   // 0x137
  {  2162,   5,  11,   6,    1,  -10 },   // 0x138
  {  2169,   5,  11,   6,    1,  -10 },   // 0x139
  {  2176,   5,  11,   6,    1,  -10 },   // 0x13A
  {  2183,   5,  11,   6,    1,  -10 },   // 0x13B
  {  2190,   5,  11,   6,    1,  -10 },   // 0x13C
  {  2197,   5,  11,   6,    1,  -10 },   // 0x13D
  {  2204,   5,  11,   6,    1,  -10 },   // 0x13E
  {  2211,   5,  11,   6,    1,  -10 },   // 0x13F
  {  2218,   5,  11,   6,    1,  -10 },   // 0x140
  {  2225,   5,  11,   6,    1,  -10 },   // 0x141
  {  2232,   5,  11,   6,    1,  -10 },   // 0x142
  {  2239,   5,  11,   6,    1,  -10 },   // 0x143
  {  2246,   5,  11,   6,    1,  -10 },   // 0x144
  {  2253,   5,  11,   6,    1,  -10 },   // 0x145
  {  2260,   5,  11,   6,    1,  -10 },   // 0x146
  {  2267,   5,  11,   6,    1,  -10 },   // 0x147
  {  2274,   5,  11,   6,    1,  -10 },   // 0x148
  {  2281,   5,  11,   6,    1,  -10 },   // 0x149
  {  2288,   5,  11,   6,    1,  -10 },   // 0x14A
  {  2295,   5,  11,   6,    1,  -10 },   // 0x14B
  {  2302,   5,  11,   6,    1,  -10 },   // 0x14C
  {  2309,   5,  11,   6,    1,  -10 },   // 0x14D
  {  2316,   5,  11,   6,    1,  -10 },   // 0x14E
  {  2323,   5,  11,   6,    1,  -10 },   // 0x14F
  {  2330,   5,  11,   6,    1,  -10 },   // 0x150
  {  2337,   5,  11,   6,    1,  -10 },   // 0x151
  {  2344,   5,  11,   6,    1,  -10 },   // 0x152
  {  2351,   5,  11,   6,    1,  -10 },   // 0x153
  {  2358,   5,  11,   6,    1,  -10 },   // 0x154
  {  2365,   5,  11,   6,    1,  -10 },   // 0x155
  {  2372,   5,  11,   6,    1,  -10 },   // 0x156
  {  2379,   5,  11,   6,    1,  -10 },   // 0x157
  {  2386,   5,  11,   6,    1,  -10 },   // 0x158
  {  2393,   5,  11,   6,    1,  -10 },   // 0x159
  {  2400,   5,  11,   6,    1,  -10 },   // 0x15A
  {  2407,   5,  11,   6,    1,  -10 },   // 0x15B
  {  2414,   5,  11,   6,    1,  -10 },   // 0x15C
  {  2421,   5,  11,   6,    1,  -10 },   // 0x15D
  {  2428,   5,  11,   6,    1,  -10 },   // 0x15E
  {  2435,   5,  11,   6,    1,  -10 },   // 0x15F
  {  2442,   5,  11,   6,    1,  -10 },   // 0x160
  {  2449,   5,  11,   6,    1,  -10 },   // 0x161
  {  2456,   5,  11,   6,    1,  -10 },   // 0x162
  {  2463,   5,  11,   6,    1,  -10 },   // 0x163
  {  2470,   5,  11,   6,    1,  -10 },   // 0x164
  {  2477,   5,  11,   6,    1,  -10 },   // 0x165
  {  2484,   5,  11,   6,    1,  -10 },   // 0x166
  {  2491,   5,  11,   6,    1,  -10 },   // 0x167
  {  2498,   5,  11,   6,    1,  -10 },   // 0x168
  {  2505,   5,  11,   6,    1,  -10 },   // 0x169
  {  2512,   5,  11,   6,    1,  -10 },   // 0x16A
  {  2519,   5,  11,   6,    1,  -10 },   // 0x16B
  {  2526,   5,  11,   6,    1,  -10 },   // 0x16C
  {  2533,   5,  11,   6,    1,  -10 },   // 0x16D
  {  2540,   5,  11,   6,    1,  -10 },   // 0x16E
  {  2547,   5,  11,   6,    1,  -10 },   // 0x16F
  {  2554,   5,  11,   6,    1,  -10 },   // 0x170
  {  2561,   5,  11,   6,    1,  -10 },   // 0x171
  {  2568,   5,  11,   6,    1,  -10 },   // 0x172
  {  2575,   5,  11,   6,    1,  -10 },   // 0x173
  {  2582,   5,  11,   6,    1,  -10 },   // 0x174
  {  2589,   5,  11,   6,    1,  -10 },   // 0x175
  {  2596,   5,  11,   6,    1,  -10 },   // 0x176
  {  2603,   5,  11,   6,    1,  -10 },   // 0x177
  {  2610,   5,  11,   6,    1,  -10 },   // 0x178
  {  2617,   5,  11,   6,    1,  -10 },   // 0x179
  {  2624,   5,  11,   6,    1,  -10 },   // 0x17A
  {  2631,   5,  11,   6,    1,  -10 },   // 0x17B
  {  2638,   5,  11,   6,    1,  -10 },   // 0x17C
  {  2645,   5,  11,   6,    1,  -10 },   // 0x17D
  {  2652,   5,  11,   6,    1,  -10 },   // 0x17E
  {  2659,   5,  11,   6,    1,  -10 },   // 0x17F
  {  2666,   5,  11,   6,    1,  -10 },   // 0x180
  {  2673,   5,  11,   6,    1,  -10 },   // 0x181
  {  2680,   5,  11,   6,    1,  -10 },   // 0x182
  {  2687,   5,  11,   6,    1,  -10 },   // 0x183
  {  2694,   5,  11,   6,    1,  -10 },   // 0x184
  {  2701,   5,  11,   6,    1,  -10 },   // 0x185
  {  2708,   5,  11,   6,    1,  -10 },   // 0x186
  {  2715,   5,  11,   6,    1,  -10 },   // 0x187
  {  2722,   5,  11,   6,    1,  -10 },   // 0x188
  {  2729,   5,  11,   6,    1,  -10 },   // 0x189
  {  2736,   5,  11,   6,    1,  -10 },   // 0x18A
  {  2743,   5,  11,   6,    1,  -10 },   // 0x18B
  {  2750,   5,  11,   6,    1,  -10 },   // 0x18C
  {  2757,   5,  11,   6,    1,  -10 },   // 0x18D
  {  2764,   5,  11,   6,    1,  -10 },   // 0x18E
  {  2771,   5,  11,   6,    1,  -10 },   // 0x18F
  {  2778,   5,  11,   6,    1,  -10 },   // 0x190
  {  2785,   5,  11,   6,    1,  -10 },   // 0x191
  {  2792,   5,  11,   6,    1,  -10 },   // 0x192
  {  2799,   5,  11,   6,    1,  -10 },   // 0x193
  {  2806,   5,  11,   6,    1,  -10 },   // 0x194
  {  2813,   5,  11,   6,    1,  -10 },   // 0x195
  {  2820,   5,  11,   6,    1,  -10 },   // 0x196
  {  2827,   5,  11,   6,    1,  -10 },   // 0x197
  {  2834,   5,  11,   6,    1,  -10 },   // 0x198
  {  2841,   5,  11,   6,    1,  -10 },   // 0x199
  {  2848,   5,  11,   6,    1,  -10 },   // 0x19A
  {  2855,   5,  11,   6,    1,  -10 },   // 0x19B
  {  2862,   5,  11,   6,    1,  -10 },   // 0x19C
  {  2869,   5,  11,   6,    1,  -10 },   // 0x19D
  {  2876,   5,  11,   6,    1,  -10 },   // 0x19E
  {  2883,   5,  11,   6,    1,  -10 },   // 0x19F
  {  2890,   5,  11,   6,    1,  -10 },   // 0x1A0
  {  2897,   5,  11,   6,    1,  -10 },   // 0x1A1
  {  2904,   5,  11,   6,    1,  -10 },   // 0x1A2
  {  2911,   5,  11,   6,    1,  -10 },   // 0x1A3
  {  2918,   5,  11,   6,    1,  -10 },   // 0x1A4
  {  2925,   5,  11,   6,    1,  -10 },   // 0x1A5
  {  2932,   5,  11,   6,    1,  -10 },   // 0x1A6
  {  2939,   5,  11,   6,    1,  -10 },   // 0x1A7
  {  2946,   5,  11,   6,    1,  -10 },   // 0x1A8
  {  2953,   5,  11,   6,    1,  -10 },   // 0x1A9
  {  2960,   5,  11,   6,    1,  -10 },   // 0x1AA
  {  2967,   5,  11,   6,    1,  -10 },   // 0x1AB
  {  2974,   5,  11,   6,    1,  -10 },   // 0x1AC
  {  2981,   5,  11,   6,    1,  -10 },   // 0x1AD
  {  2988,   5,  11,   6,    1,  -10 },   // 0x1AE
  {  2995,   5,  11,   6,    1,  -10 },   // 0x1AF
  {  3002,   5,  11,   6,    1,  -10 },   // 0x1B0
  {  3009,   5,  11,   6,    1,  -10 },   // 0x1B1
  {  3016,   5,  11,   6,    1,  -10 },   // 0x1B2
  {  3023,   5,  11,   6,    1,  -10 },   // 0x1B3
  {  3030,   5,  11,   6,    1,  -10 },   // 0x1B4
  {  3037,   5,  11,   6,    1,  -10 },   // 0x1B5
  {  3044,   5,  11,   6,    1,  -10 },   // 0x1B6
  {  3051,   5,  11,   6,    1,  -10 },   // 0x1B7
  {  3058,   5,  11,   6,    1,  -10 },   // 0x1B8
  {  3065,   5,  11,   6,    1,  -10 },   // 0x1B9
  {  3072,   5,  11,   6,    1,  -10 },   // 0x1BA
  {  3079,   5,  11,   6,    1,  -10 },   // 0x1BB
  {  3086,   5,  11,   6,    1,  -10 },   // 0x1BC
  {  3093,   5,  11,   6,    1,  -10 },   // 0x1BD
  {  3100,   5,  11,   6,    1,  -10 },   // 0x1BE
  {  3107,   5,  11,   6,    1,  -10 },   // 0x1BF
  {  3114,   5,  11,   6,    1,  -10 },   // 0x1C0
  {  3121,   5,  11,   6,    1,  -10 },   // 0x1C1
  {  3128,   5,  11,   6,    1,  -10 },   // 0x1C2
  {  3135,   5,  11,   6,    1,  -10 },   // 0x1C3
  {  3142,   5,  11,   6,    1,  -10 },   // 0x1C4
  {  3149,   5,  11,   6,    1,  -10 },   // 0x1C5
  {  3156,   5,  11,   6,    1,  -10 },   // 0x1C6
  {  3163,   5,  11,   6,    1,  -10 },   // 0x1C7
  {  3170,   5,  11,   6,    1,  -10 },   // 0x1C8
  {  3177,   5,  11,   6,    1,  -10 },   // 0x1C9
  {  3184,   5,  11,   6,    1,  -10 },   // 0x1CA
  {  3191,   5,  11,   6,    1,  -10 },   // 0x1CB
  {  3198,   5,  11,   6,    1,  -10 },   // 0x1CC
  {  3205,   5,  11,   6,    1,  -10 },   // 0x1CD
  {  3212,   5,  11,   6,    1,  -10 },   // 0x1CE
  {  3219,   5,  11,   6,    1,  -10 },   // 0x1CF
  {  3226,   5,  11,   6,    1,  -10 },   // 0x1D0
  {  3233,   5,  11,   6,    1,  -10 },   // 0x1D1
  {  3240,   5,  11,   6,    1,  -10 },   // 0x1D2
  {  3247,   5,  11,   6,    1,  -10 },   // 0x1D3
  {  3254,   5,  11,   6,    1,  -10 },   // 0x1D4
  {  3261,   5,  11,   6,    1,  -10 },   // 0x1D5
  {  3268,   5,  11,   6,    1,  -10 },   // 0x1D6
  {  3275,   5,  11,   6,    1,  -10 },   // 0x1D7
  {  3282,   5,  11,   6,    1,  -10 },   // 0x1D8
  {  3289,   5,  11,   6,    1,  -10 },   // 0x1D9
  {  3296,   5,  11,   6,    1,  -10 },   // 0x1DA
  {  3303,   5,  11,   6,    1,  -10 },   // 0x1DB
  {  3310,   5,  11,   6,    1,  -10 },   // 0x1DC
  {  3317,   5,  11,   6,    1,  -10 },   // 0x1DD
  {  3324,   5,  11,   6,    1,  -10 },   // 0x1DE
  {  3331,   5,  11,   6,    1,  -10 },   // 0x1DF
  {  3338,   5,  11,   6,    1,  -10 },   // 0x1E0
  {  3345,   5,  11,   6,    1,  -10 },   // 0x1E1
  {  3352,   5,  11,   6,    1,  -10 },   // 0x1E2
  {  3359,   5,  11,   6,    1,  -10 },   // 0x1E3
  {  3366,   5,  11,   6,    1,  -10 },   // 0x1E4
  {  3373,   5,  11,   6,    1,  -10 },   // 0x1E5
  {  3380,   5,  11,   6,    1,  -10 },   // 0x1E6
  {  3387,   5,  11,   6,    1,  -10 },   // 0x1E7
  {  3394,   5,  11,   6,    1,  -10 },   // 0x1E8
  {  3401,   5,  11,   6,    1,  -10 },   // 0x1E9
  {  3408,   5,  11,   6,    1,  -10 },   // 0x1EA
  {  3415,   5,  11,   6,    1,  -10 },   // 0x1EB
  {  3422,   5,  11,   6,    1,  -10 },   // 0x1EC
  {  3429,   5,  11,   6,    1,  -10 },   // 0x1ED
  {  3436,   5,  11,   6,    1,  -10 },   // 0x1EE
  {  3443,   5,  11,   6,    1,  -10 },   // 0x1EF
  {  3450,   5,  11,   6,    1,  -10 },   // 0x1F0
  {  3457,   5,  11,   6,    1,  -10 },   // 0x1F1
  {  3464,   5,  11,   6,    1,  -10 },   // 0x1F2
  {  3471,   5,  11,   6,    1,  -10 },   // 0x1F3
  {  3478,   5,  11,   6,    1,  -10 },   // 0x1F4
  {  3485,   5,  11,   6,    1,  -10 },   // 0x1F5
  {  3492,   5,  11,   6,    1,  -10 },   // 0x1F6
  {  3499,   5,  11,   6,    1,  -10 },   // 0x1F7
  {  3506,   5,  11,   6,    1,  -10 },   // 0x1F8
  {  3513,   5,  11,   6,    1,  -10 },   // 0x1F9
  {  3520,   5,  11,   6,    1,  -10 },   // 0x1FA
  {  3527,   5,  11,   6,    1,  -10 },   // 0x1FB
  {  3534,   5,  11,   6,    1,  -10 },   // 0x1FC
  {  3541,   5,  11,   6,    1,  -10 },   // 0x1FD
  {  3548,   5,  11,   6,    1,  -10 },   // 0x1FE
  {  3555,   5,  11,   6,    1,  -10 },   // 0x1FF
  {  3562,   5,  11,   6,    1,  -10 },   // 0x200
  {  3569,   5,  11,   6,    1,  -10 },   // 0x201
  {  3576,   5,  11,   6,    1,  -10 },   // 0x202
  {  3583,   5,  11,   6,    1,  -10 },   // 0x203
  {  3590,   5,  11,   6,    1,  -10 },   // 0x204
  {  3597,   5,  11,   6,    1,  -10 },   // 0x205
  {  3604,   5,  11,   6,    1,  -10 },   // 0x206
  {  3611,   5,  11,   6,    1,  -10 },   // 0x207
  {  3618,   5,  11,   6,    1,  -10 },   // 0x208
  {  3625,   5,  11,   6,    1,  -10 },   // 0x209
  {  3632,   5,  11,   6,    1,  -10 },   // 0x20A
  {  3639,   5,  11,   6,    1,  -10 },   // 0x20B
  {  3646,   5,  11,   6,    1,  -10 },   // 0x20C
  {  3653,   5,  11,   6,    1,  -10 },   // 0x20D
  {  3660,   5,  11,   6,    1,  -10 },   // 0x20E
  {  3667,   5,  11,   6,    1,  -10 },   // 0x20F
  {  3674,   5,  11,   6,    1,  -10 },   // 0x210
  {  3681,   5,  11,   6,    1,  -10 },   // 0x211
  {  3688,   5,  11,   6,    1,  -10 },   // 0x212
  {  3695,   5,  11,   6,    1,  -10 },   // 0x213
  {  3702,   5,  11,   6,    1,  -10 },   // 0x214
  {  3709,   5,  11,   6,    1,  -10 },   // 0x215
  {  3716,   5,  11,   6,    1,  -10 },   // 0x216
  {  3723,   5,  11,   6,    1,  -10 },   // 0x217
  {  3730,   5,  11,   6,    1,  -10 },   // 0x218
  {  3737,   5,  11,   6,    1,  -10 },   // 0x219
  {  3744,   5,  11,   6,    1,  -10 },   // 0x21A
  {  3751,   5,  11,   6,    1,  -10 },   // 0x21B
  {  3758,   5,  11,   6,    1,  -10 },   // 0x21C
  {  3765,   5,  11,   6,    1,  -10 },   // 0x21D
  {  3772,   5,  11,   6,    1,  -10 },   // 0x21E
  {  3779,   5,  11,   6,    1,  -10 },   // 0x21F
  {  3786,   5,  11,   6,    1,  -10 },   // 0x220
  {  3793,   5,  11,   6,    1,  -10 },   // 0x221
  {  3800,   5,  11,   6,    1,  -10 },   // 0x222
  {  3807,   5,  11,   6,    1,  -10 },   // 0x223
  {  3814,   5,  11,   6,    1,  -10 },   // 0x224
  {  3821,   5,  11,   6,    1,  -10 },   // 0x225
  {  3828,   5,  11,   6,    1,  -10 },   // 0x226
  {  3835,   5,  11,   6,    1,  -10 },   // 0x227
  {  3842,   5,  11,   6,    1,  -10 },   // 0x228
  {  3849,   5,  11,   6,    1,  -10 },   // 0x229
  {  3856,   5,  11,   6,    1,  -10 },   // 0x22A
  {  3863,   5,  11,   6,    1,  -10 },   // 0x22B
  {  3870,   5,  11,   6,    1,  -10 },   // 0x22C
  {  3877,   5,  11,   6,    1,  -10 },   // 0x22D
  {  3884,   5,  11,   6,    1,  -10 },   // 0x22E
  {  3891,   5,  11,   6,    1,  -10 },   // 0x22F
  {  3898,   5,  11,   6,    1,  -10 },   // 0x230
  {  3905,   5,  11,   6,    1,  -10 },   // 0x231
  {  3912,   5,  11,   6,    1,  -10 },   // 0x232
  {  3919,   5,  11,   6,    1,  -10 },   // 0x233
  {  3926,   5,  11,   6,    1,  -10 },   // 0x234
  {  3933,   5,  11,   6,    1,  -10 },   // 0x235
  {  3940,   5,  11,   6,    1,  -10 },   // 0x236
  {  3947,   5,  11,   6,    1,  -10 },   // 0x237
  {  3954,   5,  11,   6,    1,  -10 },   // 0x238
  {  3961,   5,  11,   6,    1,  -10 },   // 0x239
  {  3968,   5,  11,   6,    1,  -10 },   // 0x23A
  {  3975,   5,  11,   6,    1,  -10 },   // 0x23B
  {  3982,   5,  11,   6,    1,  -10 },   // 0x23C
  {  3989,   5,  11,   6,    1,  -10 },   // 0x23D
  {  3996,   5,  11,   6,    1,  -10 },   // 0x23E
  {  4003,   5,  11,   6,    1,  -10 },   // 0x23F
  {  4010,   5,  11,   6,    1,  -10 },   // 0x240
  {  4017,   5,  11,   6,    1,  -10 },   // 0x241
  {  4024,   5,  11,   6,    1,  -10 },   // 0x242
  {  4031,   5,  11,   6,    1,  -10 },   // 0x243
  {  4038,   5,  11,   6,    1,  -10 },   // 0x244
  {  4045,   5,  11,   6,    1,  -10 },   // 0x245
  {  4052,   5,  11,   6,    1,  -10 },   // 0x246
  {  4059,   5,  11,   6,    1,  -10 },   // 0x247
  {  4066,   5,  11,   6,    1,  -10 },   // 0x248
  {  4073,   5,  11,   6,    1,  -10 },   // 0x249
  {  4080,   5,  11,   6,    1,  -10 },   // 0x24A
  {  4087,   5,  11,   6,    1,  -10 },   // 0x24B
  {  4094,   5,  11,   6,    1,  -10 },   // 0x24C
  {  4101,   5,  11,   6,    1,  -10 },   // 0x24D
  {  4108,   5,  11,   6,    1,  -10 },   // 0x24E
  {  4115,   5,  11,   6,    1,  -10 },   // 0x24F
  {  4122,   5,  11,   6,    1,  -10 },   // 0x250
  {  4129,   5,  11,   6,    1,  -10 },   // 0x251
  {  4136,   5,  11,   6,    1,  -10 },   // 0x252
  {  4143,   5,  11,   6,    1,  -10 },   // 0x253
  {  4150,   5,  11,   6,    1,  -10 },   // 0x254
  {  4157,   5,  11,   6,    1,  -10 },   // 0x255
  {  4164,   5,  11,   6,    1,  -10 },   // 0x256
  {  4171,   5,  11,   6,    1,  -10 },   // 0x257
  {  4178,   5,  11,   6,    1,  -10 },   // 0x258
  {  4185,   5,  11,   6,    1,  -10 },   // 0x259
  {  4192,   5,  11,   6,    1,  -10 },   // 0x25A
  {  4199,   5,  11,   6,    1,  -10 },   // 0x25B
  {  4206,   5,  11,   6,    1,  -10 },   // 0x25C
  {  4213,   5,  11,   6,    1,  -10 },   // 0x25D
  {  4220,   5,  11,   6,    1,  -10 },   // 0x25E
  {  4227,   5,  11,   6,    1,  -10 },   // 0x25F
  {  4234,   5,  11,   6,    1,  -10 },   // 0x260
  {  4241,   5,  11,   6,    1,  -10 },   // 0x261
  {  4248,   5,  11,   6,    1,  -10 },   // 0x262
  {  4255,   5,  11,   6,    1,  -10 },   // 0x263
  {  4262,   5,  11,   6,    1,  -10 },   // 0x264
  {  4269,   5,  11,   6,    1,  -10 },   // 0x265
  {  4276,   5,  11,   6,    1,  -10 },   // 0x266
  {  4283,   5,  11,   6,    1,  -10 },   // 0x267
  {  4290,   5,  11,   6,    1,  -10 },   // 0x268
  {  4297,   5,  11,   6,    1,  -10 },   // 0x269
  {  4304,   5,  11,   6,    1,  -10 },   // 0x26A
  {  4311,   5,  11,   6,    1,  -10 },   // 0x26B
  {  4318,   5,  11,   6,    1,  -10 },   // 0x26C
  {  4325,   5,  11,   6,    1,  -10 },   // 0x26D
  {  4332,   5,  11,   6,    1,  -10 },   // 0x26E
  {  4339,   5,  11,   6,    1,  -10 },   // 0x26F
  {  4346,   5,  11,   6,    1,  -10 },   // 0x270
  {  4353,   5,  11,   6,    1,  -10 },   // 0x271
  {  4360,   5,  11,   6,    1,  -10 },   // 0x272
  {  4367,   5,  11,   6,    1,  -10 },   // 0x273
  {  4374,   5,  11,   6,    1,  -10 },   // 0x274
  {  4381,   5,  11,   6,    1,  -10 },   // 0x275
  {  4388,   5,  11,   6,    1,  -10 },   // 0x276
  {  4395,   5,  11,   6,    1,  -10 },   // 0x277
  {  4402,   5,  11,   6,    1,  -10 },   // 0x278
  {  4409,   5,  11,   6,    1,  -10 },   // 0x279
  {  4416,   5,  11,   6,    1,  -10 },   // 0x27A
  {  4423,   5,  11,   6,    1,  -10 },   // 0x27B
  {  4430,   5,  11,   6,    1,  -10 },   // 0x27C
  {  4437,   5,  11,   6,    1,  -10 },   // 0x27D
  {  4444,   5,  11,   6,    1,  -10 },   // 0x27E
  {  4451,   5,  11,   6,    1,  -10 },   // 0x27F
  {  4458,   5,  11,   6,    1,  -10 },   // 0x280
  {  4465,   5,  11,   6,    1,  -10 },   // 0x281
  {  4472,   5,  11,   6,    1,  -10 },   // 0x282
  {  4479,   5,  11,   6,    1,  -10 },   // 0x283
  {  4486,   5,  11,   6,    1,  -10 },   // 0x284
  {  4493,   5,  11,   6,    1,  -10 },   // 0x285
  {  4500,   5,  11,   6,    1,  -10 },   // 0x286
  {  4507,   5,  11,   6,    1,  -10 },   // 0x287
  {  4514,   5,  11,   6,    1,  -10 },   // 0x288
  {  4521,   5,  11,   6,    1,  -10 },   // 0x289
  {  4528,   5,  11,   6,    1,  -10 },   // 0x28A
  {  4535,   5,  11,   6,    1,  -10 },   // 0x28B
  {  4542,   5,  11,   6,    1,  -10 },   // 0x28C
  {  4549,   5,  11,   6,    1,  -10 },   // 0x28D
  {  4556,   5,  11,   6,    1,  -10 },   // 0x28E
  {  4563,   5,  11,   6,    1,  -10 },   // 0x28F
  {  4570,   5,  11,   6,    1,  -10 },   // 0x290
  {  4577,   5,  11,   6,    1,  -10 },   // 0x291
  {  4584,   5,  11,   6,    1,  -10 },   // 0x292
  {  4591,   5,  11,   6,    1,  -10 },   // 0x293
  {  4598,   5,  11,   6,    1,  -10 },   // 0x294
  {  4605,   5,  11,   6,    1,  -10 },   // 0x295
  {  4612,   5,  11,   6,    1,  -10 },   // 0x296
  {  4619,   5,  11,   6,    1,  -10 },   // 0x297
  {  4626,   5,  11,   6,    1,  -10 },   // 0x298
  {  4633,   5,  11,   6,    1,  -10 },   // 0x299
  {  4640,   5,  11,   6,    1,  -10 },   // 0x29A
  {  4647,   5,  11,   6,    1,  -10 },   // 0x29B
  {  4654,   5,  11,   6,    1,  -10 },   // 0x29C
  {  4661,   5,  11,   6,    1,  -10 },   // 0x29D
  {  4668,   5,  11,   6,    1,  -10 },   // 0x29E
  {  4675,   5,  11,   6,    1,  -10 },   // 0x29F
  {  4682,   5,  11,   6,    1,  -10 },   // 0x2A0
  {  4689,   5,  11,   6,    1,  -10 },   // 0x2A1
  {  4696,   5,  11,   6,    1,  -10 },   // 0x2A2
  {  4703,   5,  11,   6,    1,  -10 },   // 0x2A3
  {  4710,   5,  11,   6,    1,  -10 },   // 0x2A4
  {  4717,   5,  11,   6,    1,  -10 },   // 0x2A5
  {  4724,   5,  11,   6,    1,  -10 },   // 0x2A6
  {  4731,   5,  11,   6,    1,  -10 },   // 0x2A7
  {  4738,   5,  11,   6,    1,  -10 },   // 0x2A8
  {  4745,   5,  11,   6,    1,  -10 },   // 0x2A9
  {  4752,   5,  11,   6,    1,  -10 },   // 0x2AA
  {  4759,   5,  11,   6,    1,  -10 },   // 0x2AB
  {  4766,   5,  11,   6,    1,  -10 },   // 0x2AC
  {  4773,   5,  11,   6,    1,  -10 },   // 0x2AD
  {  4780,   5,  11,   6,    1,  -10 },   // 0x2AE
  {  4787,   5,  11,   6,    1,  -10 },   // 0x2AF
  {  4794,   5,  11,   6,    1,  -10 },   // 0x2B0
  {  4801,   5,  11,   6,    1,  -10 },   // 0x2B1
  {  4808,   5,  11,   6,    1,  -10 },   // 0x2B2
  {  4815,   5,  11,   6,    1,  -10 },   // 0x2B3
  {  4822,   5,  11,   6,    1,  -10 },   // 0x2B4
  {  4829,   5,  11,   6,    1,  -10 },   // 0x2B5
  {  4836,   5,  11,   6,    1,  -10 },   // 0x2B6
  {  4843,   5,  11,   6,    1,  -10 },   // 0x2B7
  {  4850,   5,  11,   6,    1,  -10 },   // 0x2B8
  {  4857,   5,  11,   6,    1,  -10 },   // 0x2B9
  {  4864,   5,  11,   6,    1,  -10 },   // 0x2BA
  {  4871,   5,  11,   6,    1,  -10 },   // 0x2BB
  {  4878,   5,  11,   6,    1,  -10 },   // 0x2BC
  {  4885,   5,  11,   6,    1,  -10 },   // 0x2BD
  {  4892,   5,  11,   6,    1,  -10 },   // 0x2BE
  {  4899,   5,  11,   6,    1,  -10 },   // 0x2BF
  {  4906,   5,  11,   6,    1,  -10 },   // 0x2C0
  {  4913,   5,  11,   6,    1,  -10 },   // 0x2C1
  {  4920,   5,  11,   6,    1,  -10 },   // 0x2C2
  {  4927,   5,  11,   6,    1,  -10 },   // 0x2C3
  {  4934,   5,  11,   6,    1,  -10 },   // 0x2C4
  {  4941,   5,  11,   6,    1,  -10 },   // 0x2C5
  {  4948,   5,   3,   9,    2,  -12 },   // 0x2C6
  {  4950,   5,  11,   6,    1,  -10 },   // 0x2C7
  {  4957,   5,  11,   6,    1,  -10 },   // 0x2C8
  {  4964,   5,  11,   6,    1,  -10 },   // 0x2C9
  {  4971,   5,  11,   6,    1,  -10 },   // 0x2CA
  {  4978,   5,  11,   6,    1,  -10 },   // 0x2CB
  {  4985,   5,  11,   6,    1,  -10 },   // 0x2CC
  {  4992,   5,  11,   6,    1,  -10 },   // 0x2CD
  {  4999,   5,  11,   6,    1,  -10 },   // 0x2CE
  {  5006,   5,  11,   6,    1,  -10 },   // 0x2CF
  {  5013,   5,  11,   6,    1,  -10 },   // 0x2D0
  {  5020,   5,  11,   6,    1,  -10 },   // 0x2D1
  {  5027,   5,  11,   6,    1,  -10 },   // 0x2D2
  {  5034,   5,  11,   6,    1,  -10 },   // 0x2D3
  {  5041,   5,  11,   6,    1,  -10 },   // 0x2D4
  {  5048,   5,  11,   6,    1,  -10 },   // 0x2D5
  {  5055,   5,  11,   6,    1,  -10 },   // 0x2D6
  {  5062,   5,  11,   6,    1,  -10 },   // 0x2D7
  {  5069,   5,  11,   6,    1,  -10 },   // 0x2D8
  {  5076,   5,  11,   6,    1,  -10 },   // 0x2D9
  {  5083,   4,   3,   9,    3,  -12 },   // 0x2DA
  {  5085,   5,  11,   6,    1,  -10 },   // 0x2DB
  {  5092,   6,   2,   9,    2,  -11 },   // 0x2DC
  {  5094,   5,  11,   6,    1,  -10 },   // 0x2DD
  {  5101,   5,  11,   6,    1,  -10 },   // 0x2DE
  {  5108,   5,  11,   6,    1,  -10 },   // 0x2DF
  {  5115,   5,  11,   6,    1,  -10 },   // 0x2E0
  {  5122,   5,  11,   6,    1,  -10 },   // 0x2E1
  {  5129,   5,  11,   6,    1,  -10 },   // 0x2E2
  {  5136,   5,  11,   6,    1,  -10 },   // 0x2E3
  {  5143,   5,  11,   6,    1,  -10 },   // 0x2E4
  {  5150,   5,  11,   6,    1,  -10 },   // 0x2E5
  {  5157,   5,  11,   6,    1,  -10 },   // 0x2E6
  {  5164,   5,  11,   6,    1,  -10 },   // 0x2E7
  {  5171,   5,  11,   6,    1,  -10 },   // 0x2E8
  {  5178,   5,  11,   6,    1,  -10 },   // 0x2E9
  {  5185,   5,  11,   6,    1,  -10 },   // 0x2EA
  {  5192,   5,  11,   6,    1,  -10 },   // 0x2EB
  {  5199,   5,  11,   6,    1,  -10 },   // 0x2EC
  {  5206,   5,  11,   6,    1,  -10 },   // 0x2ED
  {  5213,   5,  11,   6,    1,  -10 },   // 0x2EE
  {  5220,   5,  11,   6,    1,  -10 },   // 0x2EF
  {  5227,   5,  11,   6,    1,  -10 },   // 0x2F0
  {  5234,   5,  11,   6,    1,  -10 },   // 0x2F1
  {  5241,   5,  11,   6,    1,  -10 },   // 0x2F2
  {  5248,   5,  11,   6,    1,  -10 },   // 0x2F3
  {  5255,   5,  11,   6,    1,  -10 },   // 0x2F4
  {  5262,   5,  11,   6,    1,  -10 },   // 0x2F5
  {  5269,   5,  11,   6,    1,  -10 },   // 0x2F6
  {  5276,   5,  11,   6,    1,  -10 },   // 0x2F7
  {  5283,   5,  11,   6,    1,  -10 },   // 0x2F8
  {  5290,   5,  11,   6,    1,  -10 },   // 0x2F9
  {  5297,   5,  11,   6,    1,  -10 },   // 0x2FA
  {  5304,   5,  11,   6,    1,  -10 },   // 0x2FB
  {  5311,   5,  11,   6,    1,  -10 },   // 0x2FC
  {  5318,   5,  11,   6,    1,  -10 },   // 0x2FD
  {  5325,   5,  11,   6,    1,  -10 },   // 0x2FE
  {  5332,   5,  11,   6,    1,  -10 },   // 0x2FF
  {  5339,   5,  11,   6,    1,  -10 },   // 0x300
  {  5346,   5,  11,   6,    1,  -10 },   // 0x301
  {  5353,   5,  11,   6,    1,  -10 },   // 0x302
  {  5360,   5,  11,   6,    1,  -10 },   // 0x303
  {  5367,   5,  11,   6,    1,  -10 },   // 0x304
  {  5374,   5,  11,   6,    1,  -10 },   // 0x305
  {  5381,   5,  11,   6,    1,  -10 },   // 0x306
  {  5388,   5,  11,   6,    1,  -10 },   // 0x307
  {  5395,   5,  11,   6,    1,  -10 },   // 0x308
  {  5402,   5,  11,   6,    1,  -10 },   // 0x309
  {  5409,   5,  11,   6,    1,  -10 },   // 0x30A
  {  5416,   5,  11,   6,    1,  -10 },   // 0x30B
  {  5423,   5,  11,   6,    1,  -10 },   // 0x30C
  {  5430,   5,  11,   6,    1,  -10 },   // 0x30D
  {  5437,   5,  11,   6,    1,  -10 },   // 0x30E
  {  5444,   5,  11,   6,    1,  -10 },   // 0x30F
  {  5451,   5,  11,   6,    1,  -10 },   // 0x310
  {  5458,   5,  11,   6,    1,  -10 },   // 0x311
  {  5465,   5,  11,   6,    1,  -10 },   // 0x312
  {  5472,   5,  11,   6,    1,  -10 },   // 0x313
  {  5479,   5,  11,   6,    1,  -10 },   // 0x314
  {  5486,   5,  11,   6,    1,  -10 },   // 0x315
  {  5493,   5,  11,   6,    1,  -10 },   // 0x316
  {  5500,   5,  11,   6,    1,  -10 },   // 0x317
  {  5507,   5,  11,   6,    1,  -10 },   // 0x318
  {  5514,   5,  11,   6,    1,  -10 },   // 0x319
  {  5521,   5,  11,   6,    1,  -10 },   // 0x31A
  {  5528,   5,  11,   6,    1,  -10 },   // 0x31B
  {  5535,   5,  11,   6,    1,  -10 },   // 0x31C
  {  5542,   5,  11,   6,    1,  -10 },   // 0x31D
  {  5549,   5,  11,   6,    1,  -10 },   // 0x31E
  {  5556,   5,  11,   6,    1,  -10 },   // 0x31F
  {  5563,   5,  11,   6,    1,  -10 },   // 0x320
  {  5570,   5,  11,   6,    1,  -10 },   // 0x321
  {  5577,   5,  11,   6,    1,  -10 },   // 0x322
  {  5584,   5,  11,   6,    1,  -10 },   // 0x323
  {  5591,   5,  11,   6,    1,  -10 },   // 0x324
  {  5598,   5,  11,   6,    1,  -10 },   // 0x325
  {  5605,   5,  11,   6,    1,  -10 },   // 0x326
  {  5612,   5,  11,   6,    1,  -10 },   // 0x327
  {  5619,   5,  11,   6,    1,  -10 },   // 0x328
  {  5626,   5,  11,   6,    1,  -10 },   // 0x329
  {  5633,   5,  11,   6,    1,  -10 },   // 0x32A
  {  5640,   5,  11,   6,    1,  -10 },   // 0x32B
  {  5647,   5,  11,   6,    1,  -10 },   // 0x32C
  {  5654,   5,  11,   6,    1,  -10 },   // 0x32D
  {  5661,   5,  11,   6,    1,  -10 },   // 0x32E
  {  5668,   5,  11,   6,    1,  -10 },   // 0x32F
  {  5675,   5,  11,   6,    1,  -10 },   // 0x330
  {  5682,   5,  11,   6,    1,  -10 },   // 0x331
  {  5689,   5,  11,   6,    1,  -10 },   // 0x332
  {  5696,   5,  11,   6,    1,  -10 },   // 0x333
  {  5703,   5,  11,   6,    1,  -10 },   // 0x334
  {  5710,   5,  11,   6,    1,  -10 },   // 0x335
  {  5717,   5,  11,   6,    1,  -10 },   // 0x336
  {  5724,   5,  11,   6,    1,  -10 },   // 0x337
  {  5731,   5,  11,   6,    1,  -10 },   // 0x338
  {  5738,   5,  11,   6,    1,  -10 },   // 0x339
  {  5745,   5,  11,   6,    1,  -10 },   // 0x33A
  {  5752,   5,  11,   6,    1,  -10 },   // 0x33B
  {  5759,   5,  11,   6,    1,  -10 },   // 0x33C
  {  5766,   5,  11,   6,    1,  -10 },   // 0x33D
  {  5773,   5,  11,   6,    1,  -10 },   // 0x33E
  {  5780,   5,  11,   6,    1,  -10 },   // 0x33F
  {  5787,   5,  11,   6,    1,  -10 },   // 0x340
  {  5794,   5,  11,   6,    1,  -10 },   // 0x341
  {  5801,   5,  11,   6,    1,  -10 },   // 0x342
  {  5808,   5,  11,   6,    1,  -10 },   // 0x343
  {  5815,   5,  11,   6,    1,  -10 },   // 0x344
  {  5822,   5,  11,   6,    1,  -10 },   // 0x345
  {  5829,   5,  11,   6,    1,  -10 },   // 0x346
  {  5836,   5,  11,   6,    1,  -10 },   // 0x347
  {  5843,   5,  11,   6,    1,  -10 },   // 0x348
  {  5850,   5,  11,   6,    1,  -10 },   // 0x349
  {  5857,   5,  11,   6,    1,  -10 },   // 0x34A
  {  5864,   5,  11,   6,    1,  -10 },   // 0x34B
  {  5871,   5,  11,   6,    1,  -10 },   // 0x34C
  {  5878,   5,  11,   6,    1,  -10 },   // 0x34D
  {  5885,   5,  11,   6,    1,  -10 },   // 0x34E
  {  5892,   5,  11,   6,    1,  -10 },   // 0x34F
  {  5899,   5,  11,   6,    1,  -10 },   // 0x350
  {  5906,   5,  11,   6,    1,  -10 },   // 0x351
  {  5913,   5,  11,   6,    1,  -10 },   // 0x352
  {  5920,   5,  11,   6,    1,  -10 },   // 0x353
  {  5927,   5,  11,   6,    1,  -10 },   // 0x354
  {  5934,   5,  11,   6,    1,  -10 },   // 0x355
  {  5941,   5,  11,   6,    1,  -10 },   // 0x356
  {  5948,   5,  11,   6,    1,  -10 },   // 0x357
  {  5955,   5,  11,   6,    1,  -10 },   // 0x358
  {  5962,   5,  11,   6,    1,  -10 },   // 0x359
  {  5969,   5,  11,   6,    1,  -10 },   // 0x35A
  {  5976,   5,  11,   6,    1,  -10 },   // 0x35B
  {  5983,   5,  11,   6,    1,  -10 },   // 0x35C
  {  5990,   5,  11,   6,    1,  -10 },   // 0x35D
  {  5997,   5,  11,   6,    1,  -10 },   // 0x35E
  {  6004,   5,  11,   6,    1,  -10 },   // 0x35F
  {  6011,   5,  11,   6,    1,  -10 },   // 0x360
  {  6018,   5,  11,   6,    1,  -10 },   // 0x361
  {  6025,   5,  11,   6,    1,  -10 },   // 0x362
  {  6032,   5,  11,   6,    1,  -10 },   // 0x363
  {  6039,   5,  11,   6,    1,  -10 },   // 0x364
  {  6046,   5,  11,   6,    1,  -10 },   // 0x365
  {  6053,   5,  11,   6,    1,  -10 },   // 0x366
  {  6060,   5,  11,   6,    1,  -10 },   // 0x367
  {  6067,   5,  11,   6,    1,  -10 },   // 0x368
  {  6074,   5,  11,   6,    1,  -10 },   // 0x369
  {  6081,   5,  11,   6,    1,  -10 },   // 0x36A
  {  6088,   5,  11,   6,    1,  -10 },   // 0x36B
  {  6095,   5,  11,   6,    1,  -10 },   // 0x36C
  {  6102,   5,  11,   6,    1,  -10 },   // 0x36D
  {  6109,   5,  11,   6,    1,  -10 },   // 0x36E
  {  6116,   5,  11,   6,    1,  -10 },   // 0x36F
  {  6123,   5,  11,   6,    1,  -10 },   // 0x370
  {  6130,   5,  11,   6,    1,  -10 },   // 0x371
  {  6137,   5,  11,   6,    1,  -10 },   // 0x372
  {  6144,   5,  11,   6,    1,  -10 },   // 0x373
  {  6151,   5,  11,   6,    1,  -10 },   // 0x374
  {  6158,   5,  11,   6,    1,  -10 },   // 0x375
  {  6165,   5,  11,   6,    1,  -10 },   // 0x376
  {  6172,   5,  11,   6,    1,  -10 },   // 0x377
  {  6179,   5,  11,   6,    1,  -10 },   // 0x378
  {  6186,   5,  11,   6,    1,  -10 },   // 0x379
  {  6193,   5,  11,   6,    1,  -10 },   // 0x37A
  {  6200,   5,  11,   6,    1,  -10 },   // 0x37B
  {  6207,   5,  11,   6,    1,  -10 },   // 0x37C
  {  6214,   5,  11,   6,    1,  -10 },   // 0x37D
  {  6221,   5,  11,   6,    1,  -10 },   // 0x37E
  {  6228,   5,  11,   6,    1,  -10 },   // 0x37F
  {  6235,   5,  11,   6,    1,  -10 },   // 0x380
  {  6242,   5,  11,   6,    1,  -10 },   // 0x381
  {  6249,   5,  11,   6,    1,  -10 },   // 0x382
  {  6256,   5,  11,   6,    1,  -10 },   // 0x383
  {  6263,   5,  11,   6,    1,  -10 },   // 0x384
  {  6270,   5,  11,   6,    1,  -10 },   // 0x385
  {  6277,   5,  11,   6,    1,  -10 },   // 0x386
  {  6284,   5,  11,   6,    1,  -10 },   // 0x387
  {  6291,   5,  11,   6,    1,  -10 },   // 0x388
  {  6298,   5,  11,   6,    1,  -10 },   // 0x389
  {  6305,   5,  11,   6,    1,  -10 },   // 0x38A
  {  6312,   5,  11,   6,    1,  -10 },   // 0x38B
  {  6319,   5,  11,   6,    1,  -10 },   // 0x38C
  {  6326,   5,  11,   6,    1,  -10 },   // 0x38D
  {  6333,   5,  11,   6,    1,  -10 },   // 0x38E
  {  6340,   5,  11,   6,    1,  -10 },   // 0x38F
  {  6347,   5,  11,   6,    1,  -10 },   // 0x390
  {  6354,   5,  11,   6,    1,  -10 },   // 0x391
  {  6361,   5,  11,   6,    1,  -10 },   // 0x392
  {  6368,   5,  11,   6,    1,  -10 },   // 0x393
  {  6375,   5,  11,   6,    1,  -10 },   // 0x394
  {  6382,   5,  11,   6,    1,  -10 },   // 0x395
  {  6389,   5,  11,   6,    1,  -10 },   // 0x396
  {  6396,   5,  11,   6,    1,  -10 },   // 0x397
  {  6403,   5,  11,   6,    1,  -10 },   // 0x398
  {  6410,   5,  11,   6,    1,  -10 },   // 0x399
  {  6417,   5,  11,   6,    1,  -10 },   // 0x39A
  {  6424,   5,  11,   6,    1,  -10 },   // 0x39B
  {  6431,   5,  11,   6,    1,  -10 },   // 0x39C
  {  6438,   5,  11,   6,    1,  -10 },   // 0x39D
  {  6445,   5,  11,   6,    1,  -10 },   // 0x39E
  {  6452,   5,  11,   6,    1,  -10 },   // 0x39F
  {  6459,   5,  11,   6,    1,  -10 },   // 0x3A0
  {  6466,   5,  11,   6,    1,  -10 },   // 0x3A1
  {  6473,   5,  11,   6,    1,  -10 },   // 0x3A2
  {  6480,   5,  11,   6,    1,  -10 },   // 0x3A3
  {  6487,   5,  11,   6,    1,  -10 },   // 0x3A4
  {  6494,   5,  11,   6,    1,  -10 },   // 0x3A5
  {  6501,   5,  11,   6,    1,  -10 },   // 0x3A6
  {  6508,   5,  11,   6,    1,  -10 },   // 0x3A7
  {  6515,   5,  11,   6,    1,  -10 },   // 0x3A8
  {  6522,   5,  11,   6,    1,  -10 },   // 0x3A9
  {  6529,   5,  11,   6,    1,  -10 },   // 0x3AA
  {  6536,   5,  11,   6,    1,  -10 },   // 0x3AB
  {  6543,   5,  11,   6,    1,  -10 },   // 0x3AC
  {  6550,   5,  11,   6,    1,  -10 },   // 0x3AD
  {  6557,   5,  11,   6,    1,  -10 },   // 0x3AE
  {  6564,   5,  11,   6,    1,  -10 },   // 0x3AF
  {  6571,   5,  11,   6,    1,  -10 },   // 0x3B0
  {  6578,   5,  11,   6,    1,  -10 },   // 0x3B1
  {  6585,   5,  11,   6,    1,  -10 },   // 0x3B2
  {  6592,   5,  11,   6,    1,  -10 },   // 0x3B3
  {  6599,   5,  11,   6,    1,  -10 },   // 0x3B4
  {  6606,   5,  11,   6,    1,  -10 },   // 0x3B5
  {  6613,   5,  11,   6,    1,  -10 },   // 0x3B6
  {  6620,   5,  11,   6,    1,  -10 },   // 0x3B7
  {  6627,   5,  11,   6,    1,  -10 },   // 0x3B8
  {  6634,   5,  11,   6,    1,  -10 },   // 0x3B9
  {  6641,   5,  11,   6,    1,  -10 },   // 0x3BA
  {  6648,   5,  11,   6,    1,  -10 },   // 0x3BB
  {  6655,   5,  11,   6,    1,  -10 },   // 0x3BC
  {  6662,   5,  11,   6,    1,  -10 },   // 0x3BD
  {  6669,   5,  11,   6,    1,  -10 },   // 0x3BE
  {  6676,   5,  11,   6,    1,  -10 },   // 0x3BF
  {  6683,   5,  11,   6,    1,  -10 },   // 0x3C0
  {  6690,   5,  11,   6,    1,  -10 },   // 0x3C1
  {  6697,   5,  11,   6,    1,  -10 },   // 0x3C2
  {  6704,   5,  11,   6,    1,  -10 },   // 0x3C3
  {  6711,   5,  11,   6,    1,  -10 },   // 0x3C4
  {  6718,   5,  11,   6,    1,  -10 },   // 0x3C5
  {  6725,   5,  11,   6,    1,  -10 },   // 0x3C6
  {  6732,   5,  11,   6,    1,  -10 },   // 0x3C7
  {  6739,   5,  11,   6,    1,  -10 },   // 0x3C8
  {  6746,   5,  11,   6,    1,  -10 },   // 0x3C9
  {  6753,   5,  11,   6,    1,  -10 },   // 0x3CA
  {  6760,   5,  11,   6,    1,  -10 },   // 0x3CB
  {  6767,   5,  11,   6,    1,  -10 },   // 0x3CC
  {  6774,   5,  11,   6,    1,  -10 },   // 0x3CD
  {  6781,   5,  11,   6,    1,  -10 },   // 0x3CE
  {  6788,   5,  11,   6,    1,  -10 },   // 0x3CF
  {  6795,   5,  11,   6,    1,  -10 },   // 0x3D0
  {  6802,   5,  11,   6,    1,  -10 },   // 0x3D1
  {  6809,   5,  11,   6,    1,  -10 },   // 0x3D2
  {  6816,   5,  11,   6,    1,  -10 },   // 0x3D3
  {  6823,   5,  11,   6,    1,  -10 },   // 0x3D4
  {  6830,   5,  11,   6,    1,  -10 },   // 0x3D5
  {  6837,   5,  11,   6,    1,  -10 },   // 0x3D6
  {  6844,   5,  11,   6,    1,  -10 },   // 0x3D7
  {  6851,   5,  11,   6,    1,  -10 },   // 0x3D8
  {  6858,   5,  11,   6,    1,  -10 },   // 0x3D9
  {  6865,   5,  11,   6,    1,  -10 },   // 0x3DA
  {  6872,   5,  11,   6,    1,  -10 },   // 0x3DB
  {  6879,   5,  11,   6,    1,  -10 },   // 0x3DC
  {  6886,   5,  11,   6,    1,  -10 },   // 0x3DD
  {  6893,   5,  11,   6,    1,  -10 },   // 0x3DE
  {  6900,   5,  11,   6,    1,  -10 },   // 0x3DF
  {  6907,   5,  11,   6,    1,  -10 },   // 0x3E0
  {  6914,   5,  11,   6,    1,  -10 },   // 0x3E1
  {  6921,   5,  11,   6,    1,  -10 },   // 0x3E2
  {  6928,   5,  11,   6,    1,  -10 },   // 0x3E3
  {  6935,   5,  11,   6,    1,  -10 },   // 0x3E4
  {  6942,   5,  11,   6,    1,  -10 },   // 0x3E5
  {  6949,   5,  11,   6,    1,  -10 },   // 0x3E6
  {  6956,   5,  11,   6,    1,  -10 },   // 0x3E7
  {  6963,   5,  11,   6,    1,  -10 },   // 0x3E8
  {  6970,   5,  11,   6,    1,  -10 },   // 0x3E9
  {  6977,   5,  11,   6,    1,  -10 },   // 0x3EA
  {  6984,   5,  11,   6,    1,  -10 },   // 0x3EB
  {  6991,   5,  11,   6,    1,  -10 },   // 0x3EC
  {  6998,   5,  11,   6,    1,  -10 },   // 0x3ED
  {  7005,   5,  11,   6,    1,  -10 },   // 0x3EE
  {  7012,   5,  11,   6,    1,  -10 },   // 0x3EF
  {  7019,   5,  11,   6,    1,  -10 },   // 0x3F0
  {  7026,   5,  11,   6,    1,  -10 },   // 0x3F1
  {  7033,   5,  11,   6,    1,  -10 },   // 0x3F2
  {  7040,   5,  11,   6,    1,  -10 },   // 0x3F3
  {  7047,   5,  11,   6,    1,  -10 },   // 0x3F4
  {  7054,   5,  11,   6,    1,  -10 },   // 0x3F5
  {  7061,   5,  11,   6,    1,  -10 },   // 0x3F6
  {  7068,   5,  11,   6,    1,  -10 },   // 0x3F7
  {  7075,   5,  11,   6,    1,  -10 },   // 0x3F8
  {  7082,   5,  11,   6,    1,  -10 },   // 0x3F9
  {  7089,   5,  11,   6,    1,  -10 },   // 0x3FA
  {  7096,   5,  11,   6,    1,  -10 },   // 0x3FB
  {  7103,   5,  11,   6,    1,  -10 },   // 0x3FC
  {  7110,   5,  11,   6,    1,  -10 },   // 0x3FD
  {  7117,   5,  11,   6,    1,  -10 },   // 0x3FE
  {  7124,   5,  11,   6,    1,  -10 },   // 0x3FF
  {  7131,   5,  11,   6,    1,  -10 },   // 0x400
  {  7138,   5,  11,   6,    1,  -10 },   // 0x401
  {  7145,   5,  11,   6,    1,  -10 },   // 0x402
  {  7152,   5,  11,   6,    1,  -10 },   // 0x403
  {  7159,   5,  11,   6,    1,  -10 },   // 0x404
  {  7166,   5,  11,   6,    1,  -10 },   // 0x405
  {  7173,   5,  11,   6,    1,  -10 },   // 0x406
  {  7180,   5,  11,   6,    1,  -10 },   // 0x407
  {  7187,   5,  11,   6,    1,  -10 },   // 0x408
  {  7194,   5,  11,   6,    1,  -10 },   // 0x409
  {  7201,   5,  11,   6,    1,  -10 },   // 0x40A
  {  7208,   5,  11,   6,    1,  -10 },   // 0x40B
  {  7215,   5,  11,   6,    1,  -10 },   // 0x40C
  {  7222,   5,  11,   6,    1,  -10 },   // 0x40D
  {  7229,   5,  11,   6,    1,  -10 },   // 0x40E
  {  7236,   5,  11,   6,    1,  -10 },   // 0x40F
  {  7243,   5,  11,   6,    1,  -10 },   // 0x410
  {  7250,   5,  11,   6,    1,  -10 },   // 0x411
  {  7257,   5,  11,   6,    1,  -10 },   // 0x412
  {  7264,   5,  11,   6,    1,  -10 },   // 0x413
  {  7271,   5,  11,   6,    1,  -10 },   // 0x414
  {  7278,   5,  11,   6,    1,  -10 },   // 0x415
  {  7285,   5,  11,   6,    1,  -10 },   // 0x416
  {  7292,   5,  11,   6,    1,  -10 },   // 0x417
  {  7299,   5,  11,   6,    1,  -10 },   // 0x418
  {  7306,   5,  11,   6,    1,  -10 },   // 0x419
  {  7313,   5,  11,   6,    1,  -10 },   // 0x41A
  {  7320,   5,  11,   6,    1,  -10 },   // 0x41B
  {  7327,   5,  11,   6,    1,  -10 },   // 0x41C
  {  7334,   5,  11,   6,    1,  -10 },   // 0x41D
  {  7341,   5,  11,   6,    1,  -10 },   // 0x41E
  {  7348,   5,  11,   6,    1,  -10 },   // 0x41F
  {  7355,   5,  11,   6,    1,  -10 },   // 0x420
  {  7362,   5,  11,   6,    1,  -10 },   // 0x421
  {  7369,   5,  11,   6,    1,  -10 },   // 0x422
  {  7376,   5,  11,   6,    1,  -10 },   // 0x423
  {  7383,   5,  11,   6,    1,  -10 },   // 0x424
  {  7390,   5,  11,   6,    1,  -10 },   // 0x425
  {  7397,   5,  11,   6,    1,  -10 },   // 0x426
  {  7404,   5,  11,   6,    1,  -10 },   // 0x427
  {  7411,   5,  11,   6,    1,  -10 },   // 0x428
  {  7418,   5,  11,   6,    1,  -10 },   // 0x429
  {  7425,   5,  11,   6,    1,  -10 },   // 0x42A
  {  7432,   5,  11,   6,    1,  -10 },   // 0x42B
  {  7439,   5,  11,   6,    1,  -10 },   // 0x42C
  {  7446,   5,  11,   6,    1,  -10 },   // 0x42D
  {  7453,   5,  11,   6,    1,  -10 },   // 0x42E
  {  7460,   5,  11,   6,    1,  -10 },   // 0x42F
  {  7467,   5,  11,   6,    1,  -10 },   // 0x430
  {  7474,   5,  11,   6,    1,  -10 },   // 0x431
  {  7481,   5,  11,   6,    1,  -10 },   // 0x432
  {  7488,   5,  11,   6,    1,  -10 },   // 0x433
  {  7495,   5,  11,   6,    1,  -10 },   // 0x434
  {  7502,   5,  11,   6,    1,  -10 },   // 0x435
  {  7509,   5,  11,   6,    1,  -10 },   // 0x436
  {  7516,   5,  11,   6,    1,  -10 },   // 0x437
  {  7523,   5,  11,   6,    1,  -10 },   // 0x438
  {  7530,   5,  11,   6,    1,  -10 },   // 0x439
  {  7537,   5,  11,   6,    1,  -10 },   // 0x43A
  {  7544,   5,  11,   6,    1,  -10 },   // 0x43B
  {  7551,   5,  11,   6,    1,  -10 },   // 0x43C
  {  7558,   5,  11,   6,    1,  -10 },   // 0x43D
  {  7565,   5,  11,   6,    1,  -10 },   // 0x43E
  {  7572,   5,  11,   6,    1,  -10 },   // 0x43F
  {  7579,   5,  11,   6,    1,  -10 },   // 0x440
  {  7586,   5,  11,   6,    1,  -10 },   // 0x441
  {  7593,   5,  11,   6,    1,  -10 },   // 0x442
  {  7600,   5,  11,   6,    1,  -10 },   // 0x443
  {  7607,   5,  11,   6,    1,  -10 },   // 0x444
  {  7614,   5,  11,   6,    1,  -10 },   // 0x445
  {  7621,   5,  11,   6,    1,  -10 },   // 0x446
  {  7628,   5,  11,   6,    1,  -10 },   // 0x447
  {  7635,   5,  11,   6,    1,  -10 },   // 0x448
  {  7642,   5,  11,   6,    1,  -10 },   // 0x449
  {  7649,   5,  11,   6,    1,  -10 },   // 0x44A
  {  7656,   5,  11,   6,    1,  -10 },   // 0x44B
  {  7663,   5,  11,   6,    1,  -10 },   // 0x44C
  {  7670,   5,  11,   6,    1,  -10 },   // 0x44D
  {  7677,   5,  11,   6,    1,  -10 },   // 0x44E
  {  7684,   5,  11,   6,    1,  -10 },   // 0x44F
  {  7691,   5,  11,   6,    1,  -10 },   // 0x450
  {  7698,   5,  11,   6,    1,  -10 },   // 0x451
  {  7705,   5,  11,   6,    1,  -10 },   // 0x452
  {  7712,   5,  11,   6,    1,  -10 },   // 0x453
  {  7719,   5,  11,   6,    1,  -10 },   // 0x454
  {  7726,   5,  11,   6,    1,  -10 },   // 0x455
  {  7733,   5,  11,   6,    1,  -10 },   // 0x456
  {  7740,   5,  11,   6,    1,  -10 },   // 0x457
  {  7747,   5,  11,   6,    1,  -10 },   // 0x458
  {  7754,   5,  11,   6,    1,  -10 },   // 0x459
  {  7761,   5,  11,   6,    1,  -10 },   // 0x45A
  {  7768,   5,  11,   6,    1,  -10 },   // 0x45B
  {  7775,   5,  11,   6,    1,  -10 },   // 0x45C
  {  7782,   5,  11,   6,    1,  -10 },   // 0x45D
  {  7789,   5,  11,   6,    1,  -10 },   // 0x45E
  {  7796,   5,  11,   6,    1,  -10 },   // 0x45F
  {  7803,   5,  11,   6,    1,  -10 },   // 0x460
  {  7810,   5,  11,   6,    1,  -10 },   // 0x461
  {  7817,   5,  11,   6,    1,  -10 },   // 0x462
  {  7824,   5,  11,   6,    1,  -10 },   // 0x463
  {  7831,   5,  11,   6,    1,  -10 },   // 0x464
  {  7838,   5,  11,   6,    1,  -10 },   // 0x465
  {  7845,   5,  11,   6,    1,  -10 },   // 0x466
  {  7852,   5,  11,   6,    1,  -10 },   // 0x467
  {  7859,   5,  11,   6,    1,  -10 },   // 0x468
  {  7866,   5,  11,   6,    1,  -10 },   // 0x469
  {  7873,   5,  11,   6,    1,  -10 },   // 0x46A
  {  7880,   5,  11,   6,    1,  -10 },   // 0x46B
  {  7887,   5,  11,   6,    1,  -10 },   // 0x46C
  {  7894,   5,  11,   6,    1,  -10 },   // 0x46D
  {  7901,   5,  11,   6,    1,  -10 },   // 0x46E
  {  7908,   5,  11,   6,    1,  -10 },   // 0x46F
  {  7915,   5,  11,   6,    1,  -10 },   // 0x470
  {  7922,   5,  11,   6,    1,  -10 },   // 0x471
  {  7929,   5,  11,   6,    1,  -10 },   // 0x472
  {  7936,   5,  11,   6,    1,  -10 },   // 0x473
  {  7943,   5,  11,   6,    1,  -10 },   // 0x474
  {  7950,   5,  11,   6,    1,  -10 },   // 0x475
  {  7957,   5,  11,   6,    1,  -10 },   // 0x476
  {  7964,   5,  11,   6,    1,  -10 },   // 0x477
  {  7971,   5,  11,   6,    1,  -10 },   // 0x478
  {  7978,   5,  11,   6,    1,  -10 },   // 0x479
  {  7985,   5,  11,   6,    1,  -10 },   // 0x47A
  {  7992,   5,  11,   6,    1,  -10 },   // 0x47B
  {  7999,   5,  11,   6,    1,  -10 },   // 0x47C
  {  8006,   5,  11,   6,    1,  -10 },   // 0x47D
  {  8013,   5,  11,   6,    1,  -10 },   // 0x47E
  {  8020,   5,  11,   6,    1,  -10 },   // 0x47F
  {  8027,   5,  11,   6,    1,  -10 },   // 0x480
  {  8034,   5,  11,   6,    1,  -10 },   // 0x481
  {  8041,   5,  11,   6,    1,  -10 },   // 0x482
  {  8048,   5,  11,   6,    1,  -10 },   // 0x483
  {  8055,   5,  11,   6,    1,  -10 },   // 0x484
  {  8062,   5,  11,   6,    1,  -10 },   // 0x485
  {  8069,   5,  11,   6,    1,  -10 },   // 0x486
  {  8076,   5,  11,   6,    1,  -10 },   // 0x487
  {  8083,   5,  11,   6,    1,  -10 },   // 0x488
  {  8090,   5,  11,   6,    1,  -10 },   // 0x489
  {  8097,   5,  11,   6,    1,  -10 },   // 0x48A
  {  8104,   5,  11,   6,    1,  -10 },   // 0x48B
  {  8111,   5,  11,   6,    1,  -10 },   // 0x48C
  {  8118,   5,  11,   6,    1,  -10 },   // 0x48D
  {  8125,   5,  11,   6,    1,  -10 },   // 0x48E
  {  8132,   5,  11,   6,    1,  -10 },   // 0x48F
  {  8139,   5,  11,   6,    1,  -10 },   // 0x490
  {  8146,   5,  11,   6,    1,  -10 },   // 0x491
  {  8153,   5,  11,   6,    1,  -10 },   // 0x492
  {  8160,   5,  11,   6,    1,  -10 },   // 0x493
  {  8167,   5,  11,   6,    1,  -10 },   // 0x494
  {  8174,   5,  11,   6,    1,  -10 },   // 0x495
  {  8181,   5,  11,   6,    1,  -10 },   // 0x496
  {  8188,   5,  11,   6,    1,  -10 },   // 0x497
  {  8195,   5,  11,   6,    1,  -10 },   // 0x498
  {  8202,   5,  11,   6,    1,  -10 },   // 0x499
  {  8209,   5,  11,   6,    1,  -10 },   // 0x49A
  {  8216,   5,  11,   6,    1,  -10 },   // 0x49B
  {  8223,   5,  11,   6,    1,  -10 },   // 0x49C
  {  8230,   5,  11,   6,    1,  -10 },   // 0x49D
  {  8237,   5,  11,   6,    1,  -10 },   // 0x49E
  {  8244,   5,  11,   6,    1,  -10 },   // 0x49F
  {  8251,   5,  11,   6,    1,  -10 },   // 0x4A0
  {  8258,   5,  11,   6,    1,  -10 },   // 0x4A1
  {  8265,   5,  11,   6,    1,  -10 },   // 0x4A2
  {  8272,   5,  11,   6,    1,  -10 },   // 0x4A3
  {  8279,   5,  11,   6,    1,  -10 },   // 0x4A4
  {  8286,   5,  11,   6,    1,  -10 },   // 0x4A5
  {  8293,   5,  11,   6,    1,  -10 },   // 0x4A6
  {  8300,   5,  11,   6,    1,  -10 },   // 0x4A7
  {  8307,   5,  11,   6,    1,  -10 },   // 0x4A8
  {  8314,   5,  11,   6,    1,  -10 },   // 0x4A9
  {  8321,   5,  11,   6,    1,  -10 },   // 0x4AA
  {  8328,   5,  11,   6,    1,  -10 },   // 0x4AB
  {  8335,   5,  11,   6,    1,  -10 },   // 0x4AC
  {  8342,   5,  11,   6,    1,  -10 },   // 0x4AD
  {  8349,   5,  11,   6,    1,  -10 },   // 0x4AE
  {  8356,   5,  11,   6,    1,  -10 },   // 0x4AF
  {  8363,   5,  11,   6,    1,  -10 },   // 0x4B0
  {  8370,   5,  11,   6,    1,  -10 },   // 0x4B1
  {  8377,   5,  11,   6,    1,  -10 },   // 0x4B2
  {  8384,   5,  11,   6,    1,  -10 },   // 0x4B3
  {  8391,   5,  11,   6,    1,  -10 },   // 0x4B4
  {  8398,   5,  11,   6,    1,  -10 },   // 0x4B5
  {  8405,   5,  11,   6,    1,  -10 },   // 0x4B6
  {  8412,   5,  11,   6,    1,  -10 },   // 0x4B7
  {  8419,   5,  11,   6,    1,  -10 },   // 0x4B8
  {  8426,   5,  11,   6,    1,  -10 },   // 0x4B9
  {  8433,   5,  11,   6,    1,  -10 },   // 0x4BA
  {  8440,   5,  11,   6,    1,  -10 },   // 0x4BB
  {  8447,   5,  11,   6,    1,  -10 },   // 0x4BC
  {  8454,   5,  11,   6,    1,  -10 },   // 0x4BD
  {  8461,   5,  11,   6,    1,  -10 },   // 0x4BE
  {  8468,   5,  11,   6,    1,  -10 },   // 0x4BF
  {  8475,   5,  11,   6,    1,  -10 },   // 0x4C0
  {  8482,   5,  11,   6,    1,  -10 },   // 0x4C1
  {  8489,   5,  11,   6,    1,  -10 },   // 0x4C2
  {  8496,   5,  11,   6,    1,  -10 },   // 0x4C3
  {  8503,   5,  11,   6,    1,  -10 },   // 0x4C4
  {  8510,   5,  11,   6,    1,  -10 },   // 0x4C5
  {  8517,   5,  11,   6,    1,  -10 },   // 0x4C6
  {  8524,   5,  11,   6,    1,  -10 },   // 0x4C7
  {  8531,   5,  11,   6,    1,  -10 },   // 0x4C8
  {  8538,   5,  11,   6,    1,  -10 },   // 0x4C9
  {  8545,   5,  11,   6,    1,  -10 },   // 0x4CA
  {  8552,   5,  11,   6,    1,  -10 },   // 0x4CB
  {  8559,   5,  11,   6,    1,  -10 },   // 0x4CC
  {  8566,   5,  11,   6,    1,  -10 },   // 0x4CD
  {  8573,   5,  11,   6,    1,  -10 },   // 0x4CE
  {  8580,   5,  11,   6,    1,  -10 },   // 0x4CF
  {  8587,   5,  11,   6,    1,  -10 },   // 0x4D0
  {  8594,   5,  11,   6,    1,  -10 },   // 0x4D1
  {  8601,   5,  11,   6,    1,  -10 },   // 0x4D2
  {  8608,   5,  11,   6,    1,  -10 },   // 0x4D3
  {  8615,   5,  11,   6,    1,  -10 },   // 0x4D4
  {  8622,   5,  11,   6,    1,  -10 },   // 0x4D5
  {  8629,   5,  11,   6,    1,  -10 },   // 0x4D6
  {  8636,   5,  11,   6,    1,  -10 },   // 0x4D7
  {  8643,   5,  11,   6,    1,  -10 },   // 0x4D8
  {  8650,   5,  11,   6,    1,  -10 },   // 0x4D9
  {  8657,   5,  11,   6,    1,  -10 },   // 0x4DA
  {  8664,   5,  11,   6,    1,  -10 },   // 0x4DB
  {  8671,   5,  11,   6,    1,  -10 },   // 0x4DC
  {  8678,   5,  11,   6,    1,  -10 },   // 0x4DD
  {  8685,   5,  11,   6,    1,  -10 },   // 0x4DE
  {  8692,   5,  11,   6,    1,  -10 },   // 0x4DF
  {  8699,   5,  11,   6,    1,  -10 },   // 0x4E0
  {  8706,   5,  11,   6,    1,  -10 },   // 0x4E1
  {  8713,   5,  11,   6,    1,  -10 },   // 0x4E2
  {  8720,   5,  11,   6,    1,  -10 },   // 0x4E3
  {  8727,   5,  11,   6,    1,  -10 },   // 0x4E4
  {  8734,   5,  11,   6,    1,  -10 },   // 0x4E5
  {  8741,   5,  11,   6,    1,  -10 },   // 0x4E6
  {  8748,   5,  11,   6,    1,  -10 },   // 0x4E7
  {  8755,   5,  11,   6,    1,  -10 },   // 0x4E8
  {  8762,   5,  11,   6,    1,  -10 },   // 0x4E9
  {  8769,   5,  11,   6,    1,  -10 },   // 0x4EA
  {  8776,   5,  11,   6,    1,  -10 },   // 0x4EB
  {  8783,   5,  11,   6,    1,  -10 },   // 0x4EC
  {  8790,   5,  11,   6,    1,  -10 },   // 0x4ED
  {  8797,   5,  11,   6,    1,  -10 },   // 0x4EE
  {  8804,   5,  11,   6,    1,  -10 },   // 0x4EF
  {  8811,   5,  11,   6,    1,  -10 },   // 0x4F0
  {  8818,   5,  11,   6,    1,  -10 },   // 0x4F1
  {  8825,   5,  11,   6,    1,  -10 },   // 0x4F2
  {  8832,   5,  11,   6,    1,  -10 },   // 0x4F3
  {  8839,   5,  11,   6,    1,  -10 },   // 0x4F4
  {  8846,   5,  11,   6,    1,  -10 },   // 0x4F5
  {  8853,   5,  11,   6,    1,  -10 },   // 0x4F6
  {  8860,   5,  11,   6,    1,  -10 },   // 0x4F7
  {  8867,   5,  11,   6,    1,  -10 },   // 0x4F8
  {  8874,   5,  11,   6,    1,  -10 },   // 0x4F9
  {  8881,   5,  11,   6,    1,  -10 },   // 0x4FA
  {  8888,   5,  11,   6,    1,  -10 },   // 0x4FB
  {  8895,   5,  11,   6,    1,  -10 },   // 0x4FC
  {  8902,   5,  11,   6,    1,  -10 },   // 0x4FD
  {  8909,   5,  11,   6,    1,  -10 },   // 0x4FE
  {  8916,   5,  11,   6,    1,  -10 },   // 0x4FF
  {  8923,   5,  11,   6,    1,  -10 },   // 0x500
  {  8930,   5,  11,   6,    1,  -10 },   // 0x501
  {  8937,   5,  11,   6,    1,  -10 },   // 0x502
  {  8944,   5,  11,   6,    1,  -10 },   // 0x503
  {  8951,   5,  11,   6,    1,  -10 },   // 0x504
  {  8958,   5,  11,   6,    1,  -10 },   // 0x505
  {  8965,   5,  11,   6,    1,  -10 },   // 0x506
  {  8972,   5,  11,   6,    1,  -10 },   // 0x507
  {  8979,   5,  11,   6,    1,  -10 },   // 0x508
  {  8986,   5,  11,   6,    1,  -10 },   // 0x509
  {  8993,   5,  11,   6,    1,  -10 },   // 0x50A
  {  9000,   5,  11,   6,    1,  -10 },   // 0x50B
  {  9007,   5,  11,   6,    1,  -10 },   // 0x50C
  {  9014,   5,  11,   6,    1,  -10 },   // 0x50D
  {  9021,   5,  11,   6,    1,  -10 },   // 0x50E
  {  9028,   5,  11,   6,    1,  -10 },   // 0x50F
  {  9035,   5,  11,   6,    1,  -10 },   // 0x510
  {  9042,   5,  11,   6,    1,  -10 },   // 0x511
  {  9049,   5,  11,   6,    1,  -10 },   // 0x512
  {  9056,   5,  11,   6,    1,  -10 },   // 0x513
  {  9063,   5,  11,   6,    1,  -10 },   // 0x514
  {  9070,   5,  11,   6,    1,  -10 },   // 0x515
  {  9077,   5,  11,   6,    1,  -10 },   // 0x516
  {  9084,   5,  11,   6,    1,  -10 },   // 0x517
  {  9091,   5,  11,   6,    1,  -10 },   // 0x518
  {  9098,   5,  11,   6,    1,  -10 },   // 0x519
  {  9105,   5,  11,   6,    1,  -10 },   // 0x51A
  {  9112,   5,  11,   6,    1,  -10 },   // 0x51B
  {  9119,   5,  11,   6,    1,  -10 },   // 0x51C
  {  9126,   5,  11,   6,    1,  -10 },   // 0x51D
  {  9133,   5,  11,   6,    1,  -10 },   // 0x51E
  {  9140,   5,  11,   6,    1,  -10 },   // 0x51F
  {  9147,   5,  11,   6,    1,  -10 },   // 0x520
  {  9154,   5,  11,   6,    1,  -10 },   // 0x521
  {  9161,   5,  11,   6,    1,  -10 },   // 0x522
  {  9168,   5,  11,   6,    1,  -10 },   // 0x523
  {  9175,   5,  11,   6,    1,  -10 },   // 0x524
  {  9182,   5,  11,   6,    1,  -10 },   // 0x525
  {  9189,   5,  11,   6,    1,  -10 },   // 0x526
  {  9196,   5,  11,   6,    1,  -10 },   // 0x527
  {  9203,   5,  11,   6,    1,  -10 },   // 0x528
  {  9210,   5,  11,   6,    1,  -10 },   // 0x529
  {  9217,   5,  11,   6,    1,  -10 },   // 0x52A
  {  9224,   5,  11,   6,    1,  -10 },   // 0x52B
  {  9231,   5,  11,   6,    1,  -10 },   // 0x52C
  {  9238,   5,  11,   6,    1,  -10 },   // 0x52D
  {  9245,   5,  11,   6,    1,  -10 },   // 0x52E
  {  9252,   5,  11,   6,    1,  -10 },   // 0x52F
  {  9259,   5,  11,   6,    1,  -10 },   // 0x530
  {  9266,   5,  11,   6,    1,  -10 },   // 0x531
  {  9273,   5,  11,   6,    1,  -10 },   // 0x532
  {  9280,   5,  11,   6,    1,  -10 },   // 0x533
  {  9287,   5,  11,   6,    1,  -10 },   // 0x534
  {  9294,   5,  11,   6,    1,  -10 },   // 0x535
  {  9301,   5,  11,   6,    1,  -10 },   // 0x536
  {  9308,   5,  11,   6,    1,  -10 },   // 0x537
  {  9315,   5,  11,   6,    1,  -10 },   // 0x538
  {  9322,   5,  11,   6,    1,  -10 },   // 0x539
  {  9329,   5,  11,   6,    1,  -10 },   // 0x53A
  {  9336,   5,  11,   6,    1,  -10 },   // 0x53B
  {  9343,   5,  11,   6,    1,  -10 },   // 0x53C
  {  9350,   5,  11,   6,    1,  -10 },   // 0x53D
  {  9357,   5,  11,   6,    1,  -10 },   // 0x53E
  {  9364,   5,  11,   6,    1,  -10 },   // 0x53F
  {  9371,   5,  11,   6,    1,  -10 },   // 0x540
  {  9378,   5,  11,   6,    1,  -10 },   // 0x541
  {  9385,   5,  11,   6,    1,  -10 },   // 0x542
  {  9392,   5,  11,   6,    1,  -10 },   // 0x543
  {  9399,   5,  11,   6,    1,  -10 },   // 0x544
  {  9406,   5,  11,   6,    1,  -10 },   // 0x545
  {  9413,   5,  11,   6,    1,  -10 },   // 0x546
  {  9420,   5,  11,   6,    1,  -10 },   // 0x547
  {  9427,   5,  11,   6,    1,  -10 },   // 0x548
  {  9434,   5,  11,   6,    1,  -10 },   // 0x549
  {  9441,   5,  11,   6,    1,  -10 },   // 0x54A
  {  9448,   5,  11,   6,    1,  -10 },   // 0x54B
  {  9455,   5,  11,   6,    1,  -10 },   // 0x54C
  {  9462,   5,  11,   6,    1,  -10 },   // 0x54D
  {  9469,   5,  11,   6,    1,  -10 },   // 0x54E
  {  9476,   5,  11,   6,    1,  -10 },   // 0x54F
  {  9483,   5,  11,   6,    1,  -10 },   // 0x550
  {  9490,   5,  11,   6,    1,  -10 },   // 0x551
  {  9497,   5,  11,   6,    1,  -10 },   // 0x552
  {  9504,   5,  11,   6,    1,  -10 },   // 0x553
  {  9511,   5,  11,   6,    1,  -10 },   // 0x554
  {  9518,   5,  11,   6,    1,  -10 },   // 0x555
  {  9525,   5,  11,   6,    1,  -10 },   // 0x556
  {  9532,   5,  11,   6,    1,  -10 },   // 0x557
  {  9539,   5,  11,   6,    1,  -10 },   // 0x558
  {  9546,   5,  11,   6,    1,  -10 },   // 0x559
  {  9553,   5,  11,   6,    1,  -10 },   // 0x55A
  {  9560,   5,  11,   6,    1,  -10 },   // 0x55B
  {  9567,   5,  11,   6,    1,  -10 },   // 0x55C
  {  9574,   5,  11,   6,    1,  -10 },   // 0x55D
  {  9581,   5,  11,   6,    1,  -10 },   // 0x55E
  {  9588,   5,  11,   6,    1,  -10 },   // 0x55F
  {  9595,   5,  11,   6,    1,  -10 },   // 0x560
  {  9602,   5,  11,   6,    1,  -10 },   // 0x561
  {  9609,   5,  11,   6,    1,  -10 },   // 0x562
  {  9616,   5,  11,   6,    1,  -10 },   // 0x563
  {  9623,   5,  11,   6,    1,  -10 },   // 0x564
  {  9630,   5,  11,   6,    1,  -10 },   // 0x565
  {  9637,   5,  11,   6,    1,  -10 },   // 0x566
  {  9644,   5,  11,   6,    1,  -10 },   // 0x567
  {  9651,   5,  11,   6,    1,  -10 },   // 0x568
  {  9658,   5,  11,   6,    1,  -10 },   // 0x569
  {  9665,   5,  11,   6,    1,  -10 },   // 0x56A
  {  9672,   5,  11,   6,    1,  -10 },   // 0x56B
  {  9679,   5,  11,   6,    1,  -10 },   // 0x56C
  {  9686,   5,  11,   6,    1,  -10 },   // 0x56D
  {  9693,   5,  11,   6,    1,  -10 },   // 0x56E
  {  9700,   5,  11,   6,    1,  -10 },   // 0x56F
  {  9707,   5,  11,   6,    1,  -10 },   // 0x570
  {  9714,   5,  11,   6,    1,  -10 },   // 0x571
  {  9721,   5,  11,   6,    1,  -10 },   // 0x572
  {  9728,   5,  11,   6,    1,  -10 },   // 0x573
  {  9735,   5,  11,   6,    1,  -10 },   // 0x574
  {  9742,   5,  11,   6,    1,  -10 },   // 0x575
  {  9749,   5,  11,   6,    1,  -10 },   // 0x576
  {  9756,   5,  11,   6,    1,  -10 },   // 0x577
  {  9763,   5,  11,   6,    1,  -10 },   // 0x578
  {  9770,   5,  11,   6,    1,  -10 },   // 0x579
  {  9777,   5,  11,   6,    1,  -10 },   // 0x57A
  {  9784,   5,  11,   6,    1,  -10 },   // 0x57B
  {  9791,   5,  11,   6,    1,  -10 },   // 0x57C
  {  9798,   5,  11,   6,    1,  -10 },   // 0x57D
  {  9805,   5,  11,   6,    1,  -10 },   // 0x57E
  {  9812,   5,  11,   6,    1,  -10 },   // 0x57F
  {  9819,   5,  11,   6,    1,  -10 },   // 0x580
  {  9826,   5,  11,   6,    1,  -10 },   // 0x581
  {  9833,   5,  11,   6,    1,  -10 },   // 0x582
  {  9840,   5,  11,   6,    1,  -10 },   // 0x583
  {  9847,   5,  11,   6,    1,  -10 },   // 0x584
  {  9854,   5,  11,   6,    1,  -10 },   // 0x585
  {  9861,   5,  11,   6,    1,  -10 },   // 0x586
  {  9868,   5,  11,   6,    1,  -10 },   // 0x587
  {  9875,   5,  11,   6,    1,  -10 },   // 0x588
  {  9882,   5,  11,   6,    1,  -10 },   // 0x589
  {  9889,   5,  11,   6,    1,  -10 },   // 0x58A
  {  9896,   5,  11,   6,    1,  -10 },   // 0x58B
  {  9903,   5,  11,   6,    1,  -10 },   // 0x58C
  {  9910,   5,  11,   6,    1,  -10 },   // 0x58D
  {  9917,   5,  11,   6,    1,  -10 },   // 0x58E
  {  9924,   5,  11,   6,    1,  -10 },   // 0x58F
  {  9931,   5,  11,   6,    1,  -10 },   // 0x590
  {  9938,   5,  11,   6,    1,  -10 },   // 0x591
  {  9945,   5,  11,   6,    1,  -10 },   // 0x592
  {  9952,   5,  11,   6,    1,  -10 },   // 0x593
  {  9959,   5,  11,   6,    1,  -10 },   // 0x594
  {  9966,   5,  11,   6,    1,  -10 },   // 0x595
  {  9973,   5,  11,   6,    1,  -10 },   // 0x596
  {  9980,   5,  11,   6,    1,  -10 },   // 0x597
  {  9987,   5,  11,   6,    1,  -10 },   // 0x598
  {  9994,   5,  11,   6,    1,  -10 },   // 0x599
  { 10001,   5,  11,   6,    1,  -10 },   // 0x59A
  { 10008,   5,  11,   6,    1,  -10 },   // 0x59B
  { 10015,   5,  11,   6,    1,  -10 },   // 0x59C
  { 10022,   5,  11,   6,    1,  -10 },   // 0x59D
  { 10029,   5,  11,   6,    1,  -10 },   // 0x59E
  { 10036,   5,  11,   6,    1,  -10 },   // 0x59F
  { 10043,   5,  11,   6,    1,  -10 },   // 0x5A0
  { 10050,   5,  11,   6,    1,  -10 },   // 0x5A1
  { 10057,   5,  11,   6,    1,  -10 },   // 0x5A2
  { 10064,   5,  11,   6,    1,  -10 },   // 0x5A3
  { 10071,   5,  11,   6,    1,  -10 },   // 0x5A4
  { 10078,   5,  11,   6,    1,  -10 },   // 0x5A5
  { 10085,   5,  11,   6,    1,  -10 },   // 0x5A6
  { 10092,   5,  11,   6,    1,  -10 },   // 0x5A7
  { 10099,   5,  11,   6,    1,  -10 },   // 0x5A8
  { 10106,   5,  11,   6,    1,  -10 },   // 0x5A9
  { 10113,   5,  11,   6,    1,  -10 },   // 0x5AA
  { 10120,   5,  11,   6,    1,  -10 },   // 0x5AB
  { 10127,   5,  11,   6,    1,  -10 },   // 0x5AC
  { 10134,   5,  11,   6,    1,  -10 },   // 0x5AD
  { 10141,   5,  11,   6,    1,  -10 },   // 0x5AE
  { 10148,   5,  11,   6,    1,  -10 },   // 0x5AF
  { 10155,   1,   3,   0,    4,    2 },   // 0x5B0
  { 10156,   6,   3,   0,    2,    2 },   // 0x5B1
  { 10159,   6,   3,   0,    2,    2 },   // 0x5B2
  { 10162,   4,   3,   0,    3,    2 },   // 0x5B3
  { 10164,   1,   1,   0,    4,    2 },   // 0x5B4
  { 10165,   4,   1,   0,    3,    2 },   // 0x5B5
  { 10166,   4,   3,   0,    3,    2 },   // 0x5B6
  { 10168,   3,   1,   0,    3,    2 },   // 0x5B7
  { 10169,   3,   2,   0,    4,    2 },   // 0x5B8
  { 10170,   1,   1,   0,    4,  -11 },   // 0x5B9
  { 10171,   1,   1,   0,    4,  -11 },   // 0x5BA
  { 10172,   4,   3,   0,    3,    2 },   // 0x5BB
  { 10174,   1,   1,   0,    4,   -4 },   // 0x5BC
  { 10175,   1,   3,  10,    5,    2 },   // 0x5BD
  { 10176,   4,   1,   5,    1,   -9 },   // 0x5BE
  { 10177,   5,  11,   6,    1,  -10 },   // 0x5BF
  { 10184,   5,  11,   6,    1,  -10 },   // 0x5C0
  { 10191,   1,   1,   0,    4,  -11 },   // 0x5C1
  { 10192,   1,   1,   0,    4,  -11 },   // 0x5C2
  { 10193,   5,  11,   6,    1,  -10 },   // 0x5C3
  { 10200,   5,  11,   6,    1,  -10 },   // 0x5C4
  { 10207,   5,  11,   6,    1,  -10 },   // 0x5C5
  { 10214,   5,  11,   6,    1,  -10 },   // 0x5C6
  { 10221,   3,   2,   0,    1,    2 },   // 0x5C7
  { 10222,   5,  11,   6,    1,  -10 },   // 0x5C8
  { 10229,   5,  11,   6,    1,  -10 },   // 0x5C9
  { 10236,   5,  11,   6,    1,  -10 },   // 0x5CA
  { 10243,   5,  11,   6,    1,  -10 },   // 0x5CB
  { 10250,   5,  11,   6,    1,  -10 },   // 0x5CC
  { 10257,   5,  11,   6,    1,  -10 },   // 0x5CD
  { 10264,   5,  11,   6,    1,  -10 },   // 0x5CE
  { 10271,   5,  11,   6,    1,  -10 },   // 0x5CF
  { 10278,   7,  10,   9,    1,   -9 },   // 0x5D0
  { 10287,   7,  10,   9,    1,   -9 },   // 0x5D1
  { 10296,   5,  10,   7,    0,   -9 },   // 0x5D2
  { 10303,   6,  10,   8,    1,   -9 },   // 0x5D3
  { 10311,   7,  10,  10,    1,   -9 },   // 0x5D4
  { 10320,   1,  10,   4,    1,   -9 },   // 0x5D5
  { 10322,   3,  10,   5,    1,   -9 },   // 0x5D6
  { 10326,   7,  10,  10,    1,   -9 },   // 0x5D7
  { 10335,   8,  10,  10,    1,   -9 },   // 0x5D8
  { 10345,   1,   7,   4,    1,   -9 },   // 0x5D9
  { 10346,   6,  14,   8,    0,   -9 },   // 0x5DA
  { 10357,   6,  10,   7,    0,   -9 },   // 0x5DB
  { 10365,   6,  12,   8,    1,  -11 },   // 0x5DC
  { 10374,   7,  10,  10,    1,   -9 },   // 0x5DD
  { 10383,   7,  10,  10,    1,   -9 },   // 0x5DE
  { 10392,   2,  14,   4,    0,   -9 },   // 0x5DF
  { 10396,   4,  10,   7,    1,   -9 },   // 0x5E0
  { 10401,   7,  10,   9,    1,   -9 },   // 0x5E1
  { 10410,   8,  10,  10,    1,   -9 },   // 0x5E2
  { 10420,   7,  14,   9,    1,   -9 },   // 0x5E3
  { 10433,   7,  10,   9,    1,   -9 },   // 0x5E4
  { 10442,   6,  14,   8,    0,   -9 },   // 0x5E5
  { 10453,   7,  10,   9,    1,   -9 },   // 0x5E6
  { 10462,   7,  14,   9,    1,   -9 },   // 0x5E7
  { 10475,   6,  10,   8,    0,   -9 },   // 0x5E8
  { 10483,  10,  10,  12,    1,   -9 },   // 0x5E9
  { 10496,   9,  10,  10,    0,   -9 } }; // 0x5EA

const GFXfont opensanshebrew_regular_webfont8pt8b PROGMEM = {
  (uint8_t  *)opensanshebrew_regular_webfont8pt8bBitmaps,
  (GFXglyph *)opensanshebrew_regular_webfont8pt8bGlyphs,
  0x20, 0x5EA, 19 };

// Approx. 20896 bytes
